<?xml version='1.0' encoding='UTF-8' ?><!--
Created by Alight Motion (http://alightmotion.com)
Exported: 2025-07-29 10:55 PM
5.0.275 (1002592)
a34a6c0 (Oct 7, 2024 3:17:29 PM)
-->
<scene title="AE LIKE CC BY FAN" width="1920" height="1080" exportWidth="1920" exportHeight="1080" precompose="dynamicResolution" bgcolor="#ff000000" totalTime="47249" fps="60" modifiedTime="1753811704321" amver="1002592" ffver="106" am="com.alightcreative.motion/5.0.275" amplatform="android" retime="freeze" retimeAdaptFPS="false">
  <shape id="10716722" label="ayyan EXCLUSIVE CC" startTime="0" endTime="47249" fillType="color" blending="subtract" mediaFillMode="stretch" s=".rect">
    <transform>
      <location value="904.769531,427.411896,0.000000" />
      <scale value="10.310447,12.888058" />
      <opacity value="0.650000" />
    </transform>
    <fillColor value="#ffb9d86c" />
    <effect id="com.alightcreative.effects.lift" locallyApplied="false">
      <property name="fill" type="float" value="0.000000" />
    </effect>
    <effect id="com.alightcreative.effects.innerblur" locallyApplied="false">
      <property name="strength" type="float" value="0.130000" />
      <property name="iter" type="float" value="2.000000" />
    </effect>
    <effect id="com.alightcreative.effects.exposure" locallyApplied="false">
      <property name="exposure" type="float" value="-0.800000" />
      <property name="gamma" type="float" value="1.000000" />
      <property name="offset" type="float" value="0.000000" />
    </effect>
    <property name="size" type="vec2" value="100.000000,100.000000" />
  </shape>
  <shape id="10716723" label="ayyan EXCLUSIVE CC" startTime="0" endTime="47249" fillType="color" blending="overlay" mediaFillMode="stretch" s=".rect">
    <transform>
      <location value="904.769531,427.411896,0.000000" />
      <scale value="10.310447,12.888058" />
      <opacity value="0.603516" />
    </transform>
    <property name="size" type="vec2" value="100.000000,100.000000" />
  </shape>
  <shape id="10716724" label="ayyan EXCLUSIVE CC" startTime="0" endTime="47249" fillType="gradient" blending="multiply" mediaFillMode="stretch" s=".rect">
    <transform>
      <location value="904.769531,427.411896,0.000000" />
      <scale value="10.310447,12.888058" />
      <opacity value="0.650000" />
    </transform>
    <fillColor>
      <kf t="0.000868" v="#ffffffff" />
    </fillColor>
    <gradient type="linear" startColor="#ff000000" endColor="#ffffffff" start="0.501572,1.245283" end="0.536165,0.174528" />
    <property name="size" type="vec2" value="100.000000,100.000000" />
  </shape>
  <shape id="10716725" label="ayyan EXCLUSIVE CC" startTime="0" endTime="47249" fillType="color" mediaFillMode="stretch" s=".rect">
    <transform>
      <location value="904.769531,427.411896,0.000000" />
      <scale value="5.116848,5.186342" />
      <opacity value="0.700000" />
    </transform>
    <fillColor value="#ff55f388" />
    <effect id="com.alightcreative.effects.lift" locallyApplied="false">
      <property name="fill" type="float" value="0.000000" />
    </effect>
    <effect id="com.alightcreative.effects.channelmap" locallyApplied="false">
      <property name="blue" type="int" value="1" />
      <property name="red" type="int" value="0" />
      <property name="green" type="int" value="1" />
      <property name="alpha" type="int" value="3" />
    </effect>
    <effect id="com.alightcreative.effects.channelmap" locallyApplied="false">
      <property name="blue" type="int" value="1" />
      <property name="red" type="int" value="0" />
      <property name="green" type="int" value="1" />
      <property name="alpha" type="int" value="3" />
    </effect>
    <property name="size" type="vec2" value="201.500000,248.500000" />
  </shape>
  <shape id="10716726" label="ayyan EXCLUSIVE CC" startTime="0" endTime="47249" fillType="color" blending="linear-dodge" mediaFillMode="stretch" s=".rect">
    <transform>
      <location value="904.769531,427.411896,0.000000" />
      <scale value="10.310447,12.888060" />
    </transform>
    <fillColor value="#ffd57ce0" />
    <effect id="com.alightcreative.effects.lift" locallyApplied="false">
      <property name="fill" type="float" value="0.000000" />
    </effect>
    <effect id="com.alightcreative.effects.exposure" locallyApplied="false">
      <property name="exposure" type="float" value="0.300000" />
      <property name="gamma" type="float" value="1.000000" />
      <property name="offset" type="float" value="0.000000" />
    </effect>
    <effect id="com.alightcreative.effects.flicker2" locallyApplied="false">
      <property name="freq" type="float" value="10.000000" />
      <property name="seed" type="float">
        <kf t="0.001184" v="0.000000" />
        <kf t="0.310185" v="10.000000" />
      </property>
      <property name="mag" type="float" value="0.750000" />
      <property name="basis" type="int" value="0" />
    </effect>
    <property name="size" type="vec2" value="100.000000,100.000000" />
  </shape>
  <shape id="10716727" label="ayyan EXCLUSIVE CC" startTime="0" endTime="47249" fillType="color" mediaFillMode="stretch" s=".rect">
    <transform>
      <location value="904.769531,427.411896,0.000000" />
      <scale value="10.310447,12.888060" />
    </transform>
    <fillColor value="#ffccdc62" />
    <effect id="com.alightcreative.effects.lift" locallyApplied="false">
      <property name="fill" type="float" value="0.000000" />
    </effect>
    <effect id="com.alightcreative.effects.spinblur2" locallyApplied="false">
      <property name="angle" type="float" value="0.900000" />
    </effect>
    <effect id="com.alightcreative.effects.lensblur2" locallyApplied="false">
      <property name="radius" type="float" value="0.310000" />
      <property name="strength" type="float" value="0.050000" />
    </effect>
    <property name="size" type="vec2" value="100.000000,100.000000" />
  </shape>
  <shape id="10716728" label="ayyan EXCLUSIVE CC" startTime="0" endTime="47249" fillType="color" blending="lighten" mediaFillMode="stretch" s=".rect">
    <transform>
      <location value="-93.338867,362.971558,0.000000" />
      <scale value="3.194963,0.240209" />
    </transform>
    <fillColor value="#ff4a4dd6" />
    <effect id="com.alightcreative.effects.lift" locallyApplied="false">
      <property name="fill" type="float" value="0.000000" />
    </effect>
    <effect id="com.alightcreative.effects.threshold" hidden="true" locallyApplied="false">
      <property name="blendMode" type="int" value="2" />
      <property name="threshold" type="float" value="1.000000" />
      <property name="feather" type="float" value="0.000000" />
      <property name="invert" type="bool" value="false" />
    </effect>
    <effect id="com.alightcreative.effects.stretchsegment" hidden="true" locallyApplied="false">
      <property name="smooth" type="float" value="1.000000" />
      <property name="stretch" type="float" value="900.000000" />
      <property name="angle" type="float" value="0.000000" />
      <property name="offset" type="float" value="0.000000" />
    </effect>
    <effect id="com.alightcreative.effects.wipe2" locallyApplied="false">
      <property name="end" type="float" value="0.104000" />
      <property name="feather" type="float" value="100.000000" />
      <property name="start" type="float" value="0.151000" />
      <property name="angle" type="float" value="0.000000" />
    </effect>
    <effect id="com.alightcreative.effects.innerblur" locallyApplied="false">
      <property name="strength" type="float" value="0.115000" />
      <property name="iter" type="float" value="2.000000" />
    </effect>
    <property name="size" type="vec2" value="242.032089,5422.755371" />
  </shape>
  <shape id="10716729" label="ayyan EXCLUSIVE CC" startTime="0" endTime="47249" fillType="color" blending="lighten" mediaFillMode="stretch" s=".rect">
    <transform>
      <location value="1239.142944,372.279602,0.000000" />
      <scale value="3.194963,0.233479" />
      <rotation value="180.000000" />
      <opacity value="0.496094" />
    </transform>
    <fillColor value="#ff4a4dd6" />
    <effect id="com.alightcreative.effects.lift" locallyApplied="false">
      <property name="fill" type="float" value="0.000000" />
    </effect>
    <effect id="com.alightcreative.effects.threshold" locallyApplied="false">
      <property name="blendMode" type="int" value="2" />
      <property name="threshold" type="float" value="1.000000" />
      <property name="feather" type="float" value="0.000000" />
      <property name="invert" type="bool" value="false" />
    </effect>
    <effect id="com.alightcreative.effects.wipe2" locallyApplied="false">
      <property name="end" type="float" value="0.151000" />
      <property name="feather" type="float" value="100.000000" />
      <property name="start" type="float" value="0.106000" />
      <property name="angle" type="float" value="0.000000" />
    </effect>
    <effect id="com.alightcreative.effects.innerblur" locallyApplied="false">
      <property name="strength" type="float" value="0.115000" />
      <property name="iter" type="float" value="2.000000" />
    </effect>
    <effect id="com.alightcreative.effects.feather" locallyApplied="false">
      <property name="iter" type="float" value="1.000000" />
      <property name="strength" type="float" value="0.005000" />
    </effect>
    <property name="size" type="vec2" value="237.000000,5630.418945" />
  </shape>
  <shape id="10716730" tag="+ruby" label="ayyan EXCLUSIVE CC" startTime="0" endTime="47249" fillType="color" blending="soft-light" mediaFillMode="stretch" s=".rect">
    <transform>
      <location value="904.769531,427.411896,0.000000" />
      <scale value="10.310447,12.888060" />
    </transform>
    <fillColor value="#ffbebebe" />
    <effect id="com.alightcreative.effects.displacemaprad" locallyApplied="false">
      <property name="edges" type="int" value="3" />
      <property name="fromctr" type="bool" value="true" />
      <property name="invert" type="bool" value="true" />
      <property name="typex" type="int" value="0" />
      <property name="offsAngle" type="float" value="0.000000" />
      <property name="offsRadius" type="float" value="0.000000" />
      <property name="typey" type="int" value="2" />
    </effect>
    <effect id="com.alightcreative.effects.sharpen" locallyApplied="true">
      <property name="radius" type="float" value="1.500000" />
      <property name="strength" type="float" value="0.930000" />
    </effect>
    <effect id="com.alightcreative.effects.satvib" locallyApplied="false">
      <property name="saturation" type="float" value="-0.005000" />
      <property name="vib" type="float" value="1.000000" />
    </effect>
    <property name="size" type="vec2" value="100.000000,100.000000" />
  </shape>
  <shape id="10716780" tag="+purple" label="ayyan EXCLUSIVE CC" startTime="0" endTime="47249" fillType="gradient" blending="darken" mediaFillMode="stretch" s=".rect">
    <transform>
      <location value="965.093567,127.569092,0.000000" />
      <scale value="9.923867,12.404831" />
      <opacity value="0.804688" />
    </transform>
    <fillColor value="#ffa88248" />
    <gradient type="linear" startColor="#ff000000" endColor="#ffffffff" start="0.084867,0.672802" end="1.052147,0.551125" />
    <effect id="com.alightcreative.effects.lift" locallyApplied="false">
      <property name="fill" type="float" value="0.000000" />
    </effect>
    <effect id="com.alightcreative.effects.exposure" locallyApplied="false">
      <property name="exposure" type="float" value="0.040000" />
      <property name="gamma" type="float" value="1.000000" />
      <property name="offset" type="float" value="0.000000" />
    </effect>
    <effect id="com.alightcreative.effects.brightcont2" locallyApplied="false">
      <property name="brightness" type="float" value="-0.140000" />
      <property name="contrast" type="float" value="-0.380000" />
    </effect>
    <effect id="com.alightcreative.effects.satvib" locallyApplied="false">
      <property name="saturation" type="float" value="0.040000" />
      <property name="vib" type="float" value="1.000000" />
    </effect>
    <effect id="com.alightcreative.gradientoverlay2" locallyApplied="false">
      <property name="alpha" type="float" value="0.948000" />
      <property name="blendMode" type="int" value="1" />
      <property name="color1" type="color" value="#ffffffff" />
      <property name="color2" type="color" value="#ff000000" />
      <property name="gradType" type="int" value="1" />
      <property name="scale" type="float" value="2.050000" />
      <property name="angle" type="float" value="0.000000" />
    </effect>
    <effect id="com.alightcreative.effects.tile" locallyApplied="false">
      <property name="mirror" type="bool" value="true" />
      <property name="scale" type="float" value="1.000000" />
      <property name="phase" type="float" value="0.000000" />
      <property name="vertoffs" type="bool" value="false" />
      <property name="angle" type="float" value="0.000000" />
    </effect>
    <effect id="com.alightcreative.effects.colortemperature" locallyApplied="false">
      <property name="strength" type="float" value="0.583000" />
      <property name="temperature" type="float" value="5.000000" />
    </effect>
    <property name="size" type="vec2" value="100.000000,100.000000" />
  </shape>
  <shape id="10716781" label="ayyan EXCLUSIVE CC" startTime="0" endTime="47249" fillType="color" blending="overlay" mediaFillMode="stretch" s=".rect">
    <transform>
      <location value="965.093567,127.569092,0.000000" />
      <scale value="9.923867,12.404831" />
    </transform>
    <gradient type="radial" startColor="#ffffffff" endColor="#ff000000" start="0.360520,-0.583001" end="0.304035,0.637482" />
    <property name="size" type="vec2" value="100.000000,100.000000" />
  </shape>
  <shape id="10716782" label="ayyan EXCLUSIVE CC" startTime="0" endTime="47249" fillType="gradient" blending="overlay" mediaFillMode="stretch" s=".rect">
    <transform>
      <location value="965.093567,127.569092,0.000000" />
      <scale value="9.923867,12.404831" />
    </transform>
    <gradient type="radial" startColor="#ffffffff" endColor="#ff000000" start="0.340555,-1.701032" end="0.355589,2.284518" />
    <property name="size" type="vec2" value="100.000000,100.000000" />
  </shape>
  <shape id="10716783" label="ayyan EXCLUSIVE CC" startTime="0" endTime="47249" fillType="gradient" blending="overlay" mediaFillMode="stretch" s=".roundrect">
    <transform>
      <location value="965.093567,127.569092,0.000000" />
      <scale value="12.404834,12.404831" />
    </transform>
    <fillColor value="#ff57c07e" />
    <gradient type="linear" startColor="#ffffffff" endColor="#ff000000" start="0.926325,6.792086" end="-0.122588,-4.000785" />
    <effect id="com.alightcreative.effects.exposure" locallyApplied="false">
      <property name="exposure" type="float" value="0.180000" />
      <property name="gamma" type="float" value="1.025000" />
      <property name="offset" type="float" value="0.000000" />
    </effect>
    <property name="size" type="vec2" value="100.000000,100.000000" />
    <property name="cornerRadius" type="float" value="25.000000" />
  </shape>
  <shape id="10716784" label="ayyan EXCLUSIVE CC" startTime="0" endTime="47249" fillType="color" blending="screen" mediaFillMode="stretch" s=".rect">
    <transform>
      <location value="965.093567,127.569092,0.000000" />
      <scale value="9.923867,12.404830" />
      <opacity value="0.676339" />
    </transform>
    <fillColor value="#ffd43ac0" />
    <effect id="com.alightcreative.effects.lift" locallyApplied="false">
      <property name="fill" type="float" value="0.000000" />
    </effect>
    <effect id="com.alightcreative.effects.vignette" locallyApplied="false">
      <property name="feather" type="float" value="0.750000" />
      <property name="roundness" type="float" value="0.000000" />
      <property name="scale" type="float" value="1.000000" />
      <property name="strength" type="float" value="1.000000" />
      <property name="tint" type="float" value="1.000000" />
      <property name="overlaycolor" type="color" value="#ff000000" />
      <property name="punchout" type="bool" value="false" />
    </effect>
    <effect id="com.alightcreative.effects.exposure" locallyApplied="false">
      <property name="exposure" type="float" value="0.510000" />
      <property name="gamma" type="float" value="1.000000" />
      <property name="offset" type="float" value="0.000000" />
    </effect>
    <property name="size" type="vec2" value="100.000000,100.000000" />
  </shape>
  <shape id="10716785" label="ayyan EXCLUSIVE CC" startTime="0" endTime="47249" fillType="color" blending="lighten" mediaFillMode="stretch" s=".rect">
    <transform>
      <location value="965.093567,127.569092,0.000000" />
      <scale value="9.923867,109.662430" />
      <opacity value="0.100000" />
    </transform>
    <fillColor value="#ffd43ac0" />
    <effect id="com.alightcreative.effects.lift" locallyApplied="false">
      <property name="fill" type="float" value="0.000000" />
    </effect>
    <effect id="com.alightcreative.effects.vignette" locallyApplied="false">
      <property name="feather" type="float" value="0.692000" />
      <property name="roundness" type="float" value="0.000000" />
      <property name="scale" type="float" value="0.805000" />
      <property name="strength" type="float" value="0.230000" />
      <property name="tint" type="float" value="1.000000" />
      <property name="overlaycolor" type="color" value="#ff000000" />
      <property name="punchout" type="bool" value="false" />
    </effect>
    <effect id="com.alightcreative.effects.exposure" locallyApplied="false">
      <property name="exposure" type="float" value="1.280000" />
      <property name="gamma" type="float" value="1.000000" />
      <property name="offset" type="float" value="0.000000" />
    </effect>
    <property name="size" type="vec2" value="100.000000,11.311836" />
  </shape>
  <shape id="10716786" label="ayyan EXCLUSIVE CC" startTime="0" endTime="47249" fillType="color" blending="lighten" mediaFillMode="stretch" s=".rect">
    <transform>
      <location value="965.093384,127.569092,0.000000" />
      <scale value="9.923867,109.662430" />
      <opacity value="0.203125" />
    </transform>
    <fillColor value="#ffd43ac0" />
    <effect id="com.alightcreative.effects.lift" locallyApplied="false">
      <property name="fill" type="float" value="0.000000" />
    </effect>
    <effect id="com.alightcreative.effects.dblur" locallyApplied="false">
      <property name="strength" type="float" value="1.000000" />
      <property name="angle" type="float" value="0.000000" />
    </effect>
    <effect id="com.alightcreative.effects.vignette" locallyApplied="false">
      <property name="feather" type="float" value="0.692000" />
      <property name="roundness" type="float" value="0.000000" />
      <property name="scale" type="float" value="0.805000" />
      <property name="strength" type="float" value="0.230000" />
      <property name="tint" type="float" value="1.000000" />
      <property name="overlaycolor" type="color" value="#ff000000" />
      <property name="punchout" type="bool" value="false" />
    </effect>
    <effect id="com.alightcreative.effects.offset" locallyApplied="false">
      <property name="feather" type="float" value="1.000000" />
      <property name="offset" type="vec2" value="-239.000000,0.000000" />
      <property name="mask" type="bool" value="false" />
    </effect>
    <effect id="com.alightcreative.effects.exposure" locallyApplied="false">
      <property name="exposure" type="float" value="1.280000" />
      <property name="gamma" type="float" value="1.000000" />
      <property name="offset" type="float" value="0.000000" />
    </effect>
    <property name="size" type="vec2" value="100.000000,11.311836" />
  </shape>
  <shape id="10716787" label="ayyan" startTime="0" endTime="47249" fillType="color" mediaFillMode="fill" s=".rect">
    <transform>
      <location value="965.093567,127.569092,0.000000" />
      <scale value="12.404831,12.404831" />
    </transform>
    <fillColor value="#ff3bb664" />
    <effect id="com.alightcreative.effects.lift" locallyApplied="false">
      <property name="fill" type="float" value="0.000000" />
    </effect>
    <effect id="com.alightcreative.effects.exposure" locallyApplied="false">
      <property name="exposure" type="float" value="0.400000" />
      <property name="gamma" type="float" value="1.000000" />
      <property name="offset" type="float" value="0.000000" />
    </effect>
    <effect id="com.alightcreative.effects.flicker2" locallyApplied="false">
      <property name="freq" type="float" value="7.000000" />
      <property name="mag" type="float" value="1.000000" />
      <property name="seed" type="float" value="0.000000" />
      <property name="basis" type="int" value="0" />
    </effect>
    <property name="size" type="vec2" value="100.000000,100.000000" />
  </shape>
  <shape id="10716816" label="Rectangle 1" startTime="0" endTime="47249" fillType="color" blending="linear-dodge" mediaFillMode="stretch" s=".rect">
    <transform>
      <location value="960.000000,540.000000,0.000000" />
      <scale value="9.600000,5.400001" />
      <opacity value="0.883929" />
    </transform>
    <fillColor value="#ff58c9f6" />
    <effect id="com.alightcreative.effects.lift" locallyApplied="true">
      <property name="fill" type="float" value="0.000000" />
    </effect>
    <effect id="com.alightcreative.effects.colorhot" locallyApplied="true">
      <property name="color" type="vec3" value="0.000000,1.000000,0.563393" />
      <property name="tint" type="vec3" value="58.769386,1.000000,-0.128125" />
    </effect>
    <effect id="com.alightcreative.effects.gaussianblur" hidden="true" locallyApplied="true">
      <property name="strength" type="float" value="1.530000" />
    </effect>
    <effect id="com.alightcreative.effects.satvib" locallyApplied="true">
      <property name="saturation" type="float" value="-0.585000" />
      <property name="vib" type="float" value="1.000000" />
    </effect>
    <effect id="com.alightcreative.effects.exposure" locallyApplied="true">
      <property name="exposure" type="float" value="-2.000000" />
      <property name="gamma" type="float" value="0.010000" />
      <property name="offset" type="float" value="0.050000" />
    </effect>
    <effect id="com.alightcreative.effects.sharpen" locallyApplied="true">
      <property name="strength" type="float" value="0.800000" />
      <property name="radius" type="float" value="1.000000" />
    </effect>
    <effect id="com.alightcreative.effects.wipe2" locallyApplied="true">
      <property name="angle" type="float" value="90.000000" />
      <property name="end" type="float" value="0.896000" />
      <property name="feather" type="float" value="0.400000" />
      <property name="start" type="float" value="-0.055000" />
    </effect>
    <property name="size" type="vec2" value="100.000000,100.000000" />
  </shape>
</scene>