<?xml version='1.0' encoding='UTF-8' ?><!--
Created by Alight Motion (http://alightmotion.com)
Exported: 2025-07-25 08:46 PM
5.0.275 (1002592)
a34a6c0 (Oct 7, 2024 3:17:29 PM)
-->
<scene title="BEST LOBBY CC AYYAN" width="1920" height="1080" exportWidth="1920" exportHeight="1080" precompose="dynamicResolution" bgcolor="#ff000000" totalTime="24032" fps="60" modifiedTime="1753458400088" amver="1002592" ffver="106" am="com.alightcreative.motion/5.0.275" amplatform="android" retime="freeze" retimeAdaptFPS="false">
  <shape id="10255912" startTime="0" endTime="24032" fillType="color" blending="subtract" mediaFillMode="stretch" s=".rect">
    <transform>
      <location value="952.567749,575.286743,0.000000" />
      <scale value="13.660431,17.075546" />
      <opacity value="0.650000" />
    </transform>
    <fillColor value="#ffb9d86c" />
    <effect id="com.alightcreative.effects.lift" locallyApplied="false">
      <property name="fill" type="float" value="0.000000" />
    </effect>
    <effect id="com.alightcreative.effects.innerblur" locallyApplied="false">
      <property name="strength" type="float" value="0.130000" />
      <property name="iter" type="float" value="2.000000" />
    </effect>
    <effect id="com.alightcreative.effects.exposure" locallyApplied="false">
      <property name="exposure" type="float" value="-0.800000" />
      <property name="gamma" type="float" value="1.000000" />
      <property name="offset" type="float" value="0.000000" />
    </effect>
    <property name="size" type="vec2" value="100.000000,100.000000" />
  </shape>
  <shape id="10255913" startTime="0" endTime="24032" fillType="color" blending="overlay" mediaFillMode="stretch" s=".rect">
    <transform>
      <location value="952.567749,575.286743,0.000000" />
      <scale value="9.604993,17.075546" />
      <opacity value="0.500000" />
    </transform>
    <property name="size" type="vec2" value="100.000000,100.000000" />
  </shape>
  <shape id="10255914" label="offset" startTime="0" endTime="24032" fillType="gradient" blending="multiply" mediaFillMode="stretch" s=".rect">
    <transform>
      <location value="952.567749,575.286743,0.000000" />
      <scale value="9.604993,17.075546" />
      <opacity value="0.769531" />
    </transform>
    <fillColor>
      <kf t="0.000000" v="#ffffffff" />
    </fillColor>
    <gradient type="linear" startColor="#ff000000" endColor="#ffffffff" start="0.501572,1.245283" end="0.536165,0.174528" />
    <property name="size" type="vec2" value="100.000000,100.000000" />
  </shape>
  <shape id="10255915" startTime="0" endTime="24032" fillType="color" blending="linear-dodge" mediaFillMode="stretch" s=".rect">
    <transform>
      <location value="952.567749,68.356812,0.000000" />
      <scale value="9.604993,12.006239" />
    </transform>
    <fillColor value="#ffd57ce0" />
    <effect id="com.alightcreative.effects.lift" locallyApplied="false">
      <property name="fill" type="float" value="0.000000" />
    </effect>
    <effect id="com.alightcreative.effects.exposure" locallyApplied="false">
      <property name="exposure" type="float" value="0.300000" />
      <property name="gamma" type="float" value="1.000000" />
      <property name="offset" type="float" value="0.000000" />
    </effect>
    <effect id="com.alightcreative.effects.flicker2" locallyApplied="false">
      <property name="freq" type="float" value="10.000000" />
      <property name="seed" type="float">
        <kf t="0.000955" v="0.000000" />
        <kf t="0.608478" v="10.000000" />
      </property>
      <property name="mag" type="float" value="0.750000" />
      <property name="basis" type="int" value="0" />
    </effect>
    <property name="size" type="vec2" value="100.000000,100.000000" />
  </shape>
  <shape id="10255916" startTime="0" endTime="24032" fillType="color" mediaFillMode="stretch" s=".rect">
    <transform lockAspectRatio="false">
      <location value="952.567749,575.286743,0.000000" />
      <scale value="9.604993,17.075546" />
    </transform>
    <fillColor value="#fff54ce3" />
    <effect id="com.alightcreative.effects.lift" locallyApplied="false">
      <property name="fill" type="float" value="0.000000" />
    </effect>
    <property name="size" type="vec2" value="100.000000,100.000000" />
  </shape>
  <shape id="10255917" startTime="0" endTime="24032" fillType="color" mediaFillMode="stretch" s=".rect">
    <transform>
      <location value="952.567749,575.286743,0.000000" />
      <scale value="4.766745,6.871447" />
    </transform>
    <fillColor value="#ff55f388" />
    <effect id="com.alightcreative.effects.lift" locallyApplied="false">
      <property name="fill" type="float" value="0.000000" />
    </effect>
    <effect id="com.alightcreative.effects.satvib" locallyApplied="false">
      <property name="saturation" type="float" value="0.060000" />
      <property name="vib" type="float" value="1.000000" />
    </effect>
    <effect id="com.alightcreative.effects.vignette" locallyApplied="false">
      <property name="feather" type="float" value="1.000000" />
      <property name="roundness" type="float" value="2.230000" />
      <property name="scale" type="float" value="1.051000" />
      <property name="strength" type="float" value="0.800000" />
      <property name="tint" type="float" value="0.200000" />
      <property name="overlaycolor" type="color" value="#ff000000" />
      <property name="punchout" type="bool" value="false" />
    </effect>
    <property name="size" type="vec2" value="201.500000,248.500000" />
  </shape>
  <shape id="10255918" startTime="0" endTime="24032" fillType="color" blending="soft-light" mediaFillMode="stretch" s=".rect">
    <transform>
      <location value="952.567749,68.356812,0.000000" />
      <scale value="9.604993,12.006239" />
    </transform>
    <fillColor value="#ffbebebe" />
    <effect id="com.alightcreative.effects.displacemaprad" locallyApplied="false">
      <property name="offsAngle" type="float" value="0.000000" />
      <property name="offsRadius" type="float" value="0.000000" />
      <property name="typex" type="int" value="1" />
      <property name="typey" type="int" value="2" />
      <property name="edges" type="int" value="1" />
      <property name="fromctr" type="bool" value="false" />
      <property name="invert" type="bool" value="false" />
    </effect>
    <effect id="com.alightcreative.effects.sharpen" locallyApplied="false">
      <property name="radius" type="float" value="1.500000" />
      <property name="strength" type="float" value="1.000000" />
    </effect>
    <effect id="com.alightcreative.gradientoverlay2" locallyApplied="false">
      <property name="alpha" type="float" value="0.510000" />
      <property name="blendMode" type="int" value="1" />
      <property name="color1" type="color" value="#ffffffff" />
      <property name="color2" type="color" value="#ff000000" />
      <property name="gradType" type="int" value="1" />
      <property name="scale" type="float" value="1.500000" />
      <property name="angle" type="float" value="0.000000" />
    </effect>
    <property name="size" type="vec2" value="100.000000,100.000000" />
  </shape>
  <shape id="10255919" startTime="0" endTime="24032" fillType="color" mediaFillMode="stretch" s=".rect">
    <transform>
      <location value="952.567749,575.286743,0.000000" />
      <scale value="9.604993,17.075546" />
    </transform>
    <fillColor value="#ffccdc62" />
    <effect id="com.alightcreative.effects.lift" locallyApplied="false">
      <property name="fill" type="float" value="0.000000" />
    </effect>
    <effect id="com.alightcreative.effects.exposure" locallyApplied="false">
      <property name="exposure" type="float" value="0.510000" />
      <property name="gamma" type="float" value="1.000000" />
      <property name="offset" type="float" value="0.000000" />
    </effect>
    <effect id="com.alightcreative.effects.spinblur2" locallyApplied="false">
      <property name="angle" type="float" value="0.900000" />
    </effect>
    <effect id="com.alightcreative.effects.lensblur2" locallyApplied="false">
      <property name="radius" type="float" value="0.310000" />
      <property name="strength" type="float" value="0.050000" />
    </effect>
    <property name="size" type="vec2" value="100.000000,100.000000" />
  </shape>
  <shape id="10255920" tag="+magenta" startTime="0" endTime="24032" fillType="color" blending="lighten" mediaFillMode="stretch" s=".rect">
    <transform lockAspectRatio="false">
      <location value="126.360413,-145.656494,0.000000" />
      <scale value="0.598917,16.753084" />
      <opacity value="0.802734" />
    </transform>
    <effect id="com.alightcreative.effects.lift" locallyApplied="false">
      <property name="fill" type="float" value="0.000000" />
    </effect>
    <effect id="com.alightcreative.effects.threshold" locallyApplied="false">
      <property name="threshold" type="float" value="0.700000" />
      <property name="feather" type="float" value="0.000000" />
      <property name="invert" type="bool" value="false" />
      <property name="blendMode" type="int" value="2" />
    </effect>
    <effect id="com.alightcreative.effects.stretchsegment" locallyApplied="false">
      <property name="angle" type="float" value="0.000000" />
      <property name="stretch" type="float" value="226.000000" />
      <property name="offset" type="float" value="23.000000" />
      <property name="smooth" type="float" value="0.670000" />
    </effect>
    <effect id="com.alightcreative.effects.wipe2" locallyApplied="false">
      <property name="start" type="float" value="0.106000" />
      <property name="end" type="float" value="0.151000" />
      <property name="angle" type="float" value="0.000000" />
      <property name="feather" type="float" value="100.000000" />
    </effect>
    <effect id="com.alightcreative.effects.gaussianblur" locallyApplied="false">
      <property name="strength" type="float" value="0.180000" />
    </effect>
    <property name="size" type="vec2" value="694.947693,694.947449" />
  </shape>
  <shape id="10255921" tag="+yellow" startTime="0" endTime="24032" fillType="color" blending="lighten" mediaFillMode="stretch" s=".rect">
    <transform lockAspectRatio="false">
      <location value="1782.173096,-167.332397,0.000000" />
      <scale value="0.688804,19.267414" />
      <rotation value="180.000000" />
      <opacity value="0.802734" />
    </transform>
    <effect id="com.alightcreative.effects.lift" locallyApplied="false">
      <property name="fill" type="float" value="0.000000" />
    </effect>
    <effect id="com.alightcreative.effects.threshold" locallyApplied="false">
      <property name="threshold" type="float" value="0.700000" />
      <property name="feather" type="float" value="0.000000" />
      <property name="invert" type="bool" value="false" />
      <property name="blendMode" type="int" value="2" />
    </effect>
    <effect id="com.alightcreative.effects.stretchsegment" locallyApplied="false">
      <property name="angle" type="float" value="0.000000" />
      <property name="stretch" type="float" value="226.000000" />
      <property name="offset" type="float" value="23.000000" />
      <property name="smooth" type="float" value="0.670000" />
    </effect>
    <effect id="com.alightcreative.effects.wipe2" locallyApplied="false">
      <property name="start" type="float" value="0.106000" />
      <property name="end" type="float" value="0.151000" />
      <property name="angle" type="float" value="0.000000" />
      <property name="feather" type="float" value="100.000000" />
    </effect>
    <effect id="com.alightcreative.effects.gaussianblur" locallyApplied="false">
      <property name="strength" type="float" value="0.180000" />
    </effect>
    <property name="size" type="vec2" value="694.947693,722.000000" />
  </shape>
  <shape id="10255922" startTime="0" endTime="24032" fillType="color" mediaFillMode="fill" s=".rect">
    <transform>
      <location value="952.567749,575.286743,0.000000" />
      <scale value="9.604993,17.075546" />
    </transform>
    <fillColor value="#ffb79a5b" />
    <effect id="com.alightcreative.effects.lift" locallyApplied="false">
      <property name="fill" type="float" value="0.000000" />
    </effect>
    <effect id="com.alightcreative.effects.exposure" locallyApplied="false">
      <property name="exposure" type="float" value="0.900000" />
      <property name="gamma" type="float" value="1.000000" />
      <property name="offset" type="float" value="0.000000" />
    </effect>
    <property name="size" type="vec2" value="100.000000,100.000000" />
  </shape>
</scene>