<?xml version='1.0' encoding='UTF-8' ?><!--
Created by Alight Motion (http://alightmotion.com)
Exported: 2025-04-07 05:13 PM
5.0.270.1002578 (1002351)
6dff462 (Apr 11, 2024 5:47:55 PM)
-->
<scene title="BLACK RAYS CC(like ae) BY VIRUS 89" width="2560" height="1440" exportWidth="2560" exportHeight="1440" precompose="dynamicResolution" bgcolor="#ff000000" totalTime="2015" fps="60" modifiedTime="1744027988283" amver="1002351" ffver="106" am="com.alightcreative.motioo/5.0.270.1002578" amplatform="android" retime="freeze" retimeAdaptFPS="false">
  <media uri="content://media/external/video/media/1000033057" filename="20250306060512.mp4" title="20250306060512.mp4" type="video/mp4" duration="23021000" size="59347229" fps="0.60" orientation="0" infoUpdated="1744027940473" width="2460" height="1080" />
  <bookmark t="2008" />
  <shape id="10220211" label="20250306060512.mp4" startTime="0" endTime="2015" fillType="media" fillVideo="content://media/external/video/media/1000033057" inTime="5700" outTime="7715" mediaFillMode="fill" s=".rect">
    <transform>
      <location value="1280.000000,720.000000,0.000000" />
      <scale value="1.282280,1.282280" />
    </transform>
    <gain value="0.000000" />
    <property name="size" type="vec2" value="1280.000000,561.500000" />
  </shape>
  <shape id="10220213" label="TIK TOK oldpunisherr" startTime="0" endTime="2015" fillType="color" mediaFillMode="stretch" s=".roundrect">
    <transform>
      <location value="1280.000000,720.000000,0.000000" />
      <scale value="12.800001,12.800001" />
    </transform>
    <fillColor value="#ffd5c586" />
    <effect id="com.alightcreative.effects.lift" locallyApplied="true">
      <property name="fill" type="float" value="0.000000" />
    </effect>
    <effect id="com.alightcreative.spotcolor2" locallyApplied="true">
      <property name="color" type="color" value="#fff47b47" />
      <property name="threshold" type="float" value="2.000000" />
      <property name="feather" type="float" value="1.000000" />
      <property name="saturation" type="float" value="0.000000" />
      <property name="choke" type="float" value="2.870000" />
    </effect>
    <effect id="com.alightcreative.effects.exposure" locallyApplied="true">
      <property name="exposure" type="float" value="0.090000" />
      <property name="gamma" type="float" value="0.700000" />
      <property name="offset" type="float" value="0.000000" />
    </effect>
    <effect id="com.alightcreative.effects.rays" locallyApplied="true">
      <property name="centerPoint" type="vec2">
        <kf t="0.795040" v="-28.000000,-0.125000" />
      </property>
      <property name="strength" type="float" value="1.480000" />
      <property name="intensity" type="float" value="3.010000" />
      <property name="threshold" type="float" value="0.670000" />
      <property name="thresholdColor" type="color" value="#ff000000" />
      <property name="fillColor" type="color" value="#ffffffff" />
      <property name="blend" type="float" value="0.170000" />
      <property name="quality" type="float" value="800.000000" />
    </effect>
    <effect id="com.alightcreative.effects.sharpen" locallyApplied="true">
      <property name="strength" type="float" value="1.000000" />
      <property name="radius" type="float" value="1.000000" />
    </effect>
    <property name="size" type="vec2" value="100.000000,100.000000" />
    <property name="cornerRadius" type="float" value="25.000000" />
  </shape>
  <shape id="10220214" label="TIK TOK oldpunisherr" startTime="0" endTime="2015" fillType="color" blending="linear-dodge" mediaFillMode="stretch" s=".roundrect">
    <transform>
      <location value="1280.000000,720.000000,0.000000" />
      <scale value="1.760175,7.200000" />
    </transform>
    <fillColor value="#ff8fa13b" />
    <effect id="com.alightcreative.effects.lift" locallyApplied="true">
      <property name="fill" type="float" value="0.000000" />
    </effect>
    <effect id="com.alightcreative.effects.exposure" locallyApplied="true">
      <property name="exposure" type="float" value="0.170000" />
      <property name="gamma" type="float" value="0.540000" />
      <property name="offset" type="float" value="0.000000" />
    </effect>
    <effect id="com.alightcreative.effects.flicker2" locallyApplied="true">
      <property name="freq" type="float" value="8.900000" />
      <property name="mag" type="float" value="1.000000" />
      <property name="seed" type="float" value="0.000000" />
      <property name="basis" type="int" value="0" />
    </effect>
    <property name="size" type="vec2" value="727.200806,100.000000" />
    <property name="cornerRadius" type="float" value="25.000000" />
  </shape>
  <shape id="10220216" label="TIK TOK oldpunisherr" startTime="0" endTime="2015" fillType="color" blending="linear-dodge" mediaFillMode="stretch" s=".roundrect">
    <transform>
      <location value="1286.467285,255.648041,0.000000" />
      <scale value="5.425000,5.425000" />
    </transform>
    <fillColor value="#ffd5c586" />
    <effect id="com.alightcreative.effects.lift" locallyApplied="true">
      <property name="fill" type="float" value="0.000000" />
    </effect>
    <effect id="com.alightcreative.effects.exposure" locallyApplied="true">
      <property name="exposure" type="float" value="-0.310000" />
      <property name="gamma" type="float" value="0.195000" />
      <property name="offset" type="float" value="0.330000" />
    </effect>
    <effect id="com.alightcreative.effects.gaussianblur" locallyApplied="true">
      <property name="strength" type="float" value="1.075000" />
    </effect>
    <effect id="com.alightcreative.effects.flicker2" locallyApplied="true">
      <property name="freq" type="float" value="10.000000" />
      <property name="mag" type="float" value="0.000000" />
      <property name="seed" type="float" value="10.000000" />
      <property name="basis" type="int" value="0" />
    </effect>
    <effect id="com.alightcreative.effects.wipe2" locallyApplied="true">
      <property name="start" type="float" value="0.000000" />
      <property name="end" type="float" value="0.706000" />
      <property name="angle" type="float" value="90.000000" />
      <property name="feather" type="float" value="31.600000" />
    </effect>
    <property name="size" type="vec2" value="177.000000,51.000000" />
    <property name="cornerRadius" type="float" value="0.000000" />
  </shape>
</scene>