<?xml version='1.0' encoding='UTF-8' ?><!--
Created by Alight Motion (http://alightmotion.com)
Exported: 2025-04-25 08:59 PM
5.0.62.103295 (102932)
2870469 (30 May 2023 19:51:16)
-->
<scene title="BLUE CC BY AK WOLF" width="2340" height="1080" exportWidth="2340" exportHeight="1080" precompose="dynamicResolution" bgcolor="#ff000000" totalTime="2015" fps="60" modifiedTime="1745596794700" amver="102932" ffver="106" am="com.alightcreative.motion/5.0.62.103295" amplatform="android" retime="freeze" retimeAdaptFPS="false">
  <media uri="content://media/external/images/media/1001410191" filename="Screenshot_2025-04-16-17-45-10-739_com.miui.videoplayer.jpg" title="Screenshot_2025-04-16-17-45-10-739_com.miui.videoplayer.jpg" type="image/jpeg" size="1331115" orientation="0" infoUpdated="1745596779122" width="2400" height="1080" />
  <shape id="10197844" label="Screenshot_2025-04-16-17-45-10-739_com.miui.videoplayer.jpg" startTime="0" endTime="2015" fillType="media" fillImage="content://media/external/images/media/1001410191" mediaFillMode="fill" s=".rect">
    <transform>
      <location value="1170.000000,540.000000,0.000000" />
      <scale value="1.025641,1.025641" />
    </transform>
    <effect id="com.alightcreative.effects.satvib" locallyApplied="false">
      <property name="saturation" type="float" value="0.140000" />
      <property name="vib" type="float" value="1.170000" />
    </effect>
    <effect id="com.alightcreative.effects.exposure" locallyApplied="true">
      <property name="exposure" type="float" value="0.380000" />
      <property name="gamma" type="float" value="0.995000" />
      <property name="offset" type="float" value="-0.020000" />
    </effect>
    <effect id="com.alightcreative.replacecolor" locallyApplied="false">
      <property name="oldcolor" type="color" value="#ff747040" />
      <property name="newcolor" type="color" value="#ff505223" />
      <property name="threshold" type="float" value="0.250000" />
      <property name="feather" type="float" value="0.250000" />
      <property name="alpha" type="float" value="1.000000" />
      <property name="lockLuminance" type="bool" value="false" />
    </effect>
    <effect id="com.alightcreative.effects.highlightshadow" locallyApplied="false">
      <property name="highlights" type="float" value="1.140000" />
      <property name="shadows" type="float" value="0.860000" />
    </effect>
    <effect id="com.alightcreative.effects.colortemperature" locallyApplied="false">
      <property name="temperature" type="float" value="5.460000" />
      <property name="strength" type="float" value="1.000000" />
    </effect>
    <effect id="com.alightcreative.effects.brightcont2" locallyApplied="false">
      <property name="brightness" type="float" value="0.100000" />
      <property name="contrast" type="float" value="0.050000" />
    </effect>
    <effect id="com.alightcreative.effects.satvib" locallyApplied="false">
      <property name="saturation" type="float" value="0.355000" />
      <property name="vib" type="float" value="1.000000" />
    </effect>
    <effect id="com.alightcreative.effects.sharpen" locallyApplied="true">
      <property name="strength" type="float" value="0.790000" />
      <property name="radius" type="float" value="1.000000" />
    </effect>
    <effect id="com.alightcreative.effects.exposure" locallyApplied="false">
      <property name="exposure" type="float">
        <kf t="0.000000" v="0.000000" />
        <kf t="1.000000" v="-0.080000" e="cyclic 0.0 0.0 0.5 0.0 0.0" />
      </property>
      <property name="gamma" type="float" value="1.000000" />
      <property name="offset" type="float" value="0.000000" />
    </effect>
    <effect id="com.alightcreative.effects.vignette" locallyApplied="true">
      <property name="scale" type="float" value="1.892000" />
      <property name="roundness" type="float" value="0.000000" />
      <property name="feather" type="float" value="1.000000" />
      <property name="strength" type="float" value="0.800000" />
      <property name="tint" type="float" value="0.200000" />
      <property name="overlaycolor" type="color" value="#ff000000" />
      <property name="punchout" type="bool" value="false" />
    </effect>
    <effect id="com.alightcreative.effects.tile" locallyApplied="true">
      <property name="scale" type="float" value="1.000000" />
      <property name="phase" type="float" value="0.000000" />
      <property name="mirror" type="bool" value="true" />
      <property name="vertoffs" type="bool" value="false" />
      <property name="angle" type="float" value="0.000000" />
    </effect>
    <effect id="com.alightcreative.effects.swing2" locallyApplied="true">
      <property name="freq" type="float" value="1.120000" />
      <property name="a1" type="float" value="-0.500000" />
      <property name="a2" type="float" value="0.500000" />
      <property name="phase" type="float" value="0.000000" />
      <property name="type" type="int" value="0" />
    </effect>
    <effect id="com.alightcreative.effects.oscillate3" locallyApplied="true">
      <property name="direction" type="int" value="0" />
      <property name="angle" type="float">
        <kf t="-0.401568" v="90.000000" />
        <kf t="1.899254" v="180.000000" />
      </property>
      <property name="freq" type="float" value="1.030000" />
      <property name="mag" type="float" value="5.000000" />
      <property name="type" type="int" value="0" />
      <property name="phase" type="float" value="0.000000" />
    </effect>
    <effect id="com.alightcreative.effects.shake2" locallyApplied="true">
      <property name="mag" type="float" value="14.000000" />
      <property name="freq" type="float" value="1.030000" />
      <property name="evolution" type="float" value="0.000000" />
      <property name="seed" type="float" value="0.000000" />
      <property name="angle" type="float" value="45.000000" />
      <property name="slack" type="float" value="0.250000" />
      <property name="zshake" type="float" value="0.000000" />
    </effect>
    <property name="size" type="vec2" value="1170.000000,526.500000" />
  </shape>
  <shape id="10197838" label="Rectangle 1" startTime="0" endTime="2015" fillType="color" blending="linear-dodge" mediaFillMode="stretch" s=".rect">
    <transform>
      <location value="1170.000000,540.000000,0.000000" />
      <scale value="11.700000,6.581251" />
      <opacity value="0.824219" />
    </transform>
    <fillColor value="#ff58c9f6" />
    <effect id="com.alightcreative.effects.lift" locallyApplied="false">
      <property name="fill" type="float" value="0.000000" />
    </effect>
    <effect id="com.alightcreative.effects.gaussianblur" locallyApplied="false">
      <property name="strength" type="float" value="0.580000" />
    </effect>
    <effect id="com.alightcreative.effects.satvib" locallyApplied="false">
      <property name="saturation" type="float" value="-0.585000" />
      <property name="vib" type="float" value="1.000000" />
    </effect>
    <effect id="com.alightcreative.effects.exposure" locallyApplied="true">
      <property name="exposure" type="float" value="-0.280000" />
      <property name="gamma" type="float" value="0.165000" />
      <property name="offset" type="float" value="0.000000" />
    </effect>
    <effect id="com.alightcreative.effects.sharpen" locallyApplied="true">
      <property name="strength" type="float" value="1.770000" />
      <property name="radius" type="float" value="1.000000" />
    </effect>
    <property name="size" type="vec2" value="100.000000,100.000000" />
  </shape>
  <shape id="10197839" label="Circle 1" startTime="0" endTime="2015" fillType="color" blending="screen" mediaFillMode="stretch" s=".circle">
    <transform>
      <location value="1102.000000,-61.310883,0.000000" />
      <opacity value="0.580078" />
    </transform>
    <fillColor value="#ff00b4ff" />
    <effect id="com.alightcreative.effects.gaussianblur" locallyApplied="false">
      <property name="strength" type="float" value="2.000000" />
    </effect>
    <effect id="com.alightcreative.effects.gaussianblur" locallyApplied="false">
      <property name="strength" type="float" value="2.000000" />
    </effect>
    <effect id="com.alightcreative.effects.gaussianblur" locallyApplied="false">
      <property name="strength" type="float" value="2.000000" />
    </effect>
    <effect id="com.alightcreative.effects.gaussianblur" locallyApplied="false">
      <property name="strength" type="float" value="2.000000" />
    </effect>
    <effect id="com.alightcreative.effects.gaussianblur" locallyApplied="false">
      <property name="strength" type="float" value="2.000000" />
    </effect>
    <effect id="com.alightcreative.effects.gaussianblur" locallyApplied="false">
      <property name="strength" type="float" value="2.000000" />
    </effect>
    <effect id="com.alightcreative.effects.gaussianblur" locallyApplied="false">
      <property name="strength" type="float" value="2.000000" />
    </effect>
    <effect id="com.alightcreative.effects.gaussianblur" locallyApplied="false">
      <property name="strength" type="float" value="2.000000" />
    </effect>
    <effect id="com.alightcreative.effects.gaussianblur" locallyApplied="false">
      <property name="strength" type="float" value="2.000000" />
    </effect>
    <effect id="com.alightcreative.effects.sharpen" locallyApplied="false">
      <property name="strength" type="float" value="0.830000" />
      <property name="radius" type="float" value="1.000000" />
    </effect>
    <property name="size" type="vec2" value="980.000000,604.000000" />
  </shape>
  <shape id="10197840" label="Rounded Rectangle 1" startTime="0" endTime="2015" fillType="color" blending="subtract" mediaFillMode="fill" s=".roundrect">
    <transform>
      <location value="1170.000000,540.000000,0.000000" />
      <scale value="11.700000,11.700000" />
      <opacity value="0.876953" />
    </transform>
    <fillColor value="#ff9ce6e2" />
    <effect id="com.alightcreative.effects.lift" locallyApplied="true">
      <property name="fill" type="float" value="0.000000" />
    </effect>
    <effect id="com.alightcreative.effects.exposure" locallyApplied="true">
      <property name="exposure" type="float" value="-1.820000" />
      <property name="gamma" type="float" value="0.730000" />
      <property name="offset" type="float" value="0.000000" />
    </effect>
    <effect id="com.alightcreative.effects.gaussianblur" locallyApplied="true">
      <property name="strength" type="float" value="0.280000" />
    </effect>
    <property name="size" type="vec2" value="100.000000,100.000000" />
    <property name="cornerRadius" type="float" value="25.000000" />
  </shape>
  <shape id="10197841" label="Rounded Rectangle 1 Copy" startTime="0" endTime="2015" fillType="color" blending="overlay" mediaFillMode="fill" s=".roundrect">
    <transform>
      <location value="1170.000000,540.000000,0.000000" />
      <scale value="11.700000,11.700000" />
      <opacity value="0.748047" />
    </transform>
    <property name="size" type="vec2" value="100.000000,100.000000" />
    <property name="cornerRadius" type="float" value="25.000000" />
  </shape>
  <shape id="10197842" label="Rounded Rectangle 2" startTime="0" endTime="2015" fillType="color" blending="multiply" mediaFillMode="fill" s=".roundrect">
    <transform>
      <location value="1170.000000,540.000000,0.000000" />
      <scale value="11.700000,11.700000" />
      <opacity value="0.705078" />
    </transform>
    <fillColor value="#ffbd8b41" />
    <effect id="com.alightcreative.effects.lift" locallyApplied="true">
      <property name="fill" type="float" value="0.000000" />
    </effect>
    <property name="size" type="vec2" value="100.000000,100.000000" />
    <property name="cornerRadius" type="float" value="25.000000" />
  </shape>
  <embedScene id="10197843" label="Group and Mask 1" startTime="0" endTime="2015" fillType="intrinsic" mediaFillMode="stretch">
    <transform>
      <location value="1171.003052,541.002991,0.000000" />
      <scale value="1.100831,1.100831" />
    </transform>
    <fillColor value="#ff000000" />
    <effect id="com.alightcreative.effects.gaussianblur" locallyApplied="false">
      <property name="strength" type="float" value="1.410000" />
    </effect>
    <effect id="com.alightcreative.effects.lift" locallyApplied="false">
      <property name="fill" type="float" value="0.000000" />
    </effect>
    <effect id="com.alightcreative.effects.gaussianblur" locallyApplied="false">
      <property name="strength" type="float" value="0.040000" />
    </effect>
    <effect id="com.alightcreative.effects.exposure" locallyApplied="true">
      <property name="exposure" type="float" value="-0.390000" />
      <property name="gamma" type="float" value="1.000000" />
      <property name="offset" type="float" value="0.000000" />
    </effect>
    <effect id="com.alightcreative.effects.satvib" locallyApplied="false">
      <property name="saturation" type="float" value="-0.460000" />
      <property name="vib" type="float" value="1.000000" />
    </effect>
    <scene title="" width="2127" height="2127" exportWidth="2127" exportHeight="2127" precompose="dynamicResolution" bgcolor="#00000000" totalTime="2015" fps="60" modifiedTime="0" amver="102932" ffver="106" am="com.alightcreative.motion/5.0.62.103295" amplatform="android" retime="freeze" retimeOut="2015" retimeAdaptFPS="false">
      <shape id="157" label="Rectangle 1" startTime="0" endTime="2015" fillType="color" mediaFillMode="stretch" s=".rect">
        <transform>
          <location value="1062.833618,1062.833618,0.000000" />
          <scale value="1.465304,1.465304" />
        </transform>
        <fillColor value="#ffa7dabc" />
        <property name="size" type="vec2" value="725.333374,725.333374" />
      </shape>
      <shape id="158" label="Circle 2" startTime="0" endTime="2015" fillType="color" blending="exclude" mediaFillMode="stretch" s=".circle">
        <transform>
          <location value="1062.833618,1062.833618,0.000000" />
        </transform>
        <fillColor value="#ff6df2c9" />
        <property name="size" type="vec2" value="617.333313,617.333252" />
      </shape>
    </scene>
  </embedScene>
</scene>