<?xml version='1.0' encoding='UTF-8' ?><!--
Created by Alight Motion (http://alightmotion.com)
Exported: 2025-07-26 10:45 PM
5.0.275 (1002592)
a34a6c0 (Oct 7, 2024 3:17:29 PM)
-->
<scene title="cc by AF &#127477;&#127472;" width="1920" height="1080" exportWidth="1920" exportHeight="1080" precompose="dynamicResolution" bgcolor="#ff000000" totalTime="949" fps="60" modifiedTime="1753551956672" amver="1002592" ffver="106" am="com.alightcreative.motion/5.0.275" amplatform="android" retime="freeze" retimeAdaptFPS="false">
  <shape id="10210037" label="New Project 108 [133D523].mp4" startTime="0" endTime="949" fillType="media" fillVideo="content://media/external/video/media/1000144146" inTime="3750" outTime="4699" mediaFillMode="fill" s=".rect">
    <transform>
      <location value="960.000000,540.000000,0.000000" />
    </transform>
    <property name="size" type="vec2" value="960.000000,540.000000" />
  </shape>
  <shape id="10210038" label="Rounded Rectangle 1 Copy 2" startTime="0" endTime="949" fillType="color" mediaFillMode="stretch" s=".roundrect">
    <transform>
      <location value="960.000000,444.000000,0.000000" />
      <scale value="11.700000,11.699998" />
      <opacity value="0.201172" />
    </transform>
    <fillColor value="#ff42ced7" />
    <effect id="com.alightcreative.effects.lift" locallyApplied="true">
      <property name="fill" type="float" value="0.000000" />
    </effect>
    <effect id="com.alightcreative.spotcolor2" locallyApplied="true">
      <property name="color" type="color" value="#ffff0000" />
      <property name="threshold" type="float" value="2.000000" />
      <property name="feather" type="float" value="1.250000" />
      <property name="saturation" type="float" value="0.000000" />
      <property name="choke" type="float" value="15.860000" />
    </effect>
    <effect id="com.alightcreative.effects.exposure" locallyApplied="true">
      <property name="exposure" type="float" value="0.050000" />
      <property name="gamma" type="float" value="0.700000" />
      <property name="offset" type="float" value="0.000000" />
    </effect>
    <effect id="com.alightcreative.effects.exposure" locallyApplied="true">
      <property name="exposure" type="float" value="0.000000" />
      <property name="gamma" type="float" value="0.700000" />
      <property name="offset" type="float" value="-0.030000" />
    </effect>
    <property name="size" type="vec2" value="100.000000,100.000000" />
    <property name="cornerRadius" type="float" value="25.000000" />
  </shape>
  <shape id="10210039" label="Rounded Rectangle 1" startTime="0" endTime="949" fillType="color" mediaFillMode="stretch" s=".roundrect">
    <transform>
      <location value="960.000000,444.000000,0.000000" />
      <scale value="11.700000,11.700000" />
    </transform>
    <fillColor value="#ffb8ce43" />
    <effect id="com.alightcreative.effects.lift" locallyApplied="true">
      <property name="fill" type="float" value="0.000000" />
    </effect>
    <effect id="com.alightcreative.effects.satvib" locallyApplied="true">
      <property name="saturation" type="float" value="-0.075000" />
      <property name="vib" type="float" value="1.280000" />
    </effect>
    <effect id="com.alightcreative.effects.sharpen" locallyApplied="true">
      <property name="strength" type="float" value="0.410000" />
      <property name="radius" type="float" value="1.000000" />
    </effect>
    <effect id="com.alightcreative.effects.exposure" locallyApplied="true">
      <property name="exposure" type="float" value="0.030000" />
      <property name="gamma" type="float" value="0.950000" />
      <property name="offset" type="float" value="0.000000" />
    </effect>
    <effect id="com.alightcreative.effects.vignette" locallyApplied="true">
      <property name="feather" type="float" value="1.000000" />
      <property name="roundness" type="float" value="0.400000" />
      <property name="scale" type="float" value="1.438000" />
      <property name="strength" type="float" value="1.000000" />
      <property name="tint" type="float" value="1.000000" />
      <property name="overlaycolor" type="color" value="#ff000000" />
      <property name="punchout" type="bool" value="false" />
    </effect>
    <property name="size" type="vec2" value="100.000000,100.000000" />
    <property name="cornerRadius" type="float" value="25.000000" />
  </shape>
  <shape id="10210040" label="Rectangle 1" startTime="0" endTime="949" fillType="color" blending="linear-dodge" mediaFillMode="fill" s=".rect">
    <transform>
      <location value="960.000000,444.000000,0.000000" />
      <scale value="9.599999,9.599999" />
      <opacity value="0.600000" />
    </transform>
    <fillColor value="#ffcaf9c0" />
    <effect id="com.alightcreative.effects.lift" locallyApplied="true">
      <property name="fill" type="float" value="0.000000" />
    </effect>
    <effect id="com.alightcreative.effects.exposure" locallyApplied="true">
      <property name="exposure" type="float" value="2.000000" />
      <property name="gamma" type="float" value="0.150000" />
      <property name="offset" type="float" value="0.000000" />
    </effect>
    <effect id="com.alightcreative.effects.gaussianblur" locallyApplied="true">
      <property name="strength" type="float" value="2.000000" />
    </effect>
    <effect id="com.alightcreative.effects.colorhot" locallyApplied="true">
      <property name="color" type="vec3" value="38.524887,0.376702,0.032440" />
      <property name="tint" type="vec3" value="43.608528,0.486668,0.137351" />
    </effect>
    <property name="size" type="vec2" value="100.000000,100.000000" />
  </shape>
  <shape id="10210041" label="Rectangle " startTime="0" endTime="949" fillType="color" mediaFillMode="fill" s=".rect">
    <transform>
      <location value="960.000000,444.000000,0.000000" />
      <scale value="9.600000,9.600000" />
    </transform>
    <fillColor value="#ff6662c5" />
    <effect id="com.alightcreative.effects.lift" locallyApplied="true">
      <property name="fill" type="float" value="0.000000" />
    </effect>
    <effect id="com.alightcreative.effects.exposure" locallyApplied="true">
      <property name="exposure" type="float" value="0.200000" />
      <property name="gamma" type="float" value="1.000000" />
      <property name="offset" type="float" value="0.000000" />
    </effect>
    <effect id="com.alightcreative.effects.blink2" locallyApplied="true">
      <property name="freq" type="float" value="6.000000" />
    </effect>
    <effect id="com.alightcreative.effects.sharpen" locallyApplied="true">
      <property name="strength" type="float" value="0.050000" />
      <property name="radius" type="float" value="7.400000" />
    </effect>
    <effect id="com.alightcreative.effects.sharpen" locallyApplied="true">
      <property name="strength" type="float" value="0.140000" />
      <property name="radius" type="float" value="1.000000" />
    </effect>
    <property name="size" type="vec2" value="100.000000,100.000000" />
  </shape>
</scene>