<?xml version='1.0' encoding='UTF-8' ?><!--
Created by Alight Motion (http://alightmotion.com)
Exported: 2025-05-30 12:57 AM
5.0.196.1000570 (1000516)
0418fc7 (29-Sept-2023 3:31:49 pm)
-->
<scene title="CC BY ZJR  Copy" width="1920" height="1080" exportWidth="1080" exportHeight="1080" precompose="dynamicResolution" bgcolor="#ff000000" totalTime="18782" fps="60" modifiedTime="1748548641181" amver="1000516" ffver="106" am="com.alightcreative.motion/5.0.196.1000570" amplatform="android" retime="freeze" retimeAdaptFPS="false">
  <bookmark t="26791" />
  <shape id="10222524" label="New Project 1813 [B836393].mp4" startTime="0" endTime="18781" fillType="media" fillVideo="content://media/external/video/media/1000241553" outTime="18766" mediaFillMode="fill" s=".rect">
    <transform>
      <location value="960.000000,540.000000,0.000000" />
    </transform>
    <effect id="com.alightcreative.effects.tile" locallyApplied="true">
      <property name="mirror" type="bool" value="true" />
      <property name="scale" type="float" value="1.000000" />
      <property name="phase" type="float" value="0.000000" />
      <property name="vertoffs" type="bool" value="false" />
      <property name="angle" type="float" value="0.000000" />
    </effect>
    <effect id="com.alightcreative.effects.tile" locallyApplied="false">
      <property name="mirror" type="bool" value="true" />
      <property name="scale" type="float" value="1.000000" />
      <property name="phase" type="float" value="0.000000" />
      <property name="vertoffs" type="bool" value="false" />
      <property name="angle" type="float" value="0.000000" />
    </effect>
    <effect id="com.alightcreative.effects.satvib" locallyApplied="true">
      <property name="saturation" type="float" value="-0.280000" />
      <property name="vib" type="float" value="1.000000" />
    </effect>
    <effect id="com.alightcreative.effects.colortune2" locallyApplied="true">
      <property name="lift" type="vec3" value="41.687557,0.305942,0.028819" />
    </effect>
    <effect id="com.alightcreative.effects.colortune2" hidden="true" locallyApplied="true">
      <property name="lift" type="vec3" value="38.138664,0.416326,0.028819" />
    </effect>
    <effect id="com.alightcreative.effects.flicker2" locallyApplied="true">
      <property name="freq" type="float" value="10.000000" />
      <property name="mag" type="float" value="0.060000" />
      <property name="seed" type="float" value="0.000000" />
      <property name="basis" type="int" value="0" />
    </effect>
    <effect id="com.alightcreative.effects.sharpen" locallyApplied="true">
      <property name="strength" type="float" value="0.250000" />
      <property name="radius" type="float" value="1.000000" />
    </effect>
    <effect id="com.alightcreative.replacecolor" locallyApplied="true">
      <property name="oldcolor" type="color" value="#ff264a66" />
      <property name="newcolor" type="color" value="#ff17e1e1" />
      <property name="threshold" type="float" value="0.200000" />
      <property name="feather" type="float" value="0.390000" />
      <property name="alpha" type="float" value="1.000000" />
      <property name="lockLuminance" type="bool" value="true" />
    </effect>
    <property name="size" type="vec2" value="960.000000,540.000000" />
  </shape>
  <text id="10114152" label="water mark layer" startTime="0" endTime="18782" fillType="color" blending="overlay" mediaFillMode="fill" size="32.000000" font="imported?name=Filxgirl.ttf" wrapWidth="1853" align="left">
    <transform>
      <location value="1538.736328,991.345337,0.000000" />
      <scale value="0.945683,0.945683" />
    </transform>
    <effect id="com.alightcreative.effects.flicker2" locallyApplied="true">
      <property name="freq" type="float" value="10.000000" />
      <property name="mag" type="float" value="0.360000" />
      <property name="seed" type="float" value="2.100000" />
      <property name="basis" type="int" value="0" />
    </effect>
    <effect id="com.alightcreative.effects.satvib" locallyApplied="true">
      <property name="saturation" type="float" value="1.000000" />
      <property name="vib" type="float" value="2.000000" />
    </effect>
    <shadow direction="outside">
      <offset value="6.000000,3.000000" />
    </shadow>
    <content> Sahil X Ashoo</content>
  </text>
  <shape id="10114153" label="Rounded Rectangle 2" startTime="0" endTime="18782" fillType="color" blending="linear-dodge" mediaFillMode="stretch" s=".roundrect">
    <transform>
      <location value="973.634644,7.489624,0.000000" />
      <scale value="0.881950,0.881950" />
    </transform>
    <fillColor value="#ffd9ee9b" />
    <effect id="com.alightcreative.effects.lift" locallyApplied="true">
      <property name="fill" type="float" value="0.000000" />
    </effect>
    <effect id="com.alightcreative.effects.colortune2" locallyApplied="true">
      <property name="lift" type="vec3" value="31.667910,0.575659,-0.166320" />
    </effect>
    <effect id="com.alightcreative.effects.exposure" locallyApplied="true">
      <property name="exposure" type="float" value="2.000000" />
      <property name="gamma" type="float" value="0.060000" />
      <property name="offset" type="float" value="0.250000" />
    </effect>
    <effect id="com.alightcreative.effects.satvib" locallyApplied="true">
      <property name="saturation" type="float" value="-0.065000" />
      <property name="vib" type="float" value="1.000000" />
    </effect>
    <effect id="com.alightcreative.effects.gaussianblur" locallyApplied="true">
      <property name="strength" type="float" value="2.000000" />
    </effect>
    <property name="cornerRadius" type="float" value="0.000000" />
    <property name="size" type="vec2" value="-693.917053,-693.917053" />
  </shape>
  <shape id="10114154" label="Rounded Rectangle 1" startTime="0" endTime="18782" fillType="color" mediaFillMode="stretch" s=".roundrect">
    <transform>
      <location value="960.000000,540.000000,0.000000" />
      <scale value="9.599999,9.599999" />
    </transform>
    <fillColor value="#ffb8ce43" />
    <effect id="com.alightcreative.effects.lift" locallyApplied="true">
      <property name="fill" type="float" value="0.000000" />
    </effect>
    <effect id="com.alightcreative.effects.tile" locallyApplied="true">
      <property name="mirror" type="bool" value="true" />
      <property name="vertoffs" type="bool" value="true" />
      <property name="scale" type="float" value="1.000000" />
      <property name="phase" type="float" value="0.000000" />
      <property name="angle" type="float" value="0.000000" />
    </effect>
    <effect id="com.alightcreative.effects.satvib" locallyApplied="true">
      <property name="saturation" type="float" value="0.015000" />
      <property name="vib" type="float" value="1.280000" />
    </effect>
    <effect id="com.alightcreative.effects.vignette" locallyApplied="true">
      <property name="feather" type="float" value="1.000000" />
      <property name="roundness" type="float" value="0.550000" />
      <property name="scale" type="float" value="1.438000" />
      <property name="strength" type="float" value="0.815000" />
      <property name="tint" type="float" value="0.200000" />
      <property name="overlaycolor" type="color" value="#ff000000" />
      <property name="punchout" type="bool" value="false" />
    </effect>
    <effect id="com.alightcreative.effects.sharpen" locallyApplied="true">
      <property name="strength" type="float" value="0.190000" />
      <property name="radius" type="float" value="1.000000" />
    </effect>
    <effect id="com.alightcreative.effects.exposure" locallyApplied="true">
      <property name="exposure" type="float" value="0.120000" />
      <property name="gamma" type="float" value="0.825000" />
      <property name="offset" type="float" value="0.000000" />
    </effect>
    <effect id="com.alightcreative.spotcolor2" locallyApplied="true">
      <property name="choke" type="float" value="4.140000" />
      <property name="feather" type="float" value="0.000000" />
      <property name="saturation" type="float" value="0.620000" />
      <property name="threshold" type="float" value="1.510000" />
      <property name="color" type="color" value="#ffff0000" />
    </effect>
    <property name="size" type="vec2" value="100.000000,100.000000" />
    <property name="cornerRadius" type="float" value="25.000000" />
  </shape>
  <shape id="10114155" label="Rounder Rectangle 3 copy" startTime="0" endTime="18782" fillType="color" blending="diff" mediaFillMode="stretch" s=".roundrect">
    <transform>
      <location value="960.000000,540.000000,0.000000" />
      <scale value="1.125374,1.125374" />
    </transform>
    <effect id="com.alightcreative.effects.lift" locallyApplied="true">
      <property name="fill" type="float" value="0.000000" />
    </effect>
    <effect id="com.alightcreative.effects.exposure" locallyApplied="true">
      <property name="exposure" type="float" value="-0.950000" />
      <property name="gamma" type="float" value="1.320000" />
      <property name="offset" type="float" value="0.000000" />
    </effect>
    <effect id="com.alightcreative.effects.gaussianblur" locallyApplied="true">
      <property name="strength" type="float" value="0.150000" />
    </effect>
    <property name="size" type="vec2" value="853.049927,853.050049" />
    <property name="cornerRadius" type="float" value="25.000000" />
  </shape>
  <shape id="10114156" label="Rectangle" startTime="0" endTime="18782" fillType="color" blending="overlay" mediaFillMode="stretch" s=".roundrect">
    <transform>
      <location value="960.000000,540.000000,0.000000" />
      <scale value="0.953665,0.953665" />
    </transform>
    <property name="size" type="vec2" value="1006.643066,1006.643005" />
    <property name="cornerRadius" type="float" value="25.000000" />
  </shape>
  <embedScene id="10175269" label="paste this layer" startTime="0" endTime="18782" fillType="intrinsic" outTime="18782" mediaFillMode="stretch">
    <transform>
      <location value="960.000000,540.000000,0.000000" />
      <scale value="1.105182,1.105182" />
    </transform>
    <fillColor value="#ff000000" />
    <effect id="com.alightcreative.effects.lift" locallyApplied="false">
      <property name="fill" type="float" value="0.000000" />
    </effect>
    <effect id="com.alightcreative.effects.gaussianblur" locallyApplied="true">
      <property name="strength" type="float" value="0.060000" />
    </effect>
    <scene title="" width="1949" height="1949" exportWidth="1920" exportHeight="1080" precompose="dynamicResolution" bgcolor="#00000000" totalTime="39432" fps="60" modifiedTime="0" amver="1000516" ffver="106" am="com.alightcreative.motion/5.0.196.1000570" amplatform="android" retime="off" retimeAdaptFPS="false">
      <shape id="443" label="Rectangle 1" startTime="0" endTime="39432" fillType="color" mediaFillMode="stretch" s=".rect">
        <transform>
          <location value="974.666443,974.666504,0.000000" />
        </transform>
        <fillColor value="#ff678460" />
        <property name="size" type="vec2" value="974.666443,974.666504" />
      </shape>
      <shape id="444" label="Circle 1" startTime="0" endTime="39432" fillType="color" blending="exclude" mediaFillMode="stretch" s=".circle">
        <transform>
          <location value="974.666443,974.666504,0.000000" />
        </transform>
        <fillColor value="#ffacdd58" />
        <effect id="com.alightcreative.effects.gaussianblur" locallyApplied="false">
          <property name="strength" type="float" value="1.065000" />
        </effect>
        <property name="size" type="vec2" value="640.387024,789.743530" />
      </shape>
    </scene>
  </embedScene>
</scene>