<?xml version='1.0' encoding='UTF-8' ?><!--
Created by Alight Motion (http://alightmotion.com)
Exported: 2025-04-21 04:59 PM
5.0.196.1000570 (1000516)
0418fc7 (29-Sept-2023 3:31:49 pm)
-->
<scene title="Cc golden by zjr &#128139;" width="1920" height="1080" exportWidth="1920" exportHeight="1080" precompose="dynamicResolution" bgcolor="#ff000000" totalTime="41299" fps="60" modifiedTime="1745236744051" amver="1000516" ffver="106" am="com.alightcreative.motion/5.0.196.1000570" amplatform="android" retime="freeze" retimeAdaptFPS="false">
  <media uri="content://media/external/video/media/1000205749" filename="New Project 1669 [C56D3EC].mp4" title="New Project 1669 [C56D3EC].mp4" type="video/mp4" duration="41283300" size="65940864" fps="0.60" orientation="0" infoUpdated="1745129310177" width="1920" height="1080" />
  <shape id="10219827" label="New Project 1669 [C56D3EC].mp4" startTime="0" endTime="41298" fillType="media" fillVideo="content://media/external/video/media/1000205749" outTime="41283" mediaFillMode="fill" s=".rect">
    <transform>
      <location value="960.000000,540.000000,0.000000" />
    </transform>
    <effect id="com.alightcreative.effects.exposure" locallyApplied="true">
      <property name="exposure" type="float" value="-0.090000" />
      <property name="gamma" type="float" value="0.805000" />
      <property name="offset" type="float" value="0.000000" />
    </effect>
    <effect id="com.alightcreative.effects.satvib" locallyApplied="true">
      <property name="saturation" type="float" value="0.260000" />
      <property name="vib" type="float" value="1.000000" />
    </effect>
    <effect id="com.alightcreative.effects.colorize" locallyApplied="true">
      <property name="tint" type="vec3" value="0.000000,0.059152,0.000000" />
    </effect>
    <effect id="com.alightcreative.effects.colortemperature" hidden="true" locallyApplied="true">
      <property name="temperature" type="float" value="6.990000" />
      <property name="strength" type="float" value="1.000000" />
    </effect>
    <property name="size" type="vec2" value="960.000000,540.000000" />
  </shape>
  <shape id="10219820" label="Rounded Rectangle 1" startTime="0" endTime="41299" fillType="color" mediaFillMode="fill" s=".roundrect">
    <transform>
      <location value="960.000000,540.000000,0.000000" />
      <scale value="9.600000,9.600000" />
    </transform>
    <fillColor value="#ffb1c5c0" />
    <effect id="com.alightcreative.effects.lift" locallyApplied="true">
      <property name="fill" type="float" value="0.000000" />
    </effect>
    <effect id="com.alightcreative.effects.sharpen" locallyApplied="true">
      <property name="strength" type="float" value="0.780000" />
      <property name="radius" type="float" value="1.000000" />
    </effect>
    <property name="size" type="vec2" value="100.000000,100.000000" />
    <property name="cornerRadius" type="float" value="25.000000" />
  </shape>
  <shape id="10219821" label="Rectangle 1" startTime="0" endTime="41299" fillType="color" mediaFillMode="fill" s=".rect">
    <transform>
      <location value="960.000000,540.000000,0.000000" />
      <scale value="11.675675,5.400000" />
      <opacity value="0.130000" />
    </transform>
    <fillColor value="#ff4bd874" />
    <effect id="com.alightcreative.effects.lift" locallyApplied="true">
      <property name="fill" type="float" value="0.000000" />
    </effect>
    <effect id="com.alightcreative.effects.sharpen" locallyApplied="true">
      <property name="strength" type="float" value="10.190000" />
      <property name="radius" type="float" value="2.200000" />
    </effect>
    <property name="size" type="vec2" value="100.000000,100.000000" />
  </shape>
  <shape id="10219822" label="Rectangle" startTime="0" endTime="41299" fillType="color" mediaFillMode="fill" s=".rect">
    <transform>
      <location value="960.000000,540.000000,0.000000" />
      <scale value="12.000001,5.400000" />
      <opacity value="0.000000" />
    </transform>
    <fillColor value="#ff83adf8" />
    <effect id="com.alightcreative.effects.lift" locallyApplied="true">
      <property name="fill" type="float" value="0.000000" />
    </effect>
    <effect id="com.alightcreative.effects.sharpen" locallyApplied="true">
      <property name="strength" type="float" value="0.100000" />
      <property name="radius" type="float" value="1.000000" />
    </effect>
    <effect id="com.alightcreative.effects.brightcont2" locallyApplied="false">
      <property name="brightness" type="float" value="0.080000" />
      <property name="contrast" type="float" value="0.000000" />
    </effect>
    <property name="size" type="vec2" value="100.000000,100.000000" />
  </shape>
  <shape id="10219823" label="Sky Flicker" startTime="0" endTime="41299" fillType="color" mediaFillMode="stretch" s=".roundrect">
    <transform>
      <location value="960.000000,540.000000,0.000000" />
      <scale value="0.704336,0.317150" />
    </transform>
    <fillColor value="#ffd93dc1" />
    <effect id="com.alightcreative.effects.lift" locallyApplied="false">
      <property name="fill" type="float" value="0.000000" />
    </effect>
    <effect id="com.alightcreative.effects.exposure" locallyApplied="true">
      <property name="exposure" type="float" value="0.470000" />
      <property name="gamma" type="float" value="1.125000" />
      <property name="offset" type="float" value="0.000000" />
    </effect>
    <effect id="com.alightcreative.effects.flicker2" locallyApplied="true">
      <property name="freq" type="float" value="10.000000" />
      <property name="mag" type="float" value="1.000000" />
      <property name="seed" type="float" value="0.000000" />
      <property name="basis" type="int" value="0" />
    </effect>
    <property name="size" type="vec2" value="1702.666382,1702.666748" />
    <property name="cornerRadius" type="float" value="25.000000" />
  </shape>
  <shape id="10219824" label="Glow " startTime="0" endTime="41299" fillType="color" blending="linear-dodge" mediaFillMode="stretch" s=".rect">
    <transform>
      <location value="1634.000000,2068.500732,0.000000" />
      <scale value="1.114982,1.114983" />
    </transform>
    <fillColor value="#ffcfc66b" />
    <effect id="com.alightcreative.effects.lift" locallyApplied="false">
      <property name="fill" type="float" value="0.000000" />
    </effect>
    <effect id="com.alightcreative.effects.satvib" locallyApplied="false">
      <property name="saturation" type="float" value="0.435000" />
      <property name="vib" type="float" value="1.200000" />
    </effect>
    <effect id="com.alightcreative.effects.exposure" locallyApplied="true">
      <property name="exposure" type="float" value="-0.080000" />
      <property name="gamma" type="float" value="0.240000" />
      <property name="offset" type="float" value="0.000000" />
    </effect>
    <effect id="com.alightcreative.effects.colorhot" locallyApplied="true">
      <property name="color" type="vec3" value="28.461571,1.000000,0.000000" />
      <property name="tint" type="vec3" value="28.373108,1.000000,-0.023426" />
    </effect>
    <effect id="com.alightcreative.effects.gaussianblur" locallyApplied="false">
      <property name="strength" type="float" value="0.825000" />
    </effect>
    <effect id="com.alightcreative.effects.wipe2" locallyApplied="false">
      <property name="start" type="float" value="0.000000" />
      <property name="end" type="float" value="0.279000" />
      <property name="angle" type="float" value="90.000000" />
      <property name="feather" type="float" value="26.600000" />
    </effect>
    <effect id="com.alightcreative.effects.rays" locallyApplied="true">
      <property name="centerPoint" type="vec2">
        <kf t="0.187776" v="219.000000,0.000000" />
        <kf t="0.143466" v="329.387756,-499.093140" />
      </property>
      <property name="strength" type="float" value="2.870000" />
      <property name="intensity" type="float" value="2.220000" />
      <property name="threshold" type="float" value="0.140000" />
      <property name="thresholdColor" type="color" value="#ff000000" />
      <property name="fillColor" type="color" value="#ff2d1ef6" />
      <property name="blend" type="float" value="0.000000" />
      <property name="quality" type="float" value="150.000000" />
    </effect>
    <property name="size" type="vec2" value="1148.000122,1148.000122" />
  </shape>
  <shape id="10219825" label="Glow Copy" startTime="0" endTime="41299" fillType="color" blending="linear-dodge" mediaFillMode="stretch" s=".rect">
    <transform>
      <location value="960.000000,540.000000,0.000000" />
      <scale value="0.836237,0.836238" />
    </transform>
    <fillColor value="#ffcfc66b" />
    <effect id="com.alightcreative.effects.lift" locallyApplied="false">
      <property name="fill" type="float" value="0.000000" />
    </effect>
    <effect id="com.alightcreative.effects.satvib" locallyApplied="false">
      <property name="saturation" type="float" value="0.435000" />
      <property name="vib" type="float" value="1.200000" />
    </effect>
    <effect id="com.alightcreative.effects.exposure" locallyApplied="true">
      <property name="exposure" type="float" value="-0.080000" />
      <property name="gamma" type="float" value="0.240000" />
      <property name="offset" type="float" value="0.000000" />
    </effect>
    <effect id="com.alightcreative.effects.colorhot" locallyApplied="true">
      <property name="color" type="vec3" value="28.461571,1.000000,0.000000" />
      <property name="tint" type="vec3" value="28.373108,1.000000,-0.023426" />
    </effect>
    <effect id="com.alightcreative.effects.gaussianblur" locallyApplied="false">
      <property name="strength" type="float" value="0.825000" />
    </effect>
    <effect id="com.alightcreative.effects.wipe2" locallyApplied="false">
      <property name="start" type="float" value="0.000000" />
      <property name="end" type="float" value="0.279000" />
      <property name="angle" type="float" value="90.000000" />
      <property name="feather" type="float" value="26.600000" />
    </effect>
    <effect id="com.alightcreative.effects.rays" locallyApplied="true">
      <property name="centerPoint" type="vec2">
        <kf t="0.187776" v="219.000000,0.000000" />
        <kf t="0.143466" v="329.387756,-499.093140" />
      </property>
      <property name="strength" type="float" value="2.870000" />
      <property name="intensity" type="float" value="2.220000" />
      <property name="threshold" type="float" value="0.140000" />
      <property name="thresholdColor" type="color" value="#ff000000" />
      <property name="fillColor" type="color" value="#ff2d1ef6" />
      <property name="blend" type="float" value="0.000000" />
      <property name="quality" type="float" value="150.000000" />
    </effect>
    <property name="size" type="vec2" value="1148.000122,1148.000122" />
  </shape>
  <embedScene id="10219826" label="Vignette " startTime="0" endTime="41299" fillType="intrinsic" inTime="2000" outTime="43299" mediaFillMode="stretch">
    <transform>
      <location value="960.000000,540.000000,0.000000" />
      <scale value="0.985120,0.985120" />
    </transform>
    <fillColor value="#ff000000" />
    <effect id="com.alightcreative.effects.chromakey" locallyApplied="false">
      <property name="keyColor" type="color" value="#ff030303" />
      <property name="threshold" type="float" value="0.032000" />
      <property name="feather" type="float" value="0.211000" />
      <property name="defringe" type="bool" value="true" />
      <property name="invert" type="bool" value="false" />
    </effect>
    <effect id="com.alightcreative.effects.lift" locallyApplied="false">
      <property name="fill" type="float" value="0.000000" />
    </effect>
    <effect id="com.alightcreative.effects.exposure" locallyApplied="false">
      <property name="exposure" type="float" value="-0.550000" />
      <property name="gamma" type="float" value="1.000000" />
      <property name="offset" type="float" value="0.000000" />
    </effect>
    <effect id="com.alightcreative.effects.gaussianblur" locallyApplied="true">
      <property name="strength" type="float" value="0.015000" />
    </effect>
    <effect id="com.alightcreative.effects.satvib" locallyApplied="false">
      <property name="saturation" type="float" value="-0.315000" />
      <property name="vib" type="float" value="1.110000" />
    </effect>
    <scene title="" width="1949" height="1949" exportWidth="1949" exportHeight="1949" precompose="dynamicResolution" bgcolor="#00000000" totalTime="2015" fps="60" modifiedTime="0" amver="1000516" ffver="106" am="com.alightcreative.motion/5.0.196.1000570" amplatform="android" retime="off" retimeAdaptFPS="false">
      <shape id="443" label="Rectangle 1" startTime="0" endTime="2015" fillType="color" mediaFillMode="stretch" s=".rect">
        <transform>
          <location value="974.666443,974.666504,0.000000" />
        </transform>
        <fillColor value="#ff678460" />
        <property name="size" type="vec2" value="974.666443,974.666504" />
      </shape>
      <shape id="444" label="Circle 1" startTime="0" endTime="2015" fillType="color" blending="exclude" mediaFillMode="stretch" s=".circle">
        <transform>
          <location value="974.666443,974.666504,0.000000" />
        </transform>
        <fillColor value="#ffacdd58" />
        <effect id="com.alightcreative.effects.gaussianblur" locallyApplied="true">
          <property name="strength" type="float" value="1.065000" />
        </effect>
        <property name="size" type="vec2" value="704.000122,493.333374" />
      </shape>
    </scene>
  </embedScene>
  <text id="10219828" startTime="0" endTime="41299" fillType="color" blending="overlay" mediaFillMode="fill" size="18.000000" font="imported?name=Fiolex_Mephisto.ttf" wrapWidth="512" align="left">
    <transform>
      <location value="1059.500000,1015.000000,0.000000" />
    </transform>
    <shadow direction="outside" />
    <content>ZJR PLAYS </content>
  </text>
</scene>