<?xml version='1.0' encoding='UTF-8' ?><!--
Created by Alight Motion (http://alightmotion.com)
Exported: 2025-04-19 09:17 AM
5.0.270.1002578 (1002351)
6dff462 (Apr 11, 2024 5:47:55 PM)
-->
<scene title="FAVORITE&#128525; CC BY VIRUS 89" width="2560" height="1440" exportWidth="2560" exportHeight="1440" precompose="dynamicResolution" bgcolor="#ff000000" totalTime="8965" fps="60" modifiedTime="1745036238814" amver="1002351" ffver="106" am="com.alightcreative.motioo/5.0.270.1002578" amplatform="android" retime="freeze" retimeAdaptFPS="false">
  <media uri="content://media/external/images/media/1000075170" filename="Screenshot_20250418-220927.jpg" title="Screenshot_20250418-220927.jpg" type="image/jpeg" size="1435051" orientation="0" infoUpdated="1745036198895" width="2460" height="1080" />
  <bookmark t="958" />
  <bookmark t="2441" />
  <bookmark t="3875" />
  <bookmark t="5958" />
  <bookmark t="7175" />
  <bookmark t="8108" />
  <bookmark t="8958" />
  <shape id="10225035" label="Screenshot_20250418-220927.jpg" startTime="0" endTime="8965" fillType="media" fillImage="content://media/external/images/media/1000075170" mediaFillMode="fill" s=".rect">
    <transform>
      <location value="1280.000000,720.000000,0.000000" />
      <scale value="1.282280,1.282280" />
    </transform>
    <property name="size" type="vec2" value="1280.000000,561.500000" />
  </shape>
  <embedScene id="10225036" label="Group 1" startTime="0" endTime="932" fillType="intrinsic" outTime="932" mediaFillMode="stretch">
    <transform>
      <location value="1280.000000,720.000000,0.000000" />
      <scale value="1.333333,1.333333" />
    </transform>
    <fillColor value="#ff000000" />
    <effect id="com.alightcreative.effects.lift" locallyApplied="true">
      <property name="fill" type="float" value="0.000000" />
    </effect>
    <effect id="com.alightcreative.effects.gaussianblur" locallyApplied="true">
      <property name="strength" type="float" value="0.065000" />
    </effect>
    <scene title="" width="1920" height="1920" exportWidth="1920" exportHeight="1920" precompose="dynamicResolution" bgcolor="#00000000" totalTime="2015" fps="60" modifiedTime="0" amver="1002351" ffver="106" am="com.alightcreative.motioo/5.0.270.1002578" amplatform="android" retime="off" retimeAdaptFPS="false">
      <shape id="6369147" label="Rounded Rectangle 1" startTime="0" endTime="2015" fillType="color" mediaFillMode="stretch" s=".roundrect">
        <transform>
          <location value="960.000061,960.000061,0.000000" />
          <scale value="9.600000,9.600000" />
        </transform>
        <fillColor value="#ff4fbcc0" />
        <property name="size" type="vec2" value="100.000000,100.000000" />
        <property name="cornerRadius" type="float" value="25.000000" />
      </shape>
      <shape id="6369149" label="Circle 1" startTime="0" endTime="2015" fillType="color" blending="exclude" mediaFillMode="stretch" s=".circle">
        <transform>
          <location value="960.000061,960.000061,0.000000" />
          <scale value="7.002226,7.695000" />
        </transform>
        <fillColor value="#ff7f4a75" />
        <effect id="com.alightcreative.effects.gaussianblur" locallyApplied="true">
          <property name="strength" type="float" value="1.065000" />
        </effect>
        <property name="size" type="vec2" value="100.000000,100.000000" />
      </shape>
    </scene>
  </embedScene>
  <shape id="10225037" label="Wah Wah &#128514;" startTime="0" endTime="932" fillType="color" blending="linear-dodge" mediaFillMode="stretch" s=".rect">
    <transform>
      <location value="1280.000000,720.000000,0.000000" />
      <scale value="1.114983,0.627178" />
      <opacity value="0.806641" />
    </transform>
    <fillColor value="#ffcfc66b" />
    <effect id="com.alightcreative.effects.lift" locallyApplied="false">
      <property name="fill" type="float" value="0.000000" />
    </effect>
    <effect id="com.alightcreative.effects.satvib" locallyApplied="false">
      <property name="saturation" type="float" value="0.435000" />
      <property name="vib" type="float" value="1.200000" />
    </effect>
    <effect id="com.alightcreative.effects.exposure" locallyApplied="false">
      <property name="exposure" type="float" value="-0.080000" />
      <property name="gamma" type="float" value="0.180000" />
      <property name="offset" type="float" value="0.000000" />
    </effect>
    <property name="size" type="vec2" value="1148.000122,1148.000122" />
  </shape>
  <shape id="10225038" label="Good Ho Gya &#128517;" startTime="0" endTime="932" fillType="color" mediaFillMode="stretch" s=".roundrect">
    <transform>
      <location value="1280.000000,720.000061,0.000000" />
      <scale value="1.322314,1.322314" />
    </transform>
    <fillColor value="#ffed9459" />
    <effect id="com.alightcreative.effects.lift" locallyApplied="false">
      <property name="fill" type="float" value="0.000000" />
    </effect>
    <effect id="com.alightcreative.effects.rays" locallyApplied="true">
      <property name="centerPoint" type="vec2" value="0.000000,-53.000000" />
      <property name="strength" type="float" value="2.190000" />
      <property name="intensity" type="float" value="0.220000" />
      <property name="threshold" type="float" value="0.600000" />
      <property name="thresholdColor" type="color" value="#ff000000" />
      <property name="fillColor" type="color" value="#ff0015ff" />
      <property name="blend" type="float" value="0.000000" />
      <property name="quality" type="float" value="800.000000" />
    </effect>
    <property name="size" type="vec2" value="967.999817,1491.555542" />
    <property name="cornerRadius" type="float" value="25.000000" />
  </shape>
  <text id="10225039" startTime="0" endTime="932" fillType="color" mediaFillMode="fill" size="18.000000" font="googlefonts?name=Roboto&amp;weight=400" wrapWidth="512" align="center">
    <transform>
      <location value="1216.444458,674.814697,0.000000" />
      <scale value="3.417969,3.417969" />
    </transform>
    <fillColor value="#ffff4444" />
    <content>Rays Cc Single </content>
  </text>
  <embedScene id="10225040" label="blur " startTime="958" endTime="2390" fillType="intrinsic" outTime="1432" mediaFillMode="stretch">
    <transform>
      <location value="1280.000000,720.000061,0.000000" />
      <scale value="1.313494,1.705147" />
    </transform>
    <fillColor value="#ff000000" />
    <effect id="com.alightcreative.effects.chromakey" locallyApplied="false">
      <property name="keyColor" type="color" value="#ff030303" />
      <property name="threshold" type="float" value="0.032000" />
      <property name="feather" type="float" value="0.211000" />
      <property name="defringe" type="bool" value="true" />
      <property name="invert" type="bool" value="false" />
    </effect>
    <effect id="com.alightcreative.effects.lift" locallyApplied="false">
      <property name="fill" type="float" value="0.000000" />
    </effect>
    <effect id="com.alightcreative.effects.exposure" locallyApplied="false">
      <property name="exposure" type="float" value="-0.550000" />
      <property name="gamma" type="float" value="1.000000" />
      <property name="offset" type="float" value="0.000000" />
    </effect>
    <effect id="com.alightcreative.effects.gaussianblur" locallyApplied="false">
      <property name="strength" type="float" value="0.035000" />
    </effect>
    <scene title="" width="1949" height="1949" exportWidth="1949" exportHeight="1949" precompose="dynamicResolution" bgcolor="#00000000" totalTime="27165" fps="60" modifiedTime="0" amver="1002351" ffver="106" am="com.alightcreative.motioo/5.0.270.1002578" amplatform="android" retime="off" retimeAdaptFPS="false">
      <shape id="443" label="Rectangle 1" startTime="0" endTime="27165" fillType="color" mediaFillMode="stretch" s=".rect">
        <transform>
          <location value="974.666443,974.666504,0.000000" />
        </transform>
        <fillColor value="#ff678460" />
        <property name="size" type="vec2" value="974.666443,974.666504" />
      </shape>
      <shape id="444" label="Circle 1" startTime="0" endTime="27165" fillType="color" blending="exclude" mediaFillMode="stretch" s=".circle">
        <transform>
          <location value="938.881775,928.421753,0.000000" />
          <scale value="0.804196,0.804196" />
        </transform>
        <fillColor value="#ffacdd58" />
        <effect id="com.alightcreative.effects.gaussianblur" locallyApplied="false">
          <property name="strength" type="float" value="1.065000" />
        </effect>
        <property name="size" type="vec2" value="916.000000,786.351868" />
      </shape>
    </scene>
  </embedScene>
  <shape id="10225041" label="Cc Glow Xml" startTime="958" endTime="2390" fillType="color" mediaFillMode="stretch" s=".roundrect">
    <transform>
      <location value="1280.000000,720.000000,0.000000" />
      <scale value="12.800001,12.800001" />
    </transform>
    <fillColor value="#ffd5c586" />
    <effect id="com.alightcreative.effects.lift" locallyApplied="true">
      <property name="fill" type="float" value="0.000000" />
    </effect>
    <effect id="com.alightcreative.spotcolor2" locallyApplied="true">
      <property name="color" type="color" value="#fff47b47" />
      <property name="threshold" type="float" value="2.000000" />
      <property name="feather" type="float" value="1.000000" />
      <property name="saturation" type="float" value="0.000000" />
      <property name="choke" type="float" value="2.870000" />
    </effect>
    <effect id="com.alightcreative.effects.exposure" locallyApplied="true">
      <property name="exposure" type="float" value="0.060000" />
      <property name="gamma" type="float" value="0.700000" />
      <property name="offset" type="float" value="0.000000" />
    </effect>
    <property name="size" type="vec2" value="100.000000,100.000000" />
    <property name="cornerRadius" type="float" value="25.000000" />
  </shape>
  <shape id="10225042" label="Rounded Rectangle 1 Copy" startTime="958" endTime="2390" fillType="color" blending="linear-dodge" mediaFillMode="stretch" s=".roundrect">
    <transform>
      <location value="949.321655,335.189789,0.000000" />
      <scale value="4.839839,4.839839" />
      <opacity>
        <kf t="-1.943436" v="1.000000" />
        <kf t="-0.499992" v="1.000000" />
        <kf t="-1.920387" v="0.576172" />
        <kf t="-0.616600" v="0.457031" />
      </opacity>
    </transform>
    <fillColor value="#ffd5c586" />
    <effect id="com.alightcreative.effects.lift" locallyApplied="true">
      <property name="fill" type="float" value="0.000000" />
    </effect>
    <effect id="com.alightcreative.effects.exposure" locallyApplied="true">
      <property name="exposure" type="float" value="-0.310000" />
      <property name="gamma" type="float" value="0.195000" />
      <property name="offset" type="float" value="0.330000" />
    </effect>
    <effect id="com.alightcreative.effects.gaussianblur" locallyApplied="true">
      <property name="strength" type="float" value="1.075000" />
    </effect>
    <effect id="com.alightcreative.effects.flicker2" locallyApplied="true">
      <property name="freq" type="float" value="10.000000" />
      <property name="mag" type="float" value="0.000000" />
      <property name="seed" type="float" value="10.000000" />
      <property name="basis" type="int" value="0" />
    </effect>
    <property name="size" type="vec2" value="100.000000,100.000000" />
    <property name="cornerRadius" type="float" value="25.000000" />
  </shape>
  <shape id="10225043" label="Rounded Rectangle 1 Copy 2" startTime="958" endTime="2390" fillType="color" blending="linear-dodge" mediaFillMode="stretch" s=".roundrect">
    <transform>
      <location value="1280.000122,720.000000,0.000000" />
      <scale value="7.200001,7.200000" />
    </transform>
    <fillColor value="#ff8fa13b" />
    <effect id="com.alightcreative.effects.lift" locallyApplied="true">
      <property name="fill" type="float" value="0.000000" />
    </effect>
    <effect id="com.alightcreative.effects.exposure" locallyApplied="true">
      <property name="exposure" type="float" value="-0.650000" />
      <property name="gamma" type="float" value="0.540000" />
      <property name="offset" type="float" value="0.000000" />
    </effect>
    <effect id="com.alightcreative.effects.flicker2" locallyApplied="true">
      <property name="freq" type="float" value="8.900000" />
      <property name="mag" type="float" value="1.000000" />
      <property name="seed" type="float" value="0.000000" />
      <property name="basis" type="int" value="0" />
    </effect>
    <property name="size" type="vec2" value="727.200806,100.000000" />
    <property name="cornerRadius" type="float" value="25.000000" />
  </shape>
  <text id="10225044" label="Rays Cc Copy" startTime="958" endTime="2390" fillType="color" mediaFillMode="fill" size="18.000000" font="googlefonts?name=Roboto&amp;weight=400" wrapWidth="512" align="center">
    <transform>
      <location value="1229.777832,727.110962,0.000000" />
      <scale value="3.417969,3.417969" />
    </transform>
    <fillColor value="#ffff4444" />
    <content>Poison Cc single</content>
  </text>
  <embedScene id="10225045" label="Group and Mask 1" startTime="2441" endTime="3806" fillType="intrinsic" mediaFillMode="stretch">
    <transform>
      <location value="1280.601807,720.601807,0.000000" />
      <scale value="1.204328,1.204328" />
    </transform>
    <fillColor value="#ff000000" />
    <effect id="com.alightcreative.effects.gaussianblur" locallyApplied="false">
      <property name="strength" type="float" value="1.410000" />
    </effect>
    <effect id="com.alightcreative.effects.lift" locallyApplied="false">
      <property name="fill" type="float" value="0.000000" />
    </effect>
    <effect id="com.alightcreative.effects.gaussianblur" locallyApplied="false">
      <property name="strength" type="float" value="0.040000" />
    </effect>
    <scene title="" width="2127" height="2127" exportWidth="2127" exportHeight="2127" precompose="dynamicResolution" bgcolor="#00000000" totalTime="2015" fps="60" modifiedTime="0" amver="1002351" ffver="106" am="com.alightcreative.motioo/5.0.270.1002578" amplatform="android" retime="freeze" retimeOut="2015" retimeAdaptFPS="false">
      <shape id="157" label="Rectangle 1" startTime="0" endTime="2015" fillType="color" mediaFillMode="stretch" s=".rect">
        <transform>
          <location value="1062.833618,1062.833618,0.000000" />
          <scale value="1.465304,1.465304" />
        </transform>
        <fillColor value="#ffa7dabc" />
        <property name="size" type="vec2" value="725.333374,725.333374" />
      </shape>
      <shape id="158" label="Circle 2" startTime="0" endTime="2015" fillType="color" blending="exclude" mediaFillMode="stretch" s=".circle">
        <transform>
          <location value="1062.833618,1062.833618,0.000000" />
        </transform>
        <fillColor value="#ff6df2c9" />
        <property name="size" type="vec2" value="770.879822,449.334900" />
      </shape>
    </scene>
  </embedScene>
  <shape id="10225046" label="Rounded Rectangle 1" startTime="2441" endTime="3806" fillType="color" mediaFillMode="stretch" s=".roundrect">
    <transform>
      <location value="1280.000000,720.000000,0.000000" />
      <scale value="15.990002,7.200000" />
    </transform>
    <fillColor value="#ffebb5ec" />
    <effect id="com.alightcreative.effects.lift" locallyApplied="true">
      <property name="fill" type="float" value="0.000000" />
    </effect>
    <effect id="com.alightcreative.effects.exposure" locallyApplied="true">
      <property name="exposure" type="float" value="0.010000" />
      <property name="gamma" type="float" value="0.750000" />
      <property name="offset" type="float" value="0.000000" />
    </effect>
    <property name="size" type="vec2" value="100.000000,100.000000" />
    <property name="cornerRadius" type="float" value="0.000000" />
  </shape>
  <shape id="10225047" label="Rectangle 1" startTime="2441" endTime="3806" fillType="color" blending="subtract" mediaFillMode="stretch" s=".rect">
    <transform>
      <location value="1280.000000,720.000000,0.000000" />
      <scale value="2.725692,7.200000" />
    </transform>
    <fillColor value="#ffb8f4a5" />
    <effect id="com.alightcreative.effects.lift" locallyApplied="false">
      <property name="fill" type="float" value="0.000000" />
    </effect>
    <effect id="com.alightcreative.effects.exposure" locallyApplied="false">
      <property name="exposure" type="float" value="-2.000000" />
      <property name="gamma" type="float" value="0.500000" />
      <property name="offset" type="float" value="0.000000" />
    </effect>
    <effect id="com.alightcreative.effects.gaussianblur" locallyApplied="false">
      <property name="strength" type="float" value="0.580000" />
    </effect>
    <property name="size" type="vec2" value="586.640015,100.000000" />
  </shape>
  <shape id="10225048" label="Rectangle 3" startTime="2441" endTime="3806" fillType="color" blending="soft-light" speed="1.249066" mediaFillMode="stretch" s=".rect">
    <transform>
      <location value="1280.000000,720.000000,0.000000" />
      <scale value="0.862497,7.200000" />
      <opacity value="0.199219" />
    </transform>
    <fillColor value="#fff5803a" />
    <effect id="com.alightcreative.effects.lift" locallyApplied="false">
      <property name="fill" type="float" value="0.000000" />
    </effect>
    <effect id="com.alightcreative.effects.invert" locallyApplied="false">
      <property name="invertRed" type="bool" value="true" />
      <property name="invertGreen" type="bool" value="true" />
      <property name="invertBlue" type="bool" value="true" />
    </effect>
    <effect id="com.alightcreative.effects.gaussianblur" locallyApplied="false">
      <property name="strength" type="float" value="0.450000" />
    </effect>
    <property name="size" type="vec2" value="1853.920044,100.000000" />
  </shape>
  <shape id="10225049" label="Rectangle 4" startTime="2441" endTime="3806" fillType="color" blending="overlay" mediaFillMode="stretch" s=".rect">
    <transform>
      <location value="1280.000000,720.000000,0.000000" />
      <scale value="0.755272,7.200000" />
      <opacity value="0.402344" />
    </transform>
    <fillColor value="#ff7c4957" />
    <effect id="com.alightcreative.effects.lift" locallyApplied="false">
      <property name="fill" type="float" value="0.000000" />
    </effect>
    <effect id="com.alightcreative.effects.satvib" locallyApplied="true">
      <property name="saturation" type="float" value="0.000000" />
      <property name="vib" type="float" value="1.640000" />
    </effect>
    <effect id="com.alightcreative.gradientoverlay2" locallyApplied="false">
      <property name="color1" type="color" value="#ffffffff" />
      <property name="color2" type="color" value="#ffbebebe" />
      <property name="angle" type="float" value="0.000000" />
      <property name="offset" type="vec2" value="-2.000000,9.000000" />
      <property name="scale" type="float" value="1.000000" />
      <property name="alpha" type="float" value="0.750000" />
      <property name="gradType" type="int" value="0" />
      <property name="blendMode" type="int" value="1" />
    </effect>
    <property name="size" type="vec2" value="2117.120117,100.000000" />
  </shape>
  <shape id="10225050" label="Rectangle 5" startTime="2441" endTime="3806" fillType="color" mediaFillMode="stretch" s=".rect">
    <transform>
      <location value="1280.000000,720.000000,0.000000" />
      <scale value="0.719129,7.200000" />
    </transform>
    <fillColor value="#ff6d9fa3" />
    <effect id="com.alightcreative.effects.lift" locallyApplied="false">
      <property name="fill" type="float" value="0.000000" />
    </effect>
    <effect id="com.alightcreative.gradientoverlay2" locallyApplied="false">
      <property name="color1" type="color" value="#ffffffff" />
      <property name="color2" type="color" value="#ff444444" />
      <property name="angle" type="float" value="0.000000" />
      <property name="scale" type="float" value="1.000000" />
      <property name="alpha" type="float" value="0.750000" />
      <property name="gradType" type="int" value="0" />
      <property name="blendMode" type="int" value="1" />
    </effect>
    <effect id="com.alightcreative.effects.sharpen" locallyApplied="false">
      <property name="strength" type="float" value="0.010000" />
      <property name="radius" type="float" value="10.000000" />
    </effect>
    <effect id="com.alightcreative.effects.exposure" locallyApplied="true">
      <property name="exposure" type="float" value="0.660000" />
      <property name="gamma" type="float" value="0.975000" />
      <property name="offset" type="float" value="0.000000" />
    </effect>
    <effect id="com.alightcreative.effects.satvib" locallyApplied="false">
      <property name="saturation" type="float" value="0.080000" />
      <property name="vib" type="float" value="1.000000" />
    </effect>
    <effect id="com.alightcreative.effects.satvib" locallyApplied="false">
      <property name="saturation" type="float" value="-0.105000" />
      <property name="vib" type="float" value="1.080000" />
    </effect>
    <property name="size" type="vec2" value="2223.520752,100.000000" />
  </shape>
  <shape id="10225051" label="Rectangle 6" startTime="2441" endTime="3806" fillType="color" mediaFillMode="stretch" s=".rect">
    <transform>
      <location value="1280.000000,720.000000,0.000000" />
      <scale value="0.531469,7.200000" />
    </transform>
    <fillColor value="#ff595b61" />
    <effect id="com.alightcreative.effects.lift" locallyApplied="false">
      <property name="fill" type="float" value="0.000000" />
    </effect>
    <effect id="com.alightcreative.effects.sharpen" locallyApplied="true">
      <property name="strength" type="float" value="0.180000" />
      <property name="radius" type="float" value="1.000000" />
    </effect>
    <property name="size" type="vec2" value="3008.639893,100.000000" />
  </shape>
  <shape id="10225052" label="Glow Layer" startTime="2441" endTime="3806" fillType="color" blending="linear-dodge" mediaFillMode="stretch" s=".rect">
    <transform>
      <location value="1280.000000,720.000000,0.000000" />
      <scale value="15.990002,7.200000" />
      <opacity value="0.142578" />
    </transform>
    <fillColor value="#ff7cc1db" />
    <effect id="com.alightcreative.effects.lift" locallyApplied="true">
      <property name="fill" type="float" value="0.000000" />
    </effect>
    <effect id="com.alightcreative.effects.exposure" locallyApplied="true">
      <property name="exposure" type="float" value="2.000000" />
      <property name="gamma" type="float" value="0.040000" />
      <property name="offset" type="float" value="0.400000" />
    </effect>
    <effect id="com.alightcreative.effects.gaussianblur" locallyApplied="true">
      <property name="strength" type="float" value="1.060000" />
    </effect>
    <property name="size" type="vec2" value="100.000000,100.000000" />
  </shape>
  <shape id="10225053" label="Rectangle 1 Copy" startTime="2441" endTime="3806" fillType="color" blending="linear-dodge" mediaFillMode="stretch" s=".rect">
    <transform>
      <location value="489.681641,162.052551,0.000000" />
      <scale value="0.209575,0.209575" />
    </transform>
    <fillColor value="#ffddf3de" />
    <effect id="com.alightcreative.effects.lift" locallyApplied="true">
      <property name="fill" type="float" value="0.000000" />
    </effect>
    <effect id="com.alightcreative.effects.exposure" locallyApplied="true">
      <property name="exposure" type="float" value="2.000000" />
      <property name="gamma" type="float" value="0.140000" />
      <property name="offset" type="float" value="0.500000" />
    </effect>
    <effect id="com.alightcreative.effects.gaussianblur" locallyApplied="true">
      <property name="strength" type="float" value="2.000000" />
    </effect>
    <effect id="com.alightcreative.spotcolor2" locallyApplied="true">
      <property name="color" type="color" value="#fff4b446" />
      <property name="threshold" type="float" value="2.000000" />
      <property name="feather" type="float" value="2.000000" />
      <property name="saturation" type="float" value="1.000000" />
      <property name="choke" type="float" value="5.000000" />
    </effect>
    <property name="size" type="vec2" value="1016.000000,602.000000" />
  </shape>
  <text id="10225054" label="Rays Cc Copy 3" startTime="2441" endTime="3823" fillType="color" mediaFillMode="fill" size="18.000000" font="googlefonts?name=Roboto&amp;weight=400" wrapWidth="512" align="center">
    <transform>
      <location value="1350.814819,650.666626,0.000000" />
      <scale value="3.417969,3.417969" />
    </transform>
    <fillColor value="#ffff4444" />
    <content>Dark Nees Cc single </content>
  </text>
  <embedScene id="10225055" label="paste this layer" startTime="3875" endTime="5890" fillType="intrinsic" outTime="2015" mediaFillMode="stretch">
    <transform>
      <location value="1280.000000,720.000000,0.000000" />
      <scale value="1.313494,1.313494" />
    </transform>
    <fillColor value="#ff000000" />
    <effect id="com.alightcreative.effects.chromakey" locallyApplied="false">
      <property name="keyColor" type="color" value="#ff030303" />
      <property name="threshold" type="float" value="0.032000" />
      <property name="feather" type="float" value="0.211000" />
      <property name="defringe" type="bool" value="true" />
      <property name="invert" type="bool" value="false" />
    </effect>
    <effect id="com.alightcreative.effects.lift" locallyApplied="false">
      <property name="fill" type="float" value="0.000000" />
    </effect>
    <effect id="com.alightcreative.effects.exposure" locallyApplied="false">
      <property name="exposure" type="float" value="-0.100000" />
      <property name="gamma" type="float" value="1.000000" />
      <property name="offset" type="float" value="0.000000" />
    </effect>
    <effect id="com.alightcreative.effects.gaussianblur" locallyApplied="false">
      <property name="strength" type="float" value="0.080000" />
    </effect>
    <effect id="com.alightcreative.effects.satvib" locallyApplied="false">
      <property name="saturation" type="float" value="0.020000" />
      <property name="vib" type="float" value="1.110000" />
    </effect>
    <scene title="" width="1949" height="1949" exportWidth="1949" exportHeight="1949" precompose="dynamicResolution" bgcolor="#00000000" totalTime="14232" fps="60" modifiedTime="0" amver="1002351" ffver="106" am="com.alightcreative.motioo/5.0.270.1002578" amplatform="android" retime="off" retimeAdaptFPS="false">
      <shape id="443" label="Rectangle 1" startTime="0" endTime="14232" fillType="color" mediaFillMode="stretch" s=".rect">
        <transform>
          <location value="974.666443,974.666504,0.000000" />
        </transform>
        <fillColor value="#ff678460" />
        <property name="size" type="vec2" value="974.666443,974.666504" />
      </shape>
      <shape id="444" label="Circle 1" startTime="0" endTime="14232" fillType="color" blending="exclude" mediaFillMode="stretch" s=".circle">
        <transform>
          <location value="974.666443,974.666504,0.000000" />
        </transform>
        <fillColor value="#ffacdd58" />
        <effect id="com.alightcreative.effects.gaussianblur" locallyApplied="false">
          <property name="strength" type="float" value="1.065000" />
        </effect>
        <property name="size" type="vec2" value="704.000122,723.423584" />
      </shape>
    </scene>
  </embedScene>
  <shape id="10225056" label="Rectangle 1" startTime="3875" endTime="5890" fillType="color" blending="subtract" mediaFillMode="stretch" s=".rect">
    <transform>
      <location value="1280.000000,720.000000,0.000000" />
      <scale value="2.181917,5.763604" />
    </transform>
    <fillColor value="#ffb8f4a5" />
    <effect id="com.alightcreative.effects.lift" locallyApplied="false">
      <property name="fill" type="float" value="0.000000" />
    </effect>
    <effect id="com.alightcreative.effects.exposure" locallyApplied="false">
      <property name="exposure" type="float" value="-2.000000" />
      <property name="gamma" type="float" value="0.500000" />
      <property name="offset" type="float" value="0.000000" />
    </effect>
    <effect id="com.alightcreative.effects.gaussianblur" locallyApplied="false">
      <property name="strength" type="float" value="0.580000" />
    </effect>
    <property name="size" type="vec2" value="586.640015,136.000000" />
  </shape>
  <shape id="10225057" label="Rounded Rectangle 1" startTime="3875" endTime="5890" fillType="color" mediaFillMode="stretch" s=".roundrect">
    <transform>
      <location value="1280.000000,720.000000,0.000000" />
      <scale value="14.669727,6.605505" />
    </transform>
    <fillColor value="#ffebb5ec" />
    <effect id="com.alightcreative.effects.lift" locallyApplied="false">
      <property name="fill" type="float" value="0.000000" />
    </effect>
    <effect id="com.alightcreative.effects.exposure" locallyApplied="false">
      <property name="exposure" type="float" value="0.010000" />
      <property name="gamma" type="float" value="0.750000" />
      <property name="offset" type="float" value="0.000000" />
    </effect>
    <property name="size" type="vec2" value="100.000000,109.000000" />
    <property name="cornerRadius" type="float" value="0.000000" />
  </shape>
  <shape id="10225058" label="Rectangle 3" startTime="3875" endTime="5890" fillType="color" blending="soft-light" speed="1.249066" mediaFillMode="stretch" s=".rect">
    <transform>
      <location value="1280.000000,720.000000,0.000000" />
      <scale value="0.690429,5.763597" />
      <opacity value="0.199219" />
    </transform>
    <fillColor value="#fff5803a" />
    <effect id="com.alightcreative.effects.lift" locallyApplied="false">
      <property name="fill" type="float" value="0.000000" />
    </effect>
    <effect id="com.alightcreative.effects.invert" locallyApplied="false">
      <property name="invertRed" type="bool" value="true" />
      <property name="invertGreen" type="bool" value="true" />
      <property name="invertBlue" type="bool" value="true" />
    </effect>
    <effect id="com.alightcreative.effects.gaussianblur" locallyApplied="false">
      <property name="strength" type="float" value="0.450000" />
    </effect>
    <property name="size" type="vec2" value="1853.920044,152.000000" />
  </shape>
  <shape id="10225059" label="Rectangle 4" startTime="3875" endTime="5890" fillType="color" blending="overlay" mediaFillMode="stretch" s=".rect">
    <transform>
      <location value="1280.000000,720.000000,0.000000" />
      <scale value="0.604595,5.763608" />
      <opacity value="0.402344" />
    </transform>
    <fillColor value="#ff7c4957" />
    <effect id="com.alightcreative.effects.lift" locallyApplied="false">
      <property name="fill" type="float" value="0.000000" />
    </effect>
    <effect id="com.alightcreative.effects.satvib" locallyApplied="false">
      <property name="saturation" type="float" value="0.000000" />
      <property name="vib" type="float" value="1.640000" />
    </effect>
    <effect id="com.alightcreative.gradientoverlay2" locallyApplied="false">
      <property name="color1" type="color" value="#ffffffff" />
      <property name="color2" type="color" value="#ffbebebe" />
      <property name="angle" type="float" value="0.000000" />
      <property name="offset" type="vec2" value="-2.000000,9.000000" />
      <property name="scale" type="float" value="1.000000" />
      <property name="alpha" type="float" value="0.750000" />
      <property name="gradType" type="int" value="0" />
      <property name="blendMode" type="int" value="1" />
    </effect>
    <property name="size" type="vec2" value="2117.120117,148.000000" />
  </shape>
  <shape id="10225060" label="Rectangle 5" startTime="3875" endTime="5890" fillType="color" mediaFillMode="stretch" s=".rect">
    <transform>
      <location value="1280.000000,720.000000,0.000000" />
      <scale value="0.619939,6.206897" />
    </transform>
    <fillColor value="#ff6d9fa3" />
    <effect id="com.alightcreative.effects.lift" locallyApplied="false">
      <property name="fill" type="float" value="0.000000" />
    </effect>
    <effect id="com.alightcreative.gradientoverlay2" locallyApplied="false">
      <property name="color1" type="color" value="#ffffffff" />
      <property name="color2" type="color" value="#ff444444" />
      <property name="angle" type="float" value="0.000000" />
      <property name="scale" type="float" value="1.000000" />
      <property name="alpha" type="float" value="0.750000" />
      <property name="gradType" type="int" value="0" />
      <property name="blendMode" type="int" value="1" />
    </effect>
    <effect id="com.alightcreative.effects.sharpen" locallyApplied="false">
      <property name="strength" type="float" value="0.010000" />
      <property name="radius" type="float" value="10.000000" />
    </effect>
    <effect id="com.alightcreative.effects.exposure" locallyApplied="false">
      <property name="exposure" type="float" value="0.660000" />
      <property name="gamma" type="float" value="0.975000" />
      <property name="offset" type="float" value="0.000000" />
    </effect>
    <effect id="com.alightcreative.effects.satvib" locallyApplied="false">
      <property name="saturation" type="float" value="0.080000" />
      <property name="vib" type="float" value="1.000000" />
    </effect>
    <effect id="com.alightcreative.effects.satvib" locallyApplied="false">
      <property name="saturation" type="float" value="-0.105000" />
      <property name="vib" type="float" value="1.080000" />
    </effect>
    <property name="size" type="vec2" value="2223.520752,116.000000" />
  </shape>
  <shape id="10225061" label="Rectangle 1" startTime="3875" endTime="5890" fillType="color" mediaFillMode="stretch" s=".rect">
    <transform>
      <location value="1280.000000,720.000000,0.000000" />
      <scale value="12.800000,5.763602" />
      <opacity value="0.195313" />
    </transform>
    <fillColor value="#ffdb7d8c" />
    <effect id="com.alightcreative.effects.lift" locallyApplied="false">
      <property name="fill" type="float" value="0.000000" />
    </effect>
    <effect id="com.alightcreative.replacecolor" locallyApplied="false">
      <property name="oldcolor" type="color" value="#ff5578aa" />
      <property name="newcolor" type="color" value="#ff00ff97" />
      <property name="threshold" type="float" value="0.340000" />
      <property name="feather" type="float" value="0.300000" />
      <property name="alpha" type="float" value="1.000000" />
      <property name="lockLuminance" type="bool" value="true" />
    </effect>
    <property name="size" type="vec2" value="100.000000,148.000000" />
  </shape>
  <shape id="10225062" label="Rectangle 6" startTime="3875" endTime="5890" fillType="color" mediaFillMode="stretch" s=".rect">
    <transform>
      <location value="1280.000000,720.000000,0.000000" />
      <scale value="0.425441,5.763608" />
    </transform>
    <fillColor value="#ff595b61" />
    <effect id="com.alightcreative.effects.lift" locallyApplied="false">
      <property name="fill" type="float" value="0.000000" />
    </effect>
    <effect id="com.alightcreative.effects.sharpen" locallyApplied="false">
      <property name="strength" type="float" value="0.180000" />
      <property name="radius" type="float" value="1.000000" />
    </effect>
    <property name="size" type="vec2" value="3008.639893,154.000000" />
  </shape>
  <shape id="10225063" label="Sky Flicker" startTime="3875" endTime="5890" fillType="color" mediaFillMode="stretch" s=".roundrect">
    <transform>
      <location value="1280.000000,720.000000,0.000000" />
      <scale value="0.901863,0.406091" />
    </transform>
    <fillColor value="#ffd93dc1" />
    <effect id="com.alightcreative.effects.lift" locallyApplied="false">
      <property name="fill" type="float" value="0.000000" />
    </effect>
    <effect id="com.alightcreative.effects.exposure" locallyApplied="false">
      <property name="exposure" type="float" value="0.220000" />
      <property name="gamma" type="float" value="1.000000" />
      <property name="offset" type="float" value="0.000000" />
    </effect>
    <effect id="com.alightcreative.effects.flicker2" locallyApplied="false">
      <property name="freq" type="float" value="9.240000" />
      <property name="mag" type="float" value="1.000000" />
      <property name="seed" type="float" value="0.000000" />
      <property name="basis" type="int" value="0" />
    </effect>
    <property name="size" type="vec2" value="1783.000000,1773.000000" />
    <property name="cornerRadius" type="float" value="25.000000" />
  </shape>
  <shape id="10225064" label="Glow Layer" startTime="3875" endTime="5890" fillType="color" blending="linear-dodge" mediaFillMode="stretch" s=".rect">
    <transform>
      <location value="1280.000000,720.000000,0.000000" />
      <scale value="12.800000,5.763602" />
      <opacity value="0.142578" />
    </transform>
    <fillColor value="#ff7cc1db" />
    <effect id="com.alightcreative.effects.lift" locallyApplied="false">
      <property name="fill" type="float" value="0.000000" />
    </effect>
    <effect id="com.alightcreative.effects.exposure" locallyApplied="false">
      <property name="exposure" type="float" value="2.000000" />
      <property name="gamma" type="float" value="0.040000" />
      <property name="offset" type="float" value="0.400000" />
    </effect>
    <effect id="com.alightcreative.effects.gaussianblur" locallyApplied="false">
      <property name="strength" type="float" value="1.060000" />
    </effect>
    <property name="size" type="vec2" value="100.000000,126.000000" />
  </shape>
  <text id="10225065" label="Rays Cc Copy 5" startTime="3875" endTime="5907" fillType="color" mediaFillMode="fill" size="18.000000" font="googlefonts?name=Roboto&amp;weight=400" wrapWidth="512" align="center">
    <transform>
      <location value="1286.222168,741.926025,0.000000" />
      <scale value="3.417969,3.417969" />
    </transform>
    <fillColor value="#ffff4444" />
    <content>Green Cc single </content>
  </text>
  <embedScene id="10225066" label="Group 1" startTime="5958" endTime="7140" fillType="intrinsic" inTime="4100" outTime="5282" mediaFillMode="stretch">
    <transform>
      <location value="1280.000000,720.000000,0.000000" />
      <scale value="1.281923,1.281923" />
    </transform>
    <fillColor value="#ff000000" />
    <effect id="com.alightcreative.effects.lift" locallyApplied="true">
      <property name="fill" type="float" value="0.000000" />
    </effect>
    <effect id="com.alightcreative.effects.gaussianblur" locallyApplied="true">
      <property name="strength" type="float" value="0.060000" />
    </effect>
    <scene title="" width="1997" height="1997" exportWidth="1997" exportHeight="1997" precompose="dynamicResolution" bgcolor="#00000000" totalTime="36632" fps="60" modifiedTime="0" amver="1002351" ffver="106" am="com.alightcreative.motioo/5.0.270.1002578" amplatform="android" retime="off" retimeAdaptFPS="false">
      <shape id="6255873" label="Rounded Rectangle 4" startTime="0" endTime="36632" fillType="color" mediaFillMode="stretch" s=".roundrect">
        <transform>
          <location value="998.499939,998.499939,0.000000" />
          <scale value="9.985000,9.985000" />
        </transform>
        <fillColor value="#ff45896e" />
        <property name="size" type="vec2" value="100.000000,100.000000" />
        <property name="cornerRadius" type="float" value="25.000000" />
      </shape>
      <shape id="6255874" label="Circle 1" startTime="0" endTime="36632" fillType="color" blending="exclude" mediaFillMode="stretch" s=".circle">
        <transform>
          <location value="1025.987305,1199.929199,0.000000" />
          <scale value="5.712488,5.712488" />
        </transform>
        <fillColor value="#ffc39cd6" />
        <effect id="com.alightcreative.effects.gaussianblur" locallyApplied="true">
          <property name="strength" type="float" value="0.600000" />
        </effect>
        <property name="size" type="vec2" value="100.000000,100.000000" />
      </shape>
    </scene>
  </embedScene>
  <shape id="10225067" label="Rounded Rectangle 1" startTime="5958" endTime="7140" fillType="color" blending="subtract" mediaFillMode="stretch" s=".roundrect">
    <transform>
      <location value="1280.000000,720.000000,0.000000" />
      <scale value="12.799999,12.799999" />
      <opacity value="0.898438" />
    </transform>
    <fillColor value="#ff7c9ed0" />
    <effect id="com.alightcreative.effects.lift" locallyApplied="true">
      <property name="fill" type="float" value="0.000000" />
    </effect>
    <effect id="com.alightcreative.effects.exposure" locallyApplied="true">
      <property name="exposure" type="float" value="-1.000000" />
      <property name="gamma" type="float" value="1.000000" />
      <property name="offset" type="float" value="0.000000" />
    </effect>
    <effect id="com.alightcreative.effects.gaussianblur" locallyApplied="true">
      <property name="strength" type="float" value="0.150000" />
    </effect>
    <property name="size" type="vec2" value="100.000000,100.000000" />
    <property name="cornerRadius" type="float" value="25.000000" />
  </shape>
  <shape id="10225068" label="Rounded Rectangle 2" startTime="5958" endTime="7140" fillType="color" blending="overlay" mediaFillMode="stretch" s=".roundrect">
    <transform>
      <location value="1280.000000,720.000000,0.000000" />
      <scale value="12.799999,12.799999" />
      <opacity value="0.884766" />
    </transform>
    <property name="size" type="vec2" value="100.000000,100.000000" />
    <property name="cornerRadius" type="float" value="25.000000" />
  </shape>
  <shape id="10225069" label="Rounded Rectangle 3" startTime="5958" endTime="7140" fillType="color" blending="linear-dodge" mediaFillMode="stretch" s=".roundrect">
    <transform>
      <location value="1378.814331,390.259399,0.000000" />
      <scale value="17.323048,4.430000" />
    </transform>
    <fillColor value="#ff74998e" />
    <effect id="com.alightcreative.effects.lift" locallyApplied="true">
      <property name="fill" type="float" value="0.000000" />
    </effect>
    <effect id="com.alightcreative.effects.exposure" locallyApplied="true">
      <property name="exposure" type="float" value="2.000000" />
      <property name="gamma" type="float" value="0.060000" />
      <property name="offset" type="float" value="0.200000" />
    </effect>
    <effect id="com.alightcreative.effects.gaussianblur" locallyApplied="true">
      <property name="strength" type="float" value="2.000000" />
    </effect>
    <effect id="com.alightcreative.effects.colorhot" locallyApplied="true">
      <property name="color" type="vec3" value="9.890410,0.809538,0.000000" />
      <property name="tint" type="vec3" value="60.000000,1.000000,0.000000" />
    </effect>
    <property name="size" type="vec2" value="100.000000,100.000000" />
    <property name="cornerRadius" type="float" value="25.000000" />
  </shape>
  <shape id="10225070" label="Rounded Rectangle 3 Copy" startTime="5958" endTime="7140" fillType="color" blending="linear-dodge" mediaFillMode="stretch" s=".roundrect">
    <transform>
      <location value="1219.909424,171.814941,0.000000" />
      <scale value="7.345000,1.878327" />
    </transform>
    <fillColor value="#ff74998e" />
    <effect id="com.alightcreative.effects.lift" locallyApplied="true">
      <property name="fill" type="float" value="0.000000" />
    </effect>
    <effect id="com.alightcreative.effects.exposure" locallyApplied="true">
      <property name="exposure" type="float" value="2.000000" />
      <property name="gamma" type="float" value="0.060000" />
      <property name="offset" type="float" value="0.200000" />
    </effect>
    <effect id="com.alightcreative.effects.gaussianblur" locallyApplied="true">
      <property name="strength" type="float" value="2.000000" />
    </effect>
    <effect id="com.alightcreative.effects.colorhot" locallyApplied="true">
      <property name="color" type="vec3" value="30.036772,1.000000,0.000000" />
      <property name="tint" type="vec3" value="60.000000,1.000000,0.000000" />
    </effect>
    <property name="size" type="vec2" value="100.000000,100.000000" />
    <property name="cornerRadius" type="float" value="25.000000" />
  </shape>
  <shape id="10225071" label="Rounded Rectangle 4" startTime="5958" endTime="7140" fillType="color" mediaFillMode="stretch" s=".roundrect">
    <transform>
      <location value="1280.000000,720.000000,0.000000" />
      <scale value="12.800001,12.800001" />
    </transform>
    <fillColor value="#ff748e80" />
    <effect id="com.alightcreative.effects.lift" locallyApplied="true">
      <property name="fill" type="float" value="0.000000" />
    </effect>
    <effect id="com.alightcreative.effects.channelmap" locallyApplied="true">
      <property name="red" type="int" value="0" />
      <property name="green" type="int" value="4" />
      <property name="blue" type="int" value="4" />
      <property name="alpha" type="int" value="2" />
    </effect>
    <property name="size" type="vec2" value="100.000000,100.000000" />
    <property name="cornerRadius" type="float" value="25.000000" />
  </shape>
  <text id="10225072" label="Rays Cc Copy 7" startTime="5958" endTime="7157" fillType="color" mediaFillMode="fill" size="18.000000" font="googlefonts?name=Roboto&amp;weight=400" wrapWidth="512" align="center">
    <transform>
      <location value="1208.000122,685.629639,0.000000" />
      <scale value="3.417969,3.417969" />
    </transform>
    <fillColor value="#ffff4444" />
    <content>Most Favorite Cc single </content>
  </text>
  <shape id="10225073" label="kam" startTime="7175" endTime="8041" fillType="gradient" blending="multiply" mediaFillMode="stretch" s=".rect">
    <transform>
      <location value="1280.000000,720.000000,0.000000" />
      <scale value="12.800000,12.800000" />
    </transform>
    <fillColor value="#ffd8d847" />
    <gradient type="radial" startColor="#ffffffff" endColor="#ff000000" start="0.512860,0.500785" end="0.542837,1.526894" />
    <property name="size" type="vec2" value="100.000000,100.000000" />
  </shape>
  <shape id="10225074" label="kam" startTime="7175" endTime="8041" fillType="color" blending="overlay" mediaFillMode="stretch" s=".rect">
    <transform>
      <location value="1280.000000,720.000000,0.000000" />
      <scale value="12.800000,12.800000" />
      <opacity value="0.857422" />
    </transform>
    <fillColor value="#ffe8d2c8" />
    <effect id="com.alightcreative.effects.lift" locallyApplied="false">
      <property name="fill" type="float" value="0.000000" />
    </effect>
    <effect id="com.alightcreative.effects.colortemperature" locallyApplied="true">
      <property name="temperature" type="float" value="9.730000" />
      <property name="strength" type="float" value="0.995000" />
    </effect>
    <effect id="com.alightcreative.effects.exposure" locallyApplied="false">
      <property name="exposure" type="float" value="0.350000" />
      <property name="gamma" type="float" value="0.975000" />
      <property name="offset" type="float" value="0.000000" />
    </effect>
    <property name="size" type="vec2" value="100.000000,100.000000" />
  </shape>
  <shape id="10225075" label="blink" startTime="7175" endTime="8041" fillType="color" mediaFillMode="stretch" s=".rect">
    <transform>
      <location value="1280.000000,720.000000,0.000000" />
      <scale value="12.800000,12.800000" />
      <opacity value="0.128906" />
    </transform>
    <fillColor value="#ff000000" />
    <effect id="com.alightcreative.effects.blink2" locallyApplied="true">
      <property name="freq" type="float" value="5.600000" />
    </effect>
    <property name="size" type="vec2" value="100.000000,100.000000" />
  </shape>
  <shape id="10225076" label="Rectangle 4" startTime="8108" endTime="8940" fillType="color" blending="soft-overlay" mediaFillMode="stretch" s=".rect">
    <transform>
      <location value="1280.000000,720.000000,0.000000" />
      <scale value="12.800000,16.000000" />
    </transform>
    <fillColor value="#ffe56cbf" />
    <effect id="com.alightcreative.effects.lift" locallyApplied="false">
      <property name="fill" type="float" value="0.000000" />
    </effect>
    <effect id="com.alightcreative.effects.sharpen" locallyApplied="false">
      <property name="strength" type="float" value="6.170000" />
      <property name="radius" type="float" value="1.000000" />
    </effect>
    <effect id="com.alightcreative.effects.exposure" locallyApplied="false">
      <property name="exposure" type="float" value="-1.000000" />
      <property name="gamma" type="float" value="7.715000" />
      <property name="offset" type="float" value="0.000000" />
    </effect>
    <property name="size" type="vec2" value="100.000000,100.000000" />
  </shape>
  <shape id="10225077" label="Rectangle " startTime="8108" endTime="8940" fillType="color" mediaFillMode="stretch" s=".rect">
    <transform>
      <location value="1280.000000,720.000000,0.000000" />
      <scale value="12.800000,16.000000" />
    </transform>
    <fillColor value="#ffdb70ae" />
    <effect id="com.alightcreative.effects.lift" locallyApplied="false">
      <property name="fill" type="float" value="0.000000" />
    </effect>
    <effect id="com.alightcreative.gradientoverlay2" locallyApplied="false">
      <property name="alpha" type="float" value="0.577000" />
      <property name="blendMode" type="int" value="2" />
      <property name="color1" type="color" value="#ff000000" />
      <property name="color2" type="color" value="#ff000000" />
      <property name="angle" type="float" value="0.000000" />
      <property name="scale" type="float" value="1.000000" />
      <property name="gradType" type="int" value="0" />
    </effect>
    <effect id="com.alightcreative.effects.sharpen" locallyApplied="false">
      <property name="strength" type="float" value="0.200000" />
      <property name="radius" type="float" value="1.000000" />
    </effect>
    <property name="size" type="vec2" value="100.000000,100.000000" />
  </shape>
  <shape id="10225078" label="Rectangle " startTime="8108" endTime="8940" fillType="color" mediaFillMode="stretch" s=".rect">
    <transform>
      <location value="1280.000000,720.000000,0.000000" />
      <scale value="12.800000,16.000000" />
    </transform>
    <fillColor value="#ffc07dfc" />
    <effect id="com.alightcreative.effects.lift" locallyApplied="false">
      <property name="fill" type="float" value="0.000000" />
    </effect>
    <effect id="com.alightcreative.gradientoverlay2" locallyApplied="false">
      <property name="alpha" type="float" value="0.307000" />
      <property name="color1" type="color" value="#ffffffff" />
      <property name="color2" type="color" value="#ff000000" />
      <property name="angle" type="float" value="0.000000" />
      <property name="scale" type="float" value="1.000000" />
      <property name="gradType" type="int" value="0" />
      <property name="blendMode" type="int" value="0" />
    </effect>
    <effect id="com.alightcreative.effects.sharpen" locallyApplied="false">
      <property name="strength" type="float" value="0.120000" />
      <property name="radius" type="float" value="1.000000" />
    </effect>
    <property name="size" type="vec2" value="100.000000,100.000000" />
  </shape>
  <shape id="10225079" label="Rectangle " startTime="8108" endTime="8940" fillType="color" mediaFillMode="stretch" s=".rect">
    <transform>
      <location value="1280.000000,720.000000,0.000000" />
      <scale value="12.800000,16.000000" />
    </transform>
    <fillColor value="#ff37fe51" />
    <effect id="com.alightcreative.effects.lift" locallyApplied="false">
      <property name="fill" type="float" value="0.000000" />
    </effect>
    <effect id="com.alightcreative.effects.exposure" locallyApplied="false">
      <property name="exposure" type="float" value="0.900000" />
      <property name="gamma" type="float" value="0.305000" />
      <property name="offset" type="float" value="0.000000" />
    </effect>
    <property name="size" type="vec2" value="100.000000,100.000000" />
  </shape>
  <shape id="10225080" label="Rectangle " startTime="8108" endTime="8940" fillType="color" mediaFillMode="stretch" s=".rect">
    <transform>
      <location value="1280.000000,720.000000,0.000000" />
      <scale value="12.800000,16.000000" />
    </transform>
    <fillColor value="#ff4b4c65" />
    <effect id="com.alightcreative.effects.lift" locallyApplied="false">
      <property name="fill" type="float" value="0.000000" />
    </effect>
    <effect id="com.alightcreative.effects.colortune2" locallyApplied="false">
      <property name="gamma" type="vec3" value="-135.418228,0.057664,0.000000" />
      <property name="lift" type="vec3" value="-130.520279,0.045808,0.000000" />
    </effect>
    <property name="size" type="vec2" value="100.000000,100.000000" />
  </shape>
  <shape id="10225081" label="Rectangle " startTime="8108" endTime="8940" fillType="color" blending="screen" mediaFillMode="stretch" s=".rect">
    <transform>
      <location value="1280.000000,720.000000,0.000000" />
      <scale value="12.800000,16.000000" />
      <opacity value="0.626953" />
    </transform>
    <fillColor value="#ffb565b0" />
    <effect id="com.alightcreative.effects.lift" locallyApplied="false">
      <property name="fill" type="float" value="0.000000" />
    </effect>
    <effect id="com.alightcreative.effects.gaussianblur" locallyApplied="false">
      <property name="strength" type="float" value="0.500000" />
    </effect>
    <property name="size" type="vec2" value="100.000000,100.000000" />
  </shape>
  <shape id="10225082" label="Rectangle " hidden="true" startTime="8108" endTime="8940" fillType="color" blending="multiply" mediaFillMode="stretch" s=".rect">
    <transform>
      <location value="1280.000000,720.000000,0.000000" />
      <scale value="12.800000,16.000000" />
    </transform>
    <fillColor value="#ffdcc168" />
    <effect id="com.alightcreative.effects.lift" locallyApplied="false">
      <property name="fill" type="float" value="0.000000" />
    </effect>
    <effect id="com.alightcreative.gradientoverlay2" locallyApplied="false">
      <property name="alpha" type="float" value="1.000000" />
      <property name="blendMode" type="int" value="2" />
      <property name="color1" type="color" value="#ffffffff" />
      <property name="color2" type="color" value="#ff000000" />
      <property name="angle" type="float" value="0.000000" />
      <property name="scale" type="float" value="1.000000" />
      <property name="gradType" type="int" value="0" />
    </effect>
    <property name="size" type="vec2" value="100.000000,100.000000" />
  </shape>
  <shape id="10225083" label="Rectangle " startTime="8108" endTime="8940" fillType="color" blending="screen" mediaFillMode="stretch" s=".rect">
    <transform>
      <location value="1280.000000,720.000000,0.000000" />
      <scale value="12.800000,16.000000" />
      <opacity value="0.601563" />
    </transform>
    <fillColor value="#ffb565b0" />
    <effect id="com.alightcreative.effects.lift" locallyApplied="false">
      <property name="fill" type="float" value="0.000000" />
    </effect>
    <effect id="com.alightcreative.effects.gaussianblur" locallyApplied="false">
      <property name="strength" type="float" value="0.690000" />
    </effect>
    <property name="size" type="vec2" value="100.000000,100.000000" />
  </shape>
</scene>