<?xml version='1.0' encoding='UTF-8' ?><!--
Created by Alight Motion (http://alightmotion.com)
Exported: 2025-04-14 10:13 PM
5.0.270.1002578 (1002351)
6dff462 (Apr 11, 2024 5:47:55 PM)
-->
<scene title="GLOWING CC BY ZEROX EDITZ" width="1920" height="1080" exportWidth="1920" exportHeight="900" precompose="dynamicResolution" bgcolor="#ff000000" totalTime="1015" fps="60" modifiedTime="1744650796333" amver="1002351" ffver="106" am="com.alightcreative.motioo/5.0.270.1002578" amplatform="android" retime="freeze" retimeAdaptFPS="false">
  <media uri="content://media/external/images/media/1000058747" type="image/jpeg" duration="0" orientation="0" infoUpdated="1744647607726" width="0" height="0" />
  <shape id="10221236" label="Screenshot_20250411-164109.jpg" startTime="0" endTime="1015" fillType="media" fillImage="content://media/external/images/media/1000058747" mediaFillMode="fill" s=".rect">
    <transform>
      <location value="960.000000,540.000000,0.000000" />
      <scale value="1.282660,1.282660" />
    </transform>
    <property name="size" type="vec2" value="960.000000,421.000000" />
  </shape>
  <shape id="10165482" label="Rounded Rectangle 1" startTime="0" endTime="1015" fillType="color" mediaFillMode="stretch" s=".roundrect">
    <transform>
      <location value="960.000000,540.000000,0.000000" />
      <scale value="11.519979,5.400000" />
    </transform>
    <fillColor value="#ffebb5ec" />
    <effect id="com.alightcreative.effects.lift" locallyApplied="true">
      <property name="fill" type="float" value="0.000000" />
    </effect>
    <effect id="com.alightcreative.effects.exposure" locallyApplied="true">
      <property name="exposure" type="float" value="-0.150000" />
      <property name="gamma" type="float" value="0.770000" />
      <property name="offset" type="float" value="0.000000" />
    </effect>
    <property name="size" type="vec2" value="100.000000,100.000000" />
    <property name="cornerRadius" type="float" value="0.000000" />
  </shape>
  <shape id="10165483" label="Rectangle 1" startTime="0" endTime="1015" fillType="color" blending="subtract" mediaFillMode="stretch" s=".rect">
    <transform>
      <location value="960.000000,540.000000,0.000000" />
      <scale value="1.963725,5.400000" />
    </transform>
    <fillColor value="#ffb8f4a5" />
    <effect id="com.alightcreative.effects.lift" locallyApplied="false">
      <property name="fill" type="float" value="0.000000" />
    </effect>
    <effect id="com.alightcreative.effects.exposure" locallyApplied="false">
      <property name="exposure" type="float" value="-2.000000" />
      <property name="gamma" type="float" value="0.500000" />
      <property name="offset" type="float" value="0.000000" />
    </effect>
    <effect id="com.alightcreative.effects.gaussianblur" locallyApplied="false">
      <property name="strength" type="float" value="0.580000" />
    </effect>
    <property name="size" type="vec2" value="586.640015,100.000000" />
  </shape>
  <shape id="10165484" label="Rectangle 4" startTime="0" endTime="1015" fillType="color" blending="overlay" mediaFillMode="stretch" s=".rect">
    <transform>
      <location value="960.000061,540.000000,0.000000" />
      <scale value="0.544136,5.400000" />
      <opacity value="0.402344" />
    </transform>
    <fillColor value="#ff7c4957" />
    <effect id="com.alightcreative.effects.lift" locallyApplied="false">
      <property name="fill" type="float" value="0.000000" />
    </effect>
    <effect id="com.alightcreative.effects.satvib" locallyApplied="true">
      <property name="vib" type="float" value="1.640000" />
      <property name="saturation" type="float" value="0.000000" />
    </effect>
    <effect id="com.alightcreative.gradientoverlay2" locallyApplied="false">
      <property name="blendMode" type="int" value="1" />
      <property name="color1" type="color" value="#ffffffff" />
      <property name="color2" type="color" value="#ffbebebe" />
      <property name="offset" type="vec2" value="-2.000000,9.000000" />
      <property name="angle" type="float" value="0.000000" />
      <property name="scale" type="float" value="1.000000" />
      <property name="alpha" type="float" value="0.750000" />
      <property name="gradType" type="int" value="0" />
    </effect>
    <property name="size" type="vec2" value="2117.120117,100.000000" />
  </shape>
  <shape id="10165485" label="Rounded Rectangle 1 Copy" startTime="0" endTime="1015" fillType="color" blending="linear-dodge" mediaFillMode="stretch" s=".roundrect">
    <transform>
      <location value="960.000000,540.000000,0.000000" />
      <scale value="11.520000,5.400000" />
      <opacity value="0.404483" />
    </transform>
    <fillColor value="#fffb4b3e" />
    <effect id="com.alightcreative.effects.lift" locallyApplied="true">
      <property name="fill" type="float" value="0.000000" />
    </effect>
    <effect id="com.alightcreative.effects.exposure" locallyApplied="true">
      <property name="gamma" type="float" value="0.010000" />
      <property name="offset" type="float" value="0.100000" />
      <property name="exposure" type="float" value="0.000000" />
    </effect>
    <effect id="com.alightcreative.effects.satvib" hidden="true" locallyApplied="true">
      <property name="saturation" type="float" value="0.450000" />
      <property name="vib" type="float" value="1.210000" />
    </effect>
    <effect id="com.alightcreative.effects.dblur" locallyApplied="true">
      <property name="strength" type="float" value="1.000000" />
      <property name="angle" type="float" value="0.000000" />
    </effect>
    <effect id="com.alightcreative.effects.colorhot" hidden="true" locallyApplied="true">
      <property name="color" type="vec3" value="17.591619,0.544652,0.000000" />
      <property name="tint" type="vec3" value="60.000000,1.000000,0.000000" />
    </effect>
    <property name="size" type="vec2" value="100.000000,100.000000" />
    <property name="cornerRadius" type="float" value="0.000000" />
  </shape>
  <shape id="10165486" label="Rectangle 6" startTime="0" endTime="1015" fillType="color" mediaFillMode="stretch" s=".rect">
    <transform>
      <location value="959.999939,540.000000,0.000000" />
      <scale value="0.382897,5.400000" />
    </transform>
    <fillColor value="#ff595b61" />
    <effect id="com.alightcreative.effects.lift" locallyApplied="false">
      <property name="fill" type="float" value="0.000000" />
    </effect>
    <effect id="com.alightcreative.effects.sharpen" locallyApplied="true">
      <property name="strength" type="float" value="0.180000" />
      <property name="radius" type="float" value="1.000000" />
    </effect>
    <property name="size" type="vec2" value="3008.639893,100.000000" />
  </shape>
  <embedScene id="10165487" label="Group 1" startTime="0" endTime="1015" fillType="intrinsic" inTime="-67" outTime="948" mediaFillMode="stretch">
    <transform>
      <location value="960.000000,540.000000,0.000000" />
      <scale value="0.898947,0.421381" />
    </transform>
    <fillColor value="#ff000000" />
    <effect id="com.alightcreative.effects.chromakey" locallyApplied="false">
      <property name="defringe" type="bool" value="true" />
      <property name="feather" type="float" value="0.211000" />
      <property name="keyColor" type="color" value="#ff030303" />
      <property name="threshold" type="float" value="0.032000" />
      <property name="invert" type="bool" value="false" />
    </effect>
    <effect id="com.alightcreative.effects.lift" locallyApplied="false">
      <property name="fill" type="float" value="0.000000" />
    </effect>
    <effect id="com.alightcreative.effects.exposure" locallyApplied="false">
      <property name="exposure" type="float" value="-0.550000" />
      <property name="gamma" type="float" value="1.000000" />
      <property name="offset" type="float" value="0.000000" />
    </effect>
    <effect id="com.alightcreative.effects.gaussianblur" locallyApplied="true">
      <property name="strength" type="float" value="0.050000" />
    </effect>
    <effect id="com.alightcreative.effects.satvib" locallyApplied="true">
      <property name="saturation" type="float" value="-0.485000" />
      <property name="vib" type="float" value="1.110000" />
    </effect>
    <scene title="" width="2563" height="2563" exportWidth="1920" exportHeight="1080" precompose="dynamicResolution" bgcolor="#00000000" totalTime="30299" fps="60" modifiedTime="0" amver="1002351" ffver="106" am="com.alightcreative.motioo/5.0.270.1002578" amplatform="android" retime="off" retimeAdaptFPS="false">
      <shape id="6185129" label="Rounded Rectangle 5" startTime="0" endTime="30299" fillType="color" mediaFillMode="stretch" s=".roundrect">
        <transform>
          <location value="1281.500000,1281.500000,0.000000" />
          <scale value="12.815000,12.815000" />
        </transform>
        <fillColor value="#ff3d54ac" />
        <property name="size" type="vec2" value="100.000000,100.000000" />
        <property name="cornerRadius" type="float" value="25.000000" />
      </shape>
      <shape id="6185130" label="Circle 1" startTime="0" endTime="30299" fillType="color" blending="exclude" mediaFillMode="stretch" s=".circle">
        <transform>
          <location value="1281.500000,1281.500000,0.000000" />
          <scale value="12.335002,7.120000" />
        </transform>
        <fillColor value="#ff764641" />
        <effect id="com.alightcreative.effects.gaussianblur" locallyApplied="true">
          <property name="strength" type="float" value="1.075000" />
        </effect>
        <property name="size" type="vec2" value="100.000000,100.000000" />
      </shape>
    </scene>
  </embedScene>
  <shape id="10165488" label="Sky Glow" startTime="0" endTime="1015" fillType="color" blending="linear-dodge" mediaFillMode="stretch" s=".rect">
    <transform>
      <location value="952.888916,280.590576,0.000000" />
      <scale value="0.405733,0.726097" />
    </transform>
    <fillColor value="#ffddf3de" />
    <effect id="com.alightcreative.effects.lift" locallyApplied="true">
      <property name="fill" type="float" value="0.000000" />
    </effect>
    <effect id="com.alightcreative.effects.exposure" locallyApplied="true">
      <property name="exposure" type="float" value="-0.870000" />
      <property name="gamma" type="float" value="0.500000" />
      <property name="offset" type="float" value="0.080000" />
    </effect>
    <effect id="com.alightcreative.effects.gaussianblur" locallyApplied="true">
      <property name="strength" type="float" value="2.000000" />
    </effect>
    <effect id="com.alightcreative.effects.pulseopacity2" locallyApplied="true">
      <property name="freq" type="float" value="12.500000" />
      <property name="strength" type="float" value="0.240000" />
      <property name="phase" type="float" value="0.000000" />
      <property name="type" type="int" value="0" />
    </effect>
    <effect id="com.alightcreative.effects.lightglow" locallyApplied="true">
      <property name="blend" type="float" value="1.000000" />
      <property name="color" type="color" value="#ffff00ff" />
      <property name="intensity" type="float" value="5.000000" />
      <property name="strength" type="float" value="2.000000" />
      <property name="threshold" type="float" value="0.783000" />
      <property name="halo" type="float" value="5.000000" />
      <property name="alpha" type="float" value="1.000000" />
    </effect>
    <effect id="com.alightcreative.effects.colorhot" locallyApplied="true">
      <property name="color" type="vec3" value="40.916489,0.861694,0.498357" />
      <property name="tint" type="vec3" value="-47.347115,1.000000,0.581788" />
    </effect>
    <effect id="com.alightcreative.effects.satvib" locallyApplied="true">
      <property name="saturation" type="float" value="-0.400000" />
      <property name="vib" type="float" value="1.000000" />
    </effect>
    <property name="size" type="vec2" value="2029.087036,371.384277" />
  </shape>
  <shape id="10165489" label="Quality Layer" hidden="true" startTime="0" endTime="1015" fillType="color" blending="subtract" mediaFillMode="stretch" s=".roundrect">
    <transform>
      <location value="959.999939,540.000000,0.000000" />
      <scale value="1.463891,0.686199" />
    </transform>
    <effect id="com.alightcreative.effects.lift" locallyApplied="true">
      <property name="fill" type="float" value="0.000000" />
    </effect>
    <effect id="com.alightcreative.effects.gaussianblur" locallyApplied="true">
      <property name="strength" type="float" value="0.070000" />
    </effect>
    <effect id="com.alightcreative.effects.exposure" locallyApplied="true">
      <property name="exposure" type="float" value="-2.000000" />
      <property name="gamma" type="float" value="0.995000" />
      <property name="offset" type="float" value="-0.010000" />
    </effect>
    <property name="size" type="vec2" value="786.944153,786.944214" />
    <property name="cornerRadius" type="float" value="25.000000" />
  </shape>
  <shape id="10165490" label="Overlay" startTime="0" endTime="1015" fillType="color" blending="overlay" mediaFillMode="stretch" s=".roundrect">
    <transform>
      <location value="960.000000,540.000000,0.000000" />
      <scale value="1.301837,0.610236" />
      <opacity value="0.929688" />
    </transform>
    <property name="size" type="vec2" value="884.903503,884.903442" />
    <property name="cornerRadius" type="float" value="25.000000" />
  </shape>
  <shape id="10165491" label="Rectangle 2" startTime="0" endTime="1015" fillType="color" blending="overlay" mediaFillMode="fill" s=".rect">
    <transform>
      <location value="960.000000,540.000000,0.000000" />
      <scale value="11.520000,5.400000" />
    </transform>
    <fillColor value="#ff000000" />
    <effect id="com.alightcreative.effects.exposure" locallyApplied="true">
      <property name="exposure" type="float" value="2.000000" />
      <property name="gamma" type="float" value="1.000000" />
      <property name="offset" type="float" value="0.900000" />
    </effect>
    <effect id="com.alightcreative.effects.blink2" locallyApplied="true">
      <property name="freq" type="float" value="16.000000" />
    </effect>
    <effect id="com.alightcreative.effects.flicker2" locallyApplied="true">
      <property name="freq" type="float" value="10.000000" />
      <property name="mag" type="float" value="1.000000" />
      <property name="seed" type="float" value="0.000000" />
      <property name="basis" type="int" value="0" />
    </effect>
    <effect id="com.alightcreative.effects.pulseopacity2" locallyApplied="true">
      <property name="freq" type="float" value="16.000000" />
      <property name="strength" type="float" value="1.000000" />
      <property name="phase" type="float" value="2.000000" />
      <property name="type" type="int" value="1" />
    </effect>
    <effect id="com.alightcreative.effects.colorhot" locallyApplied="true">
      <property name="color" type="vec3" value="40.916489,0.861694,0.498357" />
      <property name="tint" type="vec3" value="-47.347115,1.000000,0.581788" />
    </effect>
    <effect id="com.alightcreative.effects.satvib" locallyApplied="true">
      <property name="saturation" type="float" value="-0.400000" />
      <property name="vib" type="float" value="1.000000" />
    </effect>
    <property name="size" type="vec2" value="100.000000,100.000000" />
  </shape>
</scene>