<?xml version='1.0' encoding='UTF-8' ?><!--
Created by Alight Motion (http://alightmotion.com)
Exported: 2025-07-22 02:47 PM
5.0.275 (1002592)
a34a6c0 (Oct 7, 2024 3:17:29 PM)
-->
<scene title="PERSONAL RAYS CC BY PRIME ZURAIZ &#128099;&#128060;" width="1920" height="890" exportWidth="1920" exportHeight="890" precompose="dynamicResolution" bgcolor="#ff000000" totalTime="915" fps="60" modifiedTime="1753177641975" amver="1002592" ffver="106" am="com.alightcreative.motion/5.0.275" amplatform="android" retime="freeze" retimeAdaptFPS="false">
  <media uri="content://media/external/video/media/1000046472" filename="video_250721_214848.mp4" title="video_250721_214848.mp4" type="video/mp4" duration="7209000" size="9710264" fps="0.24" orientation="0" infoUpdated="1753177346701" width="1280" height="572" />
  <shape id="10341388" label="main video layer (by prime zuraiz) " startTime="0" endTime="915" fillType="media" fillVideo="content://media/external/video/media/1000046472" outTime="915" mediaFillMode="fill" s=".rect">
    <transform>
      <location value="960.000000,445.000000,0.000000" />
    </transform>
    <effect id="com.alightcreative.effects.satvib" locallyApplied="true">
      <property name="saturation" type="float" value="0.385000" />
      <property name="vib" type="float" value="1.450000" />
    </effect>
    <effect id="com.alightcreative.spotcolor2" locallyApplied="true">
      <property name="color" type="color" value="#fffae965" />
      <property name="threshold" type="float" value="2.000000" />
      <property name="feather" type="float" value="1.800000" />
      <property name="saturation" type="float" value="0.310000" />
      <property name="choke" type="float" value="3.160000" />
    </effect>
    <effect id="com.alightcreative.effects.satvib" locallyApplied="true">
      <property name="saturation" type="float" value="0.155000" />
      <property name="vib" type="float" value="1.200000" />
    </effect>
    <property name="size" type="vec2" value="960.000000,429.000000" />
  </shape>
  <shape id="10192133" label="Quality Layer (by prime zuraiz)" startTime="0" endTime="915" fillType="color" mediaFillMode="stretch" s=".roundrect">
    <transform>
      <location value="1170.000000,540.000000,0.000000" />
      <scale value="1.651960,0.929228" />
      <opacity value="0.101563" />
    </transform>
    <effect id="com.alightcreative.effects.lift" locallyApplied="true">
      <property name="fill" type="float" value="0.000000" />
    </effect>
    <effect id="com.alightcreative.effects.sharpen" locallyApplied="true">
      <property name="strength" type="float" value="20.000000" />
      <property name="radius" type="float" value="2.000000" />
    </effect>
    <property name="size" type="vec2" value="786.944153,786.944214" />
    <property name="cornerRadius" type="float" value="25.000000" />
  </shape>
  <shape id="10192134" label="Quality Layer 2 (by prime zuraiz) " startTime="0" endTime="915" fillType="color" blending="subtract" mediaFillMode="stretch" s=".roundrect">
    <transform>
      <location value="1170.000000,540.000000,0.000000" />
      <scale value="1.690082,0.950671" />
    </transform>
    <effect id="com.alightcreative.effects.lift" locallyApplied="true">
      <property name="fill" type="float" value="0.000000" />
    </effect>
    <effect id="com.alightcreative.effects.gaussianblur" locallyApplied="true">
      <property name="strength" type="float" value="0.100000" />
    </effect>
    <effect id="com.alightcreative.effects.exposure" locallyApplied="true">
      <property name="exposure" type="float" value="-1.150000" />
      <property name="gamma" type="float" value="0.995000" />
      <property name="offset" type="float" value="0.000000" />
    </effect>
    <property name="size" type="vec2" value="786.944153,786.944214" />
    <property name="cornerRadius" type="float" value="25.000000" />
  </shape>
  <shape id="10192135" label="Overlay (by prime zuraiz) " startTime="0" endTime="915" fillType="color" blending="overlay" mediaFillMode="stretch" s=".roundrect">
    <transform>
      <location value="1170.000000,540.000000,0.000000" />
      <scale value="1.502989,0.845431" />
      <opacity value="0.904297" />
    </transform>
    <property name="size" type="vec2" value="884.903503,884.903442" />
    <property name="cornerRadius" type="float" value="25.000000" />
  </shape>
  <shape id="10192136" label="Sharpe by (prime zuraiz) " startTime="0" endTime="915" fillType="color" mediaFillMode="fill" s=".rect">
    <transform>
      <location value="960.000000,444.000000,0.000000" />
      <scale value="9.600000,9.600000" />
    </transform>
    <fillColor value="#ffb374d8" />
    <effect id="com.alightcreative.effects.lift" locallyApplied="true">
      <property name="fill" type="float" value="0.000000" />
    </effect>
    <effect id="com.alightcreative.effects.exposure" locallyApplied="true">
      <property name="exposure" type="float" value="0.030000" />
      <property name="gamma" type="float" value="0.900000" />
      <property name="offset" type="float" value="0.000000" />
    </effect>
    <effect id="com.alightcreative.effects.brightcont2" locallyApplied="true">
      <property name="brightness" type="float" value="0.000000" />
      <property name="contrast" type="float" value="0.100000" />
    </effect>
    <effect id="com.alightcreative.effects.vignette" locallyApplied="true">
      <property name="scale" type="float" value="0.950000" />
      <property name="roundness" type="float" value="1.500000" />
      <property name="feather" type="float" value="1.000000" />
      <property name="strength" type="float" value="0.800000" />
      <property name="tint" type="float" value="0.200000" />
      <property name="overlaycolor" type="color" value="#ff000000" />
      <property name="punchout" type="bool" value="false" />
    </effect>
    <property name="size" type="vec2" value="100.000000,100.000000" />
  </shape>
  <shape id="10192137" label="Sharpe 2 (by prime zuraiz) " startTime="0" endTime="915" fillType="color" mediaFillMode="fill" s=".rect">
    <transform>
      <location value="960.000000,444.000000,0.000000" />
      <scale value="9.600000,9.600000" />
    </transform>
    <fillColor value="#ffbd5ccb" />
    <effect id="com.alightcreative.effects.lift" locallyApplied="true">
      <property name="fill" type="float" value="0.000000" />
    </effect>
    <effect id="com.alightcreative.effects.rays" locallyApplied="true">
      <property name="centerPoint" type="vec2" value="0.000000,-23.000000" />
      <property name="strength" type="float" value="2.500000" />
      <property name="intensity" type="float" value="1.100000" />
      <property name="threshold" type="float" value="0.700000" />
      <property name="thresholdColor" type="color" value="#ff000000" />
      <property name="fillColor" type="color" value="#ffffffff" />
      <property name="blend" type="float" value="0.000000" />
      <property name="quality" type="float" value="163.000000" />
    </effect>
    <property name="size" type="vec2" value="100.000000,100.000000" />
  </shape>
</scene>