<?xml version='1.0' encoding='UTF-8' ?><!--
Created by Alight Motion (http://alightmotion.com)
Exported: 2025-04-24 07:33 PM
5.0.272 (1002592)
a34a6c0 (Oct 7, 2024 3:17:29 PM)
-->
<scene title="Personal PC like CC By AF" width="1920" height="1080" exportWidth="1920" exportHeight="1080" precompose="dynamicResolution" bgcolor="#ff000000" totalTime="23032" fps="60" modifiedTime="1745505215123" amver="1002592" ffver="106" am="com.alightcreative.motion/5.0.272" amplatform="android" retime="freeze" retimeAdaptFPS="false">
  <shape id="10195188" label="New Project 37 [83D393E].mp4" startTime="0" endTime="23032" fillType="media" fillVideo="content://media/external/video/media/10632" outTime="23017" mediaFillMode="fill" s=".rect">
    <transform>
      <location value="960.000000,540.000000,0.000000" />
    </transform>
    <effect id="com.alightcreative.effects.satvib" locallyApplied="true">
      <property name="saturation" type="float" value="0.150000" />
      <property name="vib" type="float" value="1.240000" />
    </effect>
    <effect id="com.alightcreative.effects.sharpen" locallyApplied="true">
      <property name="strength" type="float" value="0.240000" />
      <property name="radius" type="float" value="1.000000" />
    </effect>
    <effect id="com.alightcreative.effects.brightcont2" locallyApplied="true">
      <property name="brightness" type="float" value="-0.040000" />
      <property name="contrast" type="float" value="0.000000" />
    </effect>
    <property name="size" type="vec2" value="960.000000,540.000000" />
  </shape>
  <shape id="10195189" label="Rounded Rectangle 1" startTime="0" endTime="23015" fillType="color" mediaFillMode="fill" s=".roundrect">
    <transform>
      <location value="960.000000,540.000000,0.000000" />
      <scale value="9.600000,9.600000" />
    </transform>
    <fillColor value="#ff5d51a9" />
    <effect id="com.alightcreative.effects.lift" locallyApplied="true">
      <property name="fill" type="float" value="0.000000" />
    </effect>
    <effect id="com.alightcreative.effects.exposure" locallyApplied="true">
      <property name="exposure" type="float" value="0.300000" />
      <property name="gamma" type="float" value="0.620000" />
      <property name="offset" type="float" value="0.000000" />
    </effect>
    <property name="size" type="vec2" value="100.000000,100.000000" />
    <property name="cornerRadius" type="float" value="25.000000" />
  </shape>
  <shape id="10195190" label="Rounded Rectangle 2" startTime="0" endTime="23015" fillType="color" mediaFillMode="fill" s=".roundrect">
    <transform>
      <location value="960.000000,540.000000,0.000000" />
      <scale value="9.600000,9.600000" />
    </transform>
    <fillColor value="#ffbbe5a5" />
    <effect id="com.alightcreative.effects.lift" locallyApplied="true">
      <property name="fill" type="float" value="0.000000" />
    </effect>
    <effect id="com.alightcreative.effects.rays" locallyApplied="true">
      <property name="strength" type="float" value="2.100000" />
      <property name="intensity" type="float" value="1.000000" />
      <property name="threshold" type="float" value="0.300000" />
      <property name="thresholdColor" type="color" value="#ff000000" />
      <property name="fillColor" type="color" value="#ffffffff" />
      <property name="blend" type="float" value="0.070000" />
      <property name="quality" type="float" value="389.000000" />
    </effect>
    <property name="size" type="vec2" value="100.000000,100.000000" />
    <property name="cornerRadius" type="float" value="25.000000" />
  </shape>
</scene>