<?xml version='1.0' encoding='UTF-8' ?><!--
Created by Alight Motion (http://alightmotion.com)
Exported: 2025-06-11 07:54 PM
5.0.271.1002592 (1002592)
a34a6c0 (Oct 7, 2024 3:17:29 PM)
-->
<scene title="Plastic cc by tomplays" width="1920" height="1080" exportWidth="1920" exportHeight="1080" precompose="dynamicResolution" bgcolor="#ff000000" totalTime="2032" fps="30" modifiedTime="1749653698626" amver="1002592" ffver="106" am="com.alightcreative.motion/5.0.271.1002592" amplatform="android" retime="freeze" retimeAdaptFPS="false">
  <text id="10258304" label="shram ni ati &#10;xml magty ho Copy" startTime="0" endTime="2032" fillType="color" mediaFillMode="fill" size="18.000000" font="googlefonts?name=Open Sans&amp;weight=400" wrapWidth="1146" align="left">
    <transform>
      <location value="2305.112305,647.066162,0.000000" />
      <scale value="3.310646,3.310646" />
    </transform>
    <shadow direction="outside">
      <size value="0.000000" />
    </shadow>
    <content>shram ni ati 
xml magty ho
</content>
  </text>
</scene>