<?xml version='1.0' encoding='UTF-8' ?><!--
Created by Alight Motion (http://alightmotion.com)
Exported: 2025-07-10 12:29 PM
5.0.270.1002578 (1002351)
6dff462 (Apr 11, 2024 5:47:55 PM)
-->
<scene title="PREMIUM CC LIKE PC &#127770;" width="1920" height="1080" exportWidth="1920" exportHeight="1080" precompose="dynamicResolution" bgcolor="#ff000000" totalTime="2499" fps="60" modifiedTime="1752132550370" amver="1002351" ffver="106" am="com.alightcreative.motioo/5.0.270.1002578" amplatform="android" retime="freeze" retimeAdaptFPS="false">
  <media uri="content://media/external/video/media/1000305286" filename="Screen_Recording_20250706_202016.mp4" title="Screen_Recording_20250706_202016.mp4" type="video/mp4" duration="111155000" size="368213427" fps="0.57" orientation="0" infoUpdated="1752055630934" width="2436" height="1080" />
  <shape id="10260007" label="Screen_Recording_20250706_202016.mp4" startTime="0" endTime="2499" fillType="media" fillVideo="content://media/external/video/media/1000305286" inTime="28800" outTime="31299" mediaFillMode="fill" s=".rect">
    <transform>
      <location value="960.000000,540.000000,0.000000" />
      <scale value="1.269095,1.269095" />
    </transform>
    <gain value="0.000000" />
    <property name="size" type="vec2" value="960.000000,425.500000" />
  </shape>
  <shape id="10260008" label="Circle 1 Copy" startTime="0" endTime="2465" fillType="color" blending="linear-dodge" mediaFillMode="stretch" s=".circle">
    <transform>
      <location value="1040.672363,393.295898,0.000000" />
      <scale value="7.946520,5.411856" />
      <skew value="0.932007,0.000000" />
      <rotation value="-14.268280" />
      <opacity value="0.347656" />
    </transform>
    <fillColor value="#ff956db2" />
    <effect id="com.alightcreative.effects.lift" locallyApplied="true">
      <property name="fill" type="float" value="0.000000" />
    </effect>
    <effect id="com.alightcreative.effects.exposure" locallyApplied="true">
      <property name="exposure" type="float" value="1.410000" />
      <property name="gamma" type="float" value="0.275000" />
      <property name="offset" type="float" value="0.030000" />
    </effect>
    <effect id="com.alightcreative.effects.gaussianblur" locallyApplied="true">
      <property name="strength" type="float" value="2.000000" />
    </effect>
    <effect id="com.alightcreative.effects.colorize" locallyApplied="true">
      <property name="tint" type="vec3" value="21.343327,0.479711,0.000000" />
    </effect>
    <effect id="com.alightcreative.effects.flicker2" hidden="true" locallyApplied="true">
      <property name="freq" type="float" value="10.000000" />
      <property name="mag" type="float" value="0.570000" />
      <property name="seed" type="float" value="0.000000" />
      <property name="basis" type="int" value="0" />
    </effect>
    <property name="size" type="vec2" value="100.000000,100.000000" />
  </shape>
  <shape id="10260009" label="Quality Layer" startTime="0" endTime="2465" fillType="color" mediaFillMode="stretch" s=".roundrect">
    <transform lockAspectRatio="false">
      <location value="871.222656,86.416016,0.000000" />
      <scale value="2.017465,1.397784" />
      <opacity value="0.105469" />
    </transform>
    <effect id="com.alightcreative.effects.lift" locallyApplied="true">
      <property name="fill" type="float" value="0.000000" />
    </effect>
    <effect id="com.alightcreative.effects.sharpen" locallyApplied="true">
      <property name="strength" type="float" value="19.680000" />
      <property name="radius" type="float" value="2.000000" />
    </effect>
    <property name="size" type="vec2" value="786.944153,786.944214" />
    <property name="cornerRadius" type="float" value="25.000000" />
  </shape>
  <shape id="10260010" label="Rectangle 1" startTime="0" endTime="2465" fillType="color" mediaFillMode="fill" s=".rect">
    <transform>
      <location value="871.222656,86.416016,0.000000" />
      <scale value="15.876330,15.876330" />
    </transform>
    <fillColor value="#ffb374d8" />
    <effect id="com.alightcreative.effects.lift" locallyApplied="true">
      <property name="fill" type="float" value="0.000000" />
    </effect>
    <effect id="com.alightcreative.effects.exposure" locallyApplied="true">
      <property name="exposure" type="float" value="0.080000" />
      <property name="gamma" type="float" value="1.115000" />
      <property name="offset" type="float" value="0.000000" />
    </effect>
    <effect id="com.alightcreative.effects.brightcont2" locallyApplied="true">
      <property name="brightness" type="float" value="-0.050000" />
      <property name="contrast" type="float" value="0.020000" />
    </effect>
    <effect id="com.alightcreative.effects.vignette" locallyApplied="true">
      <property name="scale" type="float" value="0.950000" />
      <property name="roundness" type="float" value="1.500000" />
      <property name="feather" type="float" value="1.000000" />
      <property name="strength" type="float" value="0.800000" />
      <property name="tint" type="float" value="0.200000" />
      <property name="overlaycolor" type="color" value="#ff000000" />
      <property name="punchout" type="bool" value="false" />
    </effect>
    <property name="size" type="vec2" value="100.000000,100.000000" />
  </shape>
  <shape id="10260011" label="Rounded Rectangle 6" startTime="0" endTime="2465" fillType="color" mediaFillMode="fill" s=".roundrect">
    <transform>
      <location value="871.222656,86.416016,0.000000" />
      <scale value="15.876330,15.876330" />
    </transform>
    <fillColor value="#ff8bd34c" />
    <effect id="com.alightcreative.effects.lift" locallyApplied="true">
      <property name="fill" type="float" value="0.000000" />
    </effect>
    <effect id="com.alightcreative.effects.exposure" locallyApplied="true">
      <property name="exposure" type="float" value="0.320000" />
      <property name="gamma" type="float" value="0.465000" />
      <property name="offset" type="float" value="0.000000" />
    </effect>
    <effect id="com.alightcreative.effects.flicker2" locallyApplied="true">
      <property name="freq" type="float" value="10.000000" />
      <property name="mag" type="float" value="0.800000" />
      <property name="seed" type="float" value="0.000000" />
      <property name="basis" type="int" value="0" />
    </effect>
    <effect id="com.alightcreative.effects.blink2" hidden="true" locallyApplied="true">
      <property name="freq" type="float" value="8.500000" />
    </effect>
    <property name="size" type="vec2" value="100.000000,100.000000" />
    <property name="cornerRadius" type="float" value="25.000000" />
  </shape>
  <shape id="10260012" label="Rounded Rectangle 3" startTime="0" endTime="2465" fillType="color" blending="screen" mediaFillMode="fill" s=".roundrect">
    <transform lockAspectRatio="false">
      <location value="859.169312,93.135986,0.000000" />
      <scale value="15.876330,15.330581" />
    </transform>
    <fillColor value="#ff72ba70" />
    <effect id="com.alightcreative.effects.lift" locallyApplied="true">
      <property name="fill" type="float" value="0.000000" />
    </effect>
    <effect id="com.alightcreative.spotcolor2" locallyApplied="true">
      <property name="color" type="color" value="#ffff0000" />
      <property name="threshold" type="float" value="2.000000" />
      <property name="feather" type="float" value="1.250000" />
      <property name="saturation" type="float" value="0.000000" />
      <property name="choke" type="float" value="1.290000" />
    </effect>
    <effect id="com.alightcreative.effects.exposure" locallyApplied="true">
      <property name="exposure" type="float" value="2.000000" />
      <property name="gamma" type="float" value="0.090000" />
      <property name="offset" type="float" value="-0.100000" />
    </effect>
    <effect id="com.alightcreative.effects.gaussianblur" locallyApplied="true">
      <property name="strength" type="float" value="0.405000" />
    </effect>
    <effect id="com.alightcreative.effects.colorhot" locallyApplied="true">
      <property name="color" type="vec3" value="16.366192,0.928126,0.266815" />
      <property name="tint" type="vec3" value="26.587902,0.897601,0.000000" />
    </effect>
    <property name="size" type="vec2" value="100.000000,100.000000" />
    <property name="cornerRadius" type="float" value="25.000000" />
  </shape>
  <shape id="10260013" label="Circle 1 Copy 2" startTime="0" endTime="2465" fillType="color" blending="linear-dodge" mediaFillMode="stretch" s=".circle">
    <transform>
      <location value="250.795044,-348.657227,0.000000" />
      <scale value="10.670564,7.267019" />
      <skew value="0.932007,0.000000" />
      <rotation value="-14.268280" />
      <opacity value="0.306641" />
    </transform>
    <fillColor value="#ff956db2" />
    <effect id="com.alightcreative.effects.lift" locallyApplied="true">
      <property name="fill" type="float" value="0.000000" />
    </effect>
    <effect id="com.alightcreative.effects.exposure" locallyApplied="true">
      <property name="exposure" type="float" value="1.460000" />
      <property name="gamma" type="float" value="0.235000" />
      <property name="offset" type="float" value="0.000000" />
    </effect>
    <effect id="com.alightcreative.effects.gaussianblur" locallyApplied="true">
      <property name="strength" type="float" value="2.000000" />
    </effect>
    <effect id="com.alightcreative.effects.colorize" locallyApplied="true">
      <property name="tint" type="vec3" value="63.197365,0.136281,0.000000" />
    </effect>
    <effect id="com.alightcreative.effects.flicker2" hidden="true" locallyApplied="true">
      <property name="freq" type="float" value="10.000000" />
      <property name="mag" type="float" value="0.570000" />
      <property name="seed" type="float" value="0.000000" />
      <property name="basis" type="int" value="0" />
    </effect>
    <property name="size" type="vec2" value="100.000000,100.000000" />
  </shape>
</scene>