<?xml version='1.0' encoding='UTF-8' ?><!--
Created by Alight Motion (http://alightmotion.com)
Exported: 2025-03-23 09:47 AM
5.0.270.1002578 (1002351)
6dff462 (Apr 11, 2024 5:47:55 PM)
-->
<scene title="PURSNOL CC BY VIRUS 89" width="2560" height="1440" exportWidth="2560" exportHeight="1440" precompose="dynamicResolution" bgcolor="#ff000000" totalTime="1515" fps="60" modifiedTime="1742705226241" amver="1002351" ffver="106" am="com.alightcreative.motioo/5.0.270.1002578" amplatform="android" retime="freeze" retimeAdaptFPS="false">
  <media uri="content://media/external/images/media/1000050935" filename="Screenshot_20250320-111743.jpg" title="Screenshot_20250320-111743.jpg" type="image/jpeg" size="1377460" orientation="0" infoUpdated="1742705181180" width="2460" height="1080" />
  <shape id="10218553" label="Screenshot_20250320-111743.jpg" startTime="0" endTime="1515" fillType="media" fillImage="content://media/external/images/media/1000050935" mediaFillMode="fill" s=".rect">
    <transform>
      <location value="1280.000000,720.000000,0.000000" />
      <scale value="1.282280,1.282280" />
    </transform>
    <property name="size" type="vec2" value="1280.000000,561.500000" />
  </shape>
  <shape id="10218554" label="Rectangle 1" startTime="0" endTime="1515" fillType="color" blending="soft-light" mediaFillMode="stretch" s=".rect">
    <transform>
      <location value="1280.000000,720.000000,0.000000" />
      <scale value="1.518387,2.852046" />
      <opacity value="0.349609" />
    </transform>
    <fillColor value="#ff686bc3" />
    <effect id="com.alightcreative.effects.lift" locallyApplied="false">
      <property name="fill" type="float" value="0.000000" />
    </effect>
    <effect id="com.alightcreative.effects.invert" locallyApplied="false">
      <property name="invertRed" type="bool" value="true" />
      <property name="invertGreen" type="bool" value="true" />
      <property name="invertBlue" type="bool" value="true" />
    </effect>
    <effect id="com.alightcreative.effects.gaussianblur" locallyApplied="false">
      <property name="strength" type="float" value="0.435000" />
    </effect>
    <property name="size" type="vec2" value="843.000000,561.000000" />
  </shape>
  <shape id="10218555" label="Rectangle 2" startTime="0" endTime="1515" fillType="color" mediaFillMode="stretch" s=".rect">
    <transform>
      <location value="1280.000000,720.000000,0.000000" />
      <scale value="1.684211,2.551832" />
    </transform>
    <fillColor value="#ff7c79cf" />
    <effect id="com.alightcreative.effects.lift" locallyApplied="false">
      <property name="fill" type="float" value="0.000000" />
    </effect>
    <effect id="com.alightcreative.effects.brightcont2" locallyApplied="false">
      <property name="brightness" type="float" value="-0.070000" />
      <property name="contrast" type="float" value="-0.080000" />
    </effect>
    <effect id="com.alightcreative.effects.highlightshadow" locallyApplied="false">
      <property name="highlights" type="float" value="0.750000" />
      <property name="shadows" type="float" value="0.880000" />
    </effect>
    <property name="size" type="vec2" value="760.000000,627.000000" />
  </shape>
  <shape id="10218556" label="Rectangle 3" startTime="0" endTime="1515" fillType="color" mediaFillMode="stretch" s=".rect">
    <transform>
      <location value="1280.000000,720.000000,0.000000" />
      <scale value="12.800001,16.000000" />
      <opacity value="0.191406" />
    </transform>
    <fillColor value="#ff40e6a2" />
    <effect id="com.alightcreative.effects.lift" locallyApplied="false">
      <property name="fill" type="float" value="0.000000" />
    </effect>
    <effect id="com.alightcreative.effects.highlightshadow" locallyApplied="false">
      <property name="highlights" type="float" value="0.300000" />
      <property name="shadows" type="float" value="0.550000" />
    </effect>
    <effect id="com.alightcreative.effects.exposure" locallyApplied="false">
      <property name="exposure" type="float" value="0.520000" />
      <property name="gamma" type="float" value="0.835000" />
      <property name="offset" type="float" value="0.000000" />
    </effect>
    <property name="size" type="vec2" value="100.000000,100.000000" />
  </shape>
  <shape id="10218557" label="Rectangle 4" startTime="0" endTime="1515" fillType="color" mediaFillMode="stretch" s=".rect">
    <transform>
      <location value="1280.000000,720.000000,0.000000" />
      <scale value="1.269841,2.446480" />
      <opacity value="0.429688" />
    </transform>
    <fillColor value="#ff45e08e" />
    <effect id="com.alightcreative.effects.lift" locallyApplied="false">
      <property name="fill" type="float" value="0.000000" />
    </effect>
    <effect id="com.alightcreative.effects.satvib" locallyApplied="false">
      <property name="saturation" type="float" value="-0.450000" />
      <property name="vib" type="float" value="1.930000" />
    </effect>
    <effect id="com.alightcreative.effects.highlightshadow" locallyApplied="false">
      <property name="highlights" type="float" value="2.000000" />
      <property name="shadows" type="float" value="0.500000" />
    </effect>
    <property name="size" type="vec2" value="1008.000000,654.000000" />
  </shape>
  <shape id="10218558" label="Rectangle 5" startTime="0" endTime="1515" fillType="color" mediaFillMode="stretch" s=".rect">
    <transform>
      <location value="1280.000000,720.000000,0.000000" />
      <scale value="1.217888,2.531643" />
    </transform>
    <fillColor value="#ff5dacde" />
    <effect id="com.alightcreative.effects.lift" locallyApplied="false">
      <property name="fill" type="float" value="0.000000" />
    </effect>
    <effect id="com.alightcreative.gradientoverlay2" locallyApplied="false">
      <property name="color1" type="color" value="#ffffffff" />
      <property name="color2" type="color" value="#ff000000" />
      <property name="angle" type="float" value="0.000000" />
      <property name="scale" type="float" value="1.000000" />
      <property name="alpha" type="float" value="0.651000" />
      <property name="gradType" type="int" value="0" />
      <property name="blendMode" type="int" value="1" />
    </effect>
    <effect id="com.alightcreative.effects.exposure" locallyApplied="false">
      <property name="exposure" type="float" value="0.650000" />
      <property name="gamma" type="float" value="1.000000" />
      <property name="offset" type="float" value="0.000000" />
    </effect>
    <effect id="com.alightcreative.effects.satvib" locallyApplied="false">
      <property name="saturation" type="float" value="0.200000" />
      <property name="vib" type="float" value="1.000000" />
    </effect>
    <effect id="com.alightcreative.effects.sharpen" locallyApplied="true">
      <property name="strength" type="float" value="0.200000" />
      <property name="radius" type="float" value="1.000000" />
    </effect>
    <property name="size" type="vec2" value="1051.000000,632.000000" />
  </shape>
  <shape id="10218559" label="Rectangle 6" startTime="0" endTime="1515" fillType="color" blending="overlay" mediaFillMode="stretch" s=".rect">
    <transform>
      <location value="1280.000000,720.000000,0.000000" />
      <scale value="12.800001,12.800001" />
      <opacity value="0.302734" />
    </transform>
    <fillColor value="#ff44edd3" />
    <effect id="com.alightcreative.effects.lift" locallyApplied="false">
      <property name="fill" type="float" value="0.000000" />
    </effect>
    <effect id="com.alightcreative.effects.threshold" locallyApplied="false">
      <property name="threshold" type="float" value="0.460000" />
      <property name="feather" type="float" value="0.210000" />
      <property name="invert" type="bool" value="false" />
      <property name="blendMode" type="int" value="0" />
    </effect>
    <effect id="com.alightcreative.solidcolor" locallyApplied="false">
      <property name="color" type="color" value="#ff9a00ff" />
      <property name="alpha" type="float" value="0.830000" />
      <property name="blendMode" type="int" value="1" />
    </effect>
    <effect id="com.alightcreative.effects.gaussianblur" locallyApplied="false">
      <property name="strength" type="float" value="2.000000" />
    </effect>
    <effect id="com.alightcreative.effects.exposure" locallyApplied="false">
      <property name="exposure" type="float" value="0.760000" />
      <property name="gamma" type="float" value="1.690000" />
      <property name="offset" type="float" value="0.000000" />
    </effect>
    <property name="size" type="vec2" value="100.000000,100.000000" />
  </shape>
  <shape id="10218560" label="Rectangle 7" startTime="0" endTime="1515" fillType="color" mediaFillMode="stretch" s=".rect">
    <transform>
      <location value="1280.000000,720.000000,0.000000" />
      <scale value="12.800001,12.800001" />
    </transform>
    <fillColor value="#ff535b9c" />
    <effect id="com.alightcreative.effects.lift" locallyApplied="false">
      <property name="fill" type="float" value="0.000000" />
    </effect>
    <effect id="com.alightcreative.gradientoverlay2" locallyApplied="false">
      <property name="color1" type="color" value="#ffffffff" />
      <property name="color2" type="color" value="#ff000000" />
      <property name="angle" type="float" value="0.000000" />
      <property name="scale" type="float" value="2.960000" />
      <property name="alpha" type="float" value="0.635000" />
      <property name="gradType" type="int" value="0" />
      <property name="blendMode" type="int" value="1" />
      <property name="offset" type="vec2" value="0.000000,-55.000000" />
    </effect>
    <effect id="com.alightcreative.effects.exposure" locallyApplied="false">
      <property name="exposure" type="float" value="0.550000" />
      <property name="gamma" type="float" value="1.000000" />
      <property name="offset" type="float" value="0.000000" />
    </effect>
    <effect id="com.alightcreative.effects.satvib" locallyApplied="false">
      <property name="saturation" type="float" value="0.230000" />
      <property name="vib" type="float" value="1.000000" />
    </effect>
    <property name="size" type="vec2" value="100.000000,100.000000" />
  </shape>
</scene>