<?xml version='1.0' encoding='UTF-8' ?><!--
Created by Alight Motion (http://alightmotion.com)
Exported: 2023-11-30 03:58 AM
5.0.38.102932 (102932)
2870469 (30 May 2023 20:51:16)
-->
<scene title="To 10 Quality Cc ! XAIMUN RX MAL  &#128420;&#129293;" width="1920" height="1080" exportWidth="1920" exportHeight="1080" precompose="dynamicResolution" bgcolor="#ff000000" totalTime="20382" fps="60" modifiedTime="1701295087111" amver="102932" ffver="106" am="com.alightcreative.motion/5.0.38.102932" amplatform="android" retime="freeze" retimeAdaptFPS="false">
  <media uri="content://media/external/images/media/1000002456" filename="20231130031007974.jpg" title="20231130031007974.jpg" type="image/jpeg" size="1376309" orientation="0" infoUpdated="1701293546773" width="4320" height="2416" />
  <shape id="6467670" label="20231130031007974.jpg" startTime="0" endTime="20382" fillType="media" fillImage="content://media/external/images/media/1000002456" mediaFillMode="fill" s=".rect">
    <transform>
      <location value="960.000000,540.000000,0.000000" />
    </transform>
    <property name="size" type="vec2" value="960.000000,536.500000" />
  </shape>
  <shape id="6385969" label="XAIMUN RX MAL  &#128420;" startTime="0" endTime="2032" fillType="color" blending="soft-overlay" mediaFillMode="stretch" s=".rect">
    <transform>
      <location value="960.000000,540.000000,0.000000" />
      <scale value="2.016045,1.977165" />
    </transform>
    <fillColor value="#ffa749e8" />
    <effect id="com.alightcreative.effects.lift" locallyApplied="false">
      <property name="fill" type="float" value="0.000000" />
    </effect>
    <effect id="com.alightcreative.effects.sharpen" locallyApplied="false">
      <property name="strength" type="float" value="0.260000" />
      <property name="radius" type="float" value="1.000000" />
    </effect>
    <effect id="com.alightcreative.replacecolor" locallyApplied="false">
      <property name="feather" type="float" value="0.530000" />
      <property name="newcolor" type="color" value="#ff444444" />
      <property name="oldcolor" type="color" value="#ff445826" />
      <property name="threshold" type="float" value="0.240000" />
      <property name="alpha" type="float" value="1.000000" />
      <property name="lockLuminance" type="bool" value="false" />
    </effect>
    <effect id="com.alightcreative.effects.exposure" locallyApplied="false">
      <property name="gamma" type="float" value="0.630000" />
      <property name="exposure" type="float" value="0.000000" />
      <property name="offset" type="float" value="0.000000" />
    </effect>
    <effect id="com.alightcreative.effects.vignette" locallyApplied="false">
      <property name="feather" type="float" value="1.000000" />
      <property name="roundness" type="float" value="0.480000" />
      <property name="scale" type="float" value="1.218000" />
      <property name="strength" type="float" value="0.800000" />
      <property name="tint" type="float" value="0.200000" />
      <property name="overlaycolor" type="color" value="#ff000000" />
      <property name="punchout" type="bool" value="false" />
    </effect>
    <property name="size" type="vec2" value="476.179810,863.187988" />
  </shape>
  <shape id="6385970" label="XAIMUN RX MAL  &#128420;" startTime="0" endTime="2032" fillType="color" blending="linear-dodge" mediaFillMode="stretch" s=".rect">
    <transform>
      <location value="960.000000,540.000000,0.000000" />
      <scale value="2.096173,2.335019" />
    </transform>
    <fillColor value="#ffc1f25d" />
    <effect id="com.alightcreative.effects.lift" locallyApplied="false">
      <property name="fill" type="float" value="0.000000" />
    </effect>
    <effect id="com.alightcreative.effects.sharpen" locallyApplied="false">
      <property name="strength" type="float" value="0.260000" />
      <property name="radius" type="float" value="1.000000" />
    </effect>
    <effect id="com.alightcreative.effects.exposure" locallyApplied="false">
      <property name="gamma" type="float" value="0.070000" />
      <property name="offset" type="float" value="0.150000" />
      <property name="exposure" type="float" value="0.000000" />
    </effect>
    <effect id="com.alightcreative.effects.colorhot" locallyApplied="false">
      <property name="color" type="vec3" value="-120.987282,1.000000,0.000000" />
      <property name="tint" type="vec3" value="60.000000,1.000000,0.000000" />
    </effect>
    <effect id="com.alightcreative.effects.gaussianblur" locallyApplied="false">
      <property name="strength" type="float" value="0.555000" />
    </effect>
    <effect id="com.alightcreative.effects.channelmap" locallyApplied="false">
      <property name="blue" type="int" value="2" />
      <property name="green" type="int" value="1" />
      <property name="red" type="int" value="0" />
      <property name="alpha" type="int" value="3" />
    </effect>
    <effect id="com.alightcreative.effects.hueshift" locallyApplied="false">
      <property name="hue" type="float" value="0.000000" />
    </effect>
    <property name="size" type="vec2" value="457.977539,730.900391" />
  </shape>
  <shape id="6386101" label="XAIMUN RX MAL  &#128420;" startTime="2033" endTime="4065" fillType="color" mediaFillMode="stretch" s=".roundrect">
    <transform>
      <location value="960.000000,540.000000,0.000000" />
      <scale value="9.600000,17.066669" />
    </transform>
    <fillColor value="#ff3d4ec5" />
    <effect id="com.alightcreative.effects.lift" locallyApplied="true">
      <property name="fill" type="float" value="0.000000" />
    </effect>
    <effect id="com.alightcreative.spotcolor2" locallyApplied="true">
      <property name="color" type="color" value="#ffff0000" />
      <property name="threshold" type="float" value="2.000000" />
      <property name="feather" type="float" value="0.250000" />
      <property name="saturation" type="float" value="0.500000" />
      <property name="choke" type="float" value="1.500000" />
    </effect>
    <effect id="com.alightcreative.effects.sharpen" locallyApplied="true">
      <property name="strength" type="float" value="0.070000" />
      <property name="radius" type="float" value="1.000000" />
    </effect>
    <effect id="com.alightcreative.effects.satvib" locallyApplied="true">
      <property name="saturation" type="float" value="0.245000" />
      <property name="vib" type="float" value="1.000000" />
    </effect>
    <effect id="com.alightcreative.effects.exposure" locallyApplied="true">
      <property name="exposure" type="float" value="0.100000" />
      <property name="gamma" type="float" value="0.655000" />
      <property name="offset" type="float" value="0.080000" />
    </effect>
    <effect id="com.alightcreative.effects.vignette" locallyApplied="true">
      <property name="scale" type="float" value="0.973000" />
      <property name="roundness" type="float" value="0.800000" />
      <property name="feather" type="float" value="1.000000" />
      <property name="strength" type="float" value="1.000000" />
      <property name="tint" type="float" value="0.140000" />
      <property name="overlaycolor" type="color" value="#ff000000" />
      <property name="punchout" type="bool" value="false" />
    </effect>
    <property name="size" type="vec2" value="100.000000,100.000000" />
    <property name="cornerRadius" type="float" value="25.000000" />
  </shape>
  <shape id="6386102" label="XAIMUN RX MAL  &#128420;" startTime="2033" endTime="4065" fillType="color" blending="linear-dodge" mediaFillMode="stretch" s=".roundrect">
    <transform>
      <location value="960.000000,540.000000,0.000000" />
      <scale value="9.600000,17.066671" />
      <opacity value="0.791016" />
    </transform>
    <fillColor value="#ff3d4ec5" />
    <effect id="com.alightcreative.effects.lift" locallyApplied="true">
      <property name="fill" type="float" value="0.000000" />
    </effect>
    <effect id="com.alightcreative.effects.exposure" locallyApplied="true">
      <property name="exposure" type="float" value="0.330000" />
      <property name="gamma" type="float" value="0.085000" />
      <property name="offset" type="float" value="0.030000" />
    </effect>
    <effect id="com.alightcreative.effects.gaussianblur" locallyApplied="true">
      <property name="strength" type="float" value="0.035000" />
    </effect>
    <property name="size" type="vec2" value="100.000000,100.000000" />
    <property name="cornerRadius" type="float" value="25.000000" />
  </shape>
  <shape id="6386103" label="XAIMUN RX MAL  &#128420;" startTime="2033" endTime="4065" fillType="gradient" blending="overlay" mediaFillMode="stretch" s=".roundrect">
    <transform>
      <location value="960.000000,540.000000,0.000000" />
      <scale value="9.599999,17.066658" />
    </transform>
    <fillColor value="#ff000000" />
    <gradient type="radial" startColor="#ffffffff" endColor="#ff000000" start="0.476811,-0.693438" end="0.780750,1.468302" />
    <property name="size" type="vec2" value="100.000000,100.000000" />
    <property name="cornerRadius" type="float" value="25.000000" />
  </shape>
  <shape id="6386104" label="XAIMUN RX MAL  &#128420;" startTime="2033" endTime="4065" fillType="color" mediaFillMode="stretch" s=".roundrect">
    <transform>
      <location value="960.000000,540.000061,0.000000" />
      <scale value="9.599999,7.148763" />
    </transform>
    <fillColor value="#ffaec492" />
    <effect id="com.alightcreative.effects.lift" locallyApplied="true">
      <property name="fill" type="float" value="0.000000" />
    </effect>
    <effect id="com.alightcreative.effects.vignette" locallyApplied="true">
      <property name="scale" type="float" value="0.771000" />
      <property name="roundness" type="float" value="2.860000" />
      <property name="feather" type="float" value="1.000000" />
      <property name="strength" type="float" value="1.000000" />
      <property name="tint" type="float" value="0.140000" />
      <property name="overlaycolor" type="color" value="#ff000000" />
      <property name="punchout" type="bool" value="false" />
    </effect>
    <property name="size" type="vec2" value="100.000000,238.735962" />
    <property name="cornerRadius" type="float" value="25.000000" />
  </shape>
  <shape id="6386105" label="XAIMUN RX MAL  &#128420; " startTime="2033" endTime="4065" fillType="color" blending="color-dodge" mediaFillMode="stretch" s=".roundrect">
    <transform>
      <location value="960.000000,540.000000,0.000000" />
      <scale value="9.599999,17.066666" />
      <opacity value="0.548828" />
    </transform>
    <fillColor value="#ffa66762" />
    <effect id="com.alightcreative.effects.lift" locallyApplied="true">
      <property name="fill" type="float" value="0.000000" />
    </effect>
    <effect id="com.alightcreative.effects.channelmap" locallyApplied="true">
      <property name="red" type="int" value="5" />
      <property name="green" type="int" value="5" />
      <property name="blue" type="int" value="4" />
      <property name="alpha" type="int" value="6" />
    </effect>
    <effect id="com.alightcreative.effects.sharpen" locallyApplied="true">
      <property name="strength" type="float" value="0.400000" />
      <property name="radius" type="float" value="1.000000" />
    </effect>
    <property name="size" type="vec2" value="100.000000,100.000000" />
    <property name="cornerRadius" type="float" value="25.000000" />
  </shape>
  <shape id="6386106" label="XAIMUN RX MAL  &#128420;" startTime="4066" endTime="6048" fillType="color" mediaFillMode="stretch" s=".rect">
    <transform>
      <location value="960.000000,540.000000,0.000000" />
      <scale value="9.600000,17.066668" />
    </transform>
    <fillColor value="#ff94d864" />
    <effect id="com.alightcreative.effects.lift" locallyApplied="true">
      <property name="fill" type="float" value="0.000000" />
    </effect>
    <effect id="com.alightcreative.replacecolor" locallyApplied="true">
      <property name="oldcolor" type="color" value="#ff17e1e1" />
      <property name="newcolor" type="color" value="#ffdd44dd" />
      <property name="threshold" type="float" value="1.400000" />
      <property name="feather" type="float" value="0.710000" />
      <property name="alpha" type="float" value="1.000000" />
      <property name="lockLuminance" type="bool" value="false" />
    </effect>
    <property name="size" type="vec2" value="100.000000,100.000000" />
  </shape>
  <shape id="6386107" label="XAIMUN RX MAL  &#128420;" startTime="4066" endTime="6048" fillType="color" mediaFillMode="stretch" s=".roundrect">
    <transform>
      <location value="960.000000,540.000000,0.000000" />
      <scale value="9.600000,9.600000" />
    </transform>
    <fillColor value="#ff9cc791" />
    <effect id="com.alightcreative.effects.lift" locallyApplied="true">
      <property name="fill" type="float" value="0.000000" />
    </effect>
    <effect id="com.alightcreative.effects.highlightshadow" locallyApplied="true">
      <property name="highlights" type="float" value="1.090000" />
      <property name="shadows" type="float" value="0.740000" />
    </effect>
    <effect id="com.alightcreative.effects.satvib" locallyApplied="true">
      <property name="saturation" type="float" value="0.155000" />
      <property name="vib" type="float" value="1.000000" />
    </effect>
    <effect id="com.alightcreative.effects.vignette" locallyApplied="true">
      <property name="scale" type="float" value="1.426000" />
      <property name="roundness" type="float" value="0.260000" />
      <property name="feather" type="float" value="1.000000" />
      <property name="strength" type="float" value="1.000000" />
      <property name="tint" type="float" value="0.700000" />
      <property name="overlaycolor" type="color" value="#ff000000" />
      <property name="punchout" type="bool" value="false" />
    </effect>
    <property name="size" type="vec2" value="100.000000,100.000000" />
    <property name="cornerRadius" type="float" value="25.000000" />
  </shape>
  <shape id="6386108" label="XAIMUN RX MAL  &#128420;" startTime="4066" endTime="6048" fillType="color" blending="lighter-color" mediaFillMode="stretch" s=".roundrect">
    <transform>
      <location value="960.000000,540.000000,0.000000" />
      <scale value="9.600000,9.600000" />
    </transform>
    <fillColor value="#ffe4a774" />
    <effect id="com.alightcreative.effects.lift" locallyApplied="true">
      <property name="fill" type="float" value="0.000000" />
    </effect>
    <effect id="com.alightcreative.effects.exposure" locallyApplied="true">
      <property name="exposure" type="float" value="0.380000" />
      <property name="gamma" type="float" value="0.855000" />
      <property name="offset" type="float" value="0.000000" />
    </effect>
    <effect id="com.alightcreative.effects.brightcont2" locallyApplied="true">
      <property name="brightness" type="float" value="0.030000" />
      <property name="contrast" type="float" value="-0.120000" />
    </effect>
    <effect id="com.alightcreative.effects.satvib" locallyApplied="true">
      <property name="saturation" type="float" value="-0.010000" />
      <property name="vib" type="float" value="1.090000" />
    </effect>
    <property name="size" type="vec2" value="100.000000,100.000000" />
    <property name="cornerRadius" type="float" value="25.000000" />
  </shape>
  <shape id="6386109" tag="+magenta" label="XAIMUN RX MAL  &#128420;" startTime="4066" endTime="6048" fillType="gradient" blending="overlay" mediaFillMode="stretch" s=".roundrect">
    <transform>
      <location value="960.000000,540.000000,0.000000" />
      <scale value="9.600000,9.600000" />
    </transform>
    <fillColor value="#ff5c5bdd" />
    <gradient type="linear" startColor="#ff000000" endColor="#ffffffff" start="0.493714,1.374795" end="0.473638,-0.552630" />
    <property name="size" type="vec2" value="100.000000,100.000000" />
    <property name="cornerRadius" type="float" value="25.000000" />
  </shape>
  <shape id="6386110" label="XAIMUN RX MAL  &#128420;" startTime="4066" endTime="6048" fillType="color" mediaFillMode="stretch" s=".roundrect">
    <transform>
      <location value="960.000000,540.000000,0.000000" />
      <scale value="9.599999,17.066668" />
    </transform>
    <fillColor value="#ff000000" />
    <effect id="com.alightcreative.effects.lift" locallyApplied="false">
      <property name="fill" type="float" value="0.000000" />
    </effect>
    <effect id="com.alightcreative.effects.vignette" hidden="true" locallyApplied="true">
      <property name="scale" type="float" value="0.710000" />
      <property name="roundness" type="float" value="0.810000" />
      <property name="feather" type="float" value="1.000000" />
      <property name="strength" type="float" value="0.800000" />
      <property name="tint" type="float" value="0.200000" />
      <property name="overlaycolor" type="color" value="#ff000000" />
      <property name="punchout" type="bool" value="false" />
    </effect>
    <effect id="com.alightcreative.effects.vignette" locallyApplied="true">
      <property name="scale" type="float" value="0.867000" />
      <property name="roundness" type="float" value="1.500000" />
      <property name="feather" type="float" value="1.000000" />
      <property name="strength" type="float" value="0.800000" />
      <property name="tint" type="float" value="0.200000" />
      <property name="overlaycolor" type="color" value="#ff000000" />
      <property name="punchout" type="bool" value="false" />
    </effect>
    <property name="size" type="vec2" value="100.000000,100.000000" />
    <property name="cornerRadius" type="float" value="25.000000" />
  </shape>
  <shape id="6386111" label="XAIMUN RX MAL  &#128420;" startTime="6050" endTime="8183" fillType="color" mediaFillMode="stretch" s=".roundrect">
    <transform>
      <location value="960.000000,540.000000,0.000000" />
      <scale value="9.600000,17.066669" />
    </transform>
    <fillColor value="#ff3d4ec5" />
    <effect id="com.alightcreative.effects.lift" locallyApplied="true">
      <property name="fill" type="float" value="0.000000" />
    </effect>
    <effect id="com.alightcreative.spotcolor2" locallyApplied="true">
      <property name="color" type="color" value="#ffff0000" />
      <property name="threshold" type="float" value="2.000000" />
      <property name="feather" type="float" value="0.250000" />
      <property name="saturation" type="float" value="0.500000" />
      <property name="choke" type="float" value="1.500000" />
    </effect>
    <effect id="com.alightcreative.effects.satvib" locallyApplied="true">
      <property name="saturation" type="float" value="0.335000" />
      <property name="vib" type="float" value="1.000000" />
    </effect>
    <effect id="com.alightcreative.effects.exposure" locallyApplied="true">
      <property name="exposure" type="float" value="0.100000" />
      <property name="gamma" type="float" value="0.650000" />
      <property name="offset" type="float" value="0.080000" />
    </effect>
    <effect id="com.alightcreative.effects.vignette" locallyApplied="true">
      <property name="scale" type="float" value="0.973000" />
      <property name="roundness" type="float" value="0.650000" />
      <property name="feather" type="float" value="1.000000" />
      <property name="strength" type="float" value="1.000000" />
      <property name="tint" type="float" value="0.230000" />
      <property name="overlaycolor" type="color" value="#ff000000" />
      <property name="punchout" type="bool" value="true" />
    </effect>
    <property name="size" type="vec2" value="100.000000,100.000000" />
    <property name="cornerRadius" type="float" value="25.000000" />
  </shape>
  <shape id="6386112" label="XAIMUN RX MAL  &#128420;" startTime="6050" endTime="8183" fillType="color" blending="linear-dodge" mediaFillMode="stretch" s=".roundrect">
    <transform>
      <location value="960.000000,540.000000,0.000000" />
      <scale value="9.600000,17.066671" />
      <opacity value="0.556641" />
    </transform>
    <fillColor value="#ff3d4ec5" />
    <effect id="com.alightcreative.effects.lift" locallyApplied="true">
      <property name="fill" type="float" value="0.000000" />
    </effect>
    <effect id="com.alightcreative.effects.exposure" locallyApplied="true">
      <property name="exposure" type="float" value="0.330000" />
      <property name="gamma" type="float" value="0.085000" />
      <property name="offset" type="float" value="0.030000" />
    </effect>
    <effect id="com.alightcreative.effects.gaussianblur" locallyApplied="true">
      <property name="strength" type="float" value="0.035000" />
    </effect>
    <property name="size" type="vec2" value="100.000000,100.000000" />
    <property name="cornerRadius" type="float" value="25.000000" />
  </shape>
  <shape id="6386113" label="XAIMUN RX MAL  &#128420;" startTime="6050" endTime="8183" fillType="gradient" blending="overlay" mediaFillMode="stretch" s=".roundrect">
    <transform>
      <location value="960.000000,540.000000,0.000000" />
      <scale value="9.599999,17.066658" />
    </transform>
    <fillColor value="#ff000000" />
    <gradient type="radial" startColor="#ffffffff" endColor="#ff000000" start="0.476811,-0.693438" end="0.620436,1.625704" />
    <property name="size" type="vec2" value="100.000000,100.000000" />
    <property name="cornerRadius" type="float" value="25.000000" />
  </shape>
  <shape id="6386114" label="XAIMUN RX MAL  &#128420;" startTime="6050" endTime="8183" fillType="color" blending="color-dodge" mediaFillMode="stretch" s=".roundrect">
    <transform>
      <location value="960.000000,540.000000,0.000000" />
      <scale value="9.599999,17.066666" />
      <opacity value="0.496094" />
    </transform>
    <fillColor value="#ffa66762" />
    <effect id="com.alightcreative.effects.lift" locallyApplied="true">
      <property name="fill" type="float" value="0.000000" />
    </effect>
    <effect id="com.alightcreative.effects.channelmap" locallyApplied="true">
      <property name="red" type="int" value="5" />
      <property name="green" type="int" value="5" />
      <property name="blue" type="int" value="4" />
      <property name="alpha" type="int" value="6" />
    </effect>
    <effect id="com.alightcreative.effects.sharpen" locallyApplied="true">
      <property name="strength" type="float" value="0.400000" />
      <property name="radius" type="float" value="1.000000" />
    </effect>
    <property name="size" type="vec2" value="100.000000,100.000000" />
    <property name="cornerRadius" type="float" value="25.000000" />
  </shape>
  <shape id="6386115" label="XAIMUN RX MAL  &#128420;" startTime="8183" endTime="10182" fillType="color" mediaFillMode="stretch" s=".roundrect">
    <transform>
      <location value="960.000000,540.000000,0.000000" />
      <scale value="9.600000,9.600000" />
    </transform>
    <fillColor value="#ff89e9db" />
    <effect id="com.alightcreative.effects.lift" locallyApplied="false">
      <property name="fill" type="float" value="0.000000" />
    </effect>
    <effect id="com.alightcreative.replacecolor" locallyApplied="true">
      <property name="oldcolor" type="color" value="#ff49dde7" />
      <property name="newcolor" type="color" value="#ffdd44dd" />
      <property name="threshold" type="float" value="0.950000" />
      <property name="feather" type="float" value="0.790000" />
      <property name="alpha" type="float" value="1.000000" />
      <property name="lockLuminance" type="bool" value="true" />
    </effect>
    <effect id="com.alightcreative.effects.exposure" locallyApplied="false">
      <property name="exposure" type="float" value="0.200000" />
      <property name="gamma" type="float" value="0.710000" />
      <property name="offset" type="float" value="-0.040000" />
    </effect>
    <property name="size" type="vec2" value="100.000000,100.000000" />
    <property name="cornerRadius" type="float" value="25.000000" />
  </shape>
  <shape id="6386116" label="XAIMUN RX MAL  &#128420;" startTime="8183" endTime="10182" fillType="color" mediaFillMode="stretch" s=".roundrect">
    <transform>
      <location value="960.000000,540.000000,0.000000" />
      <scale value="9.600000,9.600000" />
    </transform>
    <fillColor value="#ff8763af" />
    <effect id="com.alightcreative.effects.lift" locallyApplied="false">
      <property name="fill" type="float" value="0.000000" />
    </effect>
    <effect id="com.alightcreative.effects.satvib" locallyApplied="false">
      <property name="saturation" type="float" value="0.260000" />
      <property name="vib" type="float" value="1.000000" />
    </effect>
    <property name="size" type="vec2" value="100.000000,100.000000" />
    <property name="cornerRadius" type="float" value="25.000000" />
  </shape>
  <shape id="6386117" label="XAIMUN RX MAL  &#128420;" startTime="8183" endTime="10182" fillType="color" blending="screen" mediaFillMode="stretch" s=".roundrect">
    <transform>
      <location value="960.000000,540.000000,0.000000" />
      <scale value="9.600000,9.600000" />
    </transform>
    <fillColor value="#ff50958a" />
    <effect id="com.alightcreative.effects.lift" locallyApplied="false">
      <property name="fill" type="float" value="0.000000" />
    </effect>
    <effect id="com.alightcreative.effects.threshold" locallyApplied="false">
      <property name="threshold" type="float" value="0.490000" />
      <property name="feather" type="float" value="0.160000" />
      <property name="invert" type="bool" value="false" />
      <property name="blendMode" type="int" value="1" />
    </effect>
    <effect id="com.alightcreative.effects.dblur" locallyApplied="false">
      <property name="strength" type="float" value="0.150000" />
      <property name="angle" type="float" value="0.000000" />
    </effect>
    <property name="size" type="vec2" value="100.000000,100.000000" />
    <property name="cornerRadius" type="float" value="25.000000" />
  </shape>
  <shape id="6386118" startTime="10183" endTime="12349" fillType="color" blending="linear-dodge" mediaFillMode="stretch" s=".rect">
    <transform>
      <location value="960.000000,540.000000,0.000000" />
      <scale value="9.600000,9.600000" />
    </transform>
    <fillColor value="#ff7eab84" />
    <effect id="com.alightcreative.effects.lift" locallyApplied="true">
      <property name="fill" type="float" value="0.000000" />
    </effect>
    <effect id="com.alightcreative.effects.exposure" locallyApplied="true">
      <property name="exposure" type="float" value="1.300000" />
      <property name="gamma" type="float" value="0.075000" />
      <property name="offset" type="float" value="0.040000" />
    </effect>
    <effect id="com.alightcreative.effects.gaussianblur" locallyApplied="true">
      <property name="strength" type="float" value="0.055000" />
    </effect>
    <property name="size" type="vec2" value="100.000000,100.000000" />
  </shape>
  <shape id="6386119" startTime="10183" endTime="12349" fillType="color" blending="linear-dodge" mediaFillMode="stretch" s=".rect">
    <transform>
      <location value="960.000000,540.000000,0.000000" />
      <scale value="9.600000,9.600000" />
      <opacity value="0.238281" />
    </transform>
    <fillColor value="#ff7eab84" />
    <effect id="com.alightcreative.effects.lift" locallyApplied="true">
      <property name="fill" type="float" value="0.000000" />
    </effect>
    <effect id="com.alightcreative.effects.channelmap" locallyApplied="true">
      <property name="red" type="int" value="5" />
      <property name="green" type="int" value="5" />
      <property name="blue" type="int" value="4" />
      <property name="alpha" type="int" value="6" />
    </effect>
    <property name="size" type="vec2" value="100.000000,100.000000" />
  </shape>
  <shape id="6386120" startTime="10183" endTime="12349" fillType="gradient" blending="overlay" mediaFillMode="stretch" s=".rect">
    <transform>
      <location value="960.000000,540.000000,0.000000" />
      <scale value="9.600000,9.600000" />
      <opacity value="0.896484" />
    </transform>
    <fillColor value="#ffd0eecc" />
    <gradient type="linear" startColor="#ffffffff" endColor="#ff000000" start="0.542546,-0.278372" end="0.559050,1.146520" />
    <property name="size" type="vec2" value="100.000000,100.000000" />
  </shape>
  <shape id="6386121" startTime="10183" endTime="12349" fillType="color" blending="screen" mediaFillMode="stretch" s=".rect">
    <transform>
      <location value="960.000000,540.000000,0.000000" />
      <scale value="9.600000,9.600000" />
      <opacity value="0.544922" />
    </transform>
    <fillColor value="#ff41b3ab" />
    <effect id="com.alightcreative.effects.lift" locallyApplied="true">
      <property name="fill" type="float" value="0.000000" />
    </effect>
    <effect id="com.alightcreative.effects.exposure" locallyApplied="true">
      <property name="exposure" type="float" value="0.000000" />
      <property name="gamma" type="float" value="0.070000" />
      <property name="offset" type="float" value="0.100000" />
    </effect>
    <effect id="com.alightcreative.effects.colorhot" locallyApplied="true">
      <property name="color" type="vec3" value="-55.270111,0.991516,0.349112" />
      <property name="tint" type="vec3" value="60.000000,1.000000,0.000000" />
    </effect>
    <effect id="com.alightcreative.effects.gaussianblur" locallyApplied="true">
      <property name="strength" type="float" value="0.555000" />
    </effect>
    <property name="size" type="vec2" value="100.000000,100.000000" />
  </shape>
  <shape id="6386122" startTime="12350" endTime="14416" fillType="color" mediaFillMode="stretch" s=".rect">
    <transform>
      <location value="960.000000,540.000000,0.000000" />
      <scale value="9.600000,9.600000" />
    </transform>
    <fillColor value="#ff7ab183" />
    <effect id="com.alightcreative.effects.lift" locallyApplied="true">
      <property name="fill" type="float" value="0.000000" />
    </effect>
    <effect id="com.alightcreative.effects.vignette" locallyApplied="true">
      <property name="scale" type="float" value="0.950000" />
      <property name="roundness" type="float" value="1.500000" />
      <property name="feather" type="float" value="1.000000" />
      <property name="strength" type="float" value="0.505000" />
      <property name="tint" type="float" value="0.200000" />
      <property name="overlaycolor" type="color" value="#ff000000" />
      <property name="punchout" type="bool" value="true" />
    </effect>
    <effect id="com.alightcreative.effects.exposure" locallyApplied="true">
      <property name="exposure" type="float" value="0.300000" />
      <property name="gamma" type="float" value="0.600000" />
      <property name="offset" type="float" value="0.050000" />
    </effect>
    <effect id="com.alightcreative.effects.satvib" locallyApplied="true">
      <property name="saturation" type="float" value="0.305000" />
      <property name="vib" type="float" value="1.030000" />
    </effect>
    <effect id="com.alightcreative.effects.sharpen" locallyApplied="true">
      <property name="strength" type="float" value="0.020000" />
      <property name="radius" type="float" value="2.000000" />
    </effect>
    <property name="size" type="vec2" value="100.000000,100.000000" />
  </shape>
  <shape id="6386123" startTime="12350" endTime="14416" fillType="color" blending="color-dodge" mediaFillMode="stretch" s=".rect">
    <transform>
      <location value="960.000000,540.000000,0.000000" />
      <scale value="9.600000,9.600000" />
    </transform>
    <fillColor value="#ff7ab183" />
    <effect id="com.alightcreative.effects.lift" locallyApplied="true">
      <property name="fill" type="float" value="0.000000" />
    </effect>
    <effect id="com.alightcreative.effects.gaussianblur" locallyApplied="true">
      <property name="strength" type="float" value="0.080000" />
    </effect>
    <effect id="com.alightcreative.effects.exposure" locallyApplied="true">
      <property name="exposure" type="float" value="0.050000" />
      <property name="gamma" type="float" value="0.095000" />
      <property name="offset" type="float" value="0.040000" />
    </effect>
    <property name="size" type="vec2" value="100.000000,100.000000" />
  </shape>
  <shape id="6386124" startTime="12350" endTime="14416" fillType="color" blending="overlay" mediaFillMode="stretch" s=".rect">
    <transform>
      <location value="960.000000,540.000000,0.000000" />
      <scale value="9.600000,9.600000" />
    </transform>
    <fillColor value="#ff7ab183" />
    <effect id="com.alightcreative.effects.lift" locallyApplied="true">
      <property name="fill" type="float" value="0.000000" />
    </effect>
    <effect id="com.alightcreative.gradientoverlay2" locallyApplied="true">
      <property name="color1" type="color" value="#ffffffff" />
      <property name="color2" type="color" value="#ff000000" />
      <property name="angle" type="float" value="0.000000" />
      <property name="scale" type="float" value="1.500000" />
      <property name="alpha" type="float" value="1.000000" />
      <property name="gradType" type="int" value="0" />
      <property name="blendMode" type="int" value="0" />
    </effect>
    <property name="size" type="vec2" value="100.000000,100.000000" />
  </shape>
  <shape id="6386125" startTime="12350" endTime="14416" fillType="color" blending="color-dodge" mediaFillMode="stretch" s=".rect">
    <transform>
      <location value="960.000000,540.000000,0.000000" />
      <scale value="9.600000,9.600000" />
      <opacity value="0.492188" />
    </transform>
    <fillColor value="#ff7ab183" />
    <effect id="com.alightcreative.effects.lift" locallyApplied="true">
      <property name="fill" type="float" value="0.000000" />
    </effect>
    <effect id="com.alightcreative.effects.channelmap" locallyApplied="true">
      <property name="red" type="int" value="5" />
      <property name="green" type="int" value="5" />
      <property name="blue" type="int" value="2" />
      <property name="alpha" type="int" value="3" />
    </effect>
    <property name="size" type="vec2" value="100.000000,100.000000" />
  </shape>
  <shape id="6386126" startTime="12350" endTime="14416" fillType="gradient" blending="soft-light" mediaFillMode="stretch" s=".rect">
    <transform>
      <location value="960.000000,540.000000,0.000000" />
      <scale value="9.600000,9.600000" />
    </transform>
    <fillColor value="#ff5e4993" />
    <gradient type="linear" startColor="#ffffffff" endColor="#00000000" start="0.663780,0.219487" end="0.656093,0.827378" />
    <property name="size" type="vec2" value="100.000000,981.295532" />
  </shape>
  <shape id="6386127" startTime="14416" endTime="16381" fillType="color" mediaFillMode="stretch" s=".roundrect">
    <transform>
      <location value="960.000000,540.000000,0.000000" />
      <scale value="9.600000,9.600000" />
    </transform>
    <fillColor value="#ffcae7e9" />
    <effect id="com.alightcreative.effects.lift" locallyApplied="false">
      <property name="fill" type="float" value="0.000000" />
    </effect>
    <effect id="com.alightcreative.effects.exposure" locallyApplied="false">
      <property name="exposure" type="float" value="0.360000" />
      <property name="gamma" type="float" value="0.800000" />
      <property name="offset" type="float" value="-0.080000" />
    </effect>
    <effect id="com.alightcreative.effects.satvib" locallyApplied="false">
      <property name="saturation" type="float" value="0.150000" />
      <property name="vib" type="float" value="1.000000" />
    </effect>
    <effect id="com.alightcreative.spotcolor2" locallyApplied="false">
      <property name="color" type="color" value="#ffff0000" />
      <property name="threshold" type="float" value="2.000000" />
      <property name="feather" type="float" value="1.300000" />
      <property name="saturation" type="float" value="0.000000" />
      <property name="choke" type="float" value="1.500000" />
    </effect>
    <effect id="com.alightcreative.effects.sharpen" locallyApplied="true">
      <property name="strength" type="float" value="0.050000" />
      <property name="radius" type="float" value="1.000000" />
    </effect>
    <effect id="com.alightcreative.effects.vignette" locallyApplied="false">
      <property name="scale" type="float" value="0.950000" />
      <property name="roundness" type="float" value="0.470000" />
      <property name="feather" type="float" value="0.500000" />
      <property name="strength" type="float" value="0.685000" />
      <property name="tint" type="float" value="0.200000" />
      <property name="overlaycolor" type="color" value="#ff000000" />
      <property name="punchout" type="bool" value="false" />
    </effect>
    <property name="size" type="vec2" value="100.000000,100.000000" />
    <property name="cornerRadius" type="float" value="25.000000" />
  </shape>
  <shape id="6386128" startTime="14416" endTime="16381" fillType="color" blending="linear-dodge" mediaFillMode="stretch" s=".roundrect">
    <transform>
      <location value="960.000000,540.000000,0.000000" />
      <scale value="9.600000,9.600000" />
    </transform>
    <fillColor value="#ffeec8f7" />
    <effect id="com.alightcreative.effects.lift" locallyApplied="false">
      <property name="fill" type="float" value="0.000000" />
    </effect>
    <effect id="com.alightcreative.effects.exposure" locallyApplied="false">
      <property name="exposure" type="float" value="-2.000000" />
      <property name="gamma" type="float" value="0.070000" />
      <property name="offset" type="float" value="0.000000" />
    </effect>
    <effect id="com.alightcreative.effects.colorhot" locallyApplied="false">
      <property name="color" type="vec3" value="-20.592800,0.995748,0.998708" />
      <property name="tint" type="vec3" value="60.000000,1.000000,0.000000" />
    </effect>
    <effect id="com.alightcreative.effects.gaussianblur" locallyApplied="false">
      <property name="strength" type="float" value="0.395000" />
    </effect>
    <effect id="com.alightcreative.effects.colorhot" locallyApplied="false">
      <property name="color" type="vec3" value="-101.233910,1.000000,0.454688" />
      <property name="tint" type="vec3" value="60.000000,1.000000,0.000000" />
    </effect>
    <property name="size" type="vec2" value="100.000000,100.000000" />
    <property name="cornerRadius" type="float" value="25.000000" />
  </shape>
  <shape id="6386129" startTime="16383" endTime="18365" fillType="color" blending="lighter-color" mediaFillMode="stretch" s=".roundrect">
    <transform>
      <location value="960.000000,540.000000,0.000000" />
      <scale value="9.600000,9.600000" />
    </transform>
    <fillColor value="#ffe4a774" />
    <effect id="com.alightcreative.effects.lift" locallyApplied="false">
      <property name="fill" type="float" value="0.000000" />
    </effect>
    <effect id="com.alightcreative.effects.exposure" locallyApplied="false">
      <property name="exposure" type="float" value="0.780000" />
      <property name="gamma" type="float" value="0.630000" />
      <property name="offset" type="float" value="0.000000" />
    </effect>
    <effect id="com.alightcreative.effects.brightcont2" locallyApplied="false">
      <property name="brightness" type="float" value="0.020000" />
      <property name="contrast" type="float" value="-0.100000" />
    </effect>
    <effect id="com.alightcreative.effects.satvib" locallyApplied="false">
      <property name="saturation" type="float" value="-0.010000" />
      <property name="vib" type="float" value="1.090000" />
    </effect>
    <property name="size" type="vec2" value="100.000000,100.000000" />
    <property name="cornerRadius" type="float" value="25.000000" />
  </shape>
  <shape id="6386130" startTime="16383" endTime="18365" fillType="color" blending="hue" mediaFillMode="stretch" s=".roundrect">
    <transform>
      <location value="960.000000,540.000000,0.000000" />
      <scale value="9.600000,9.600000" />
    </transform>
    <fillColor value="#ff51f1fd" />
    <effect id="com.alightcreative.effects.lift" locallyApplied="false">
      <property name="fill" type="float" value="0.000000" />
    </effect>
    <effect id="com.alightcreative.spotcolor2" locallyApplied="true">
      <property name="color" type="color" value="#fffae965" />
      <property name="threshold" type="float" value="2.000000" />
      <property name="feather" type="float" value="0.250000" />
      <property name="saturation" type="float" value="0.000000" />
      <property name="choke" type="float" value="2.880000" />
    </effect>
    <effect id="com.alightcreative.effects.colorize" locallyApplied="false">
      <property name="tint" type="vec3" value="-27.758823,0.013941,0.000000" />
    </effect>
    <property name="size" type="vec2" value="100.000000,100.000000" />
    <property name="cornerRadius" type="float" value="25.000000" />
  </shape>
  <shape id="6386131" startTime="16383" endTime="18365" fillType="color" mediaFillMode="stretch" s=".roundrect">
    <transform>
      <location value="960.000000,540.000000,0.000000" />
      <scale value="9.600000,9.600000" />
    </transform>
    <fillColor value="#ff9cc791" />
    <effect id="com.alightcreative.effects.lift" locallyApplied="false">
      <property name="fill" type="float" value="0.000000" />
    </effect>
    <effect id="com.alightcreative.effects.highlightshadow" locallyApplied="false">
      <property name="highlights" type="float" value="1.090000" />
      <property name="shadows" type="float" value="0.740000" />
    </effect>
    <effect id="com.alightcreative.effects.satvib" locallyApplied="false">
      <property name="saturation" type="float" value="0.155000" />
      <property name="vib" type="float" value="1.000000" />
    </effect>
    <effect id="com.alightcreative.effects.vignette" locallyApplied="false">
      <property name="scale" type="float" value="1.426000" />
      <property name="roundness" type="float" value="0.260000" />
      <property name="feather" type="float" value="1.000000" />
      <property name="strength" type="float" value="1.000000" />
      <property name="tint" type="float" value="0.700000" />
      <property name="overlaycolor" type="color" value="#ff000000" />
      <property name="punchout" type="bool" value="false" />
    </effect>
    <property name="size" type="vec2" value="100.000000,100.000000" />
    <property name="cornerRadius" type="float" value="25.000000" />
  </shape>
  <shape id="6386132" startTime="16383" endTime="18365" fillType="color" mediaFillMode="stretch" s=".roundrect">
    <transform>
      <location value="960.000000,540.000000,0.000000" />
      <scale value="9.600000,9.600000" />
    </transform>
    <fillColor value="#ff4944e4" />
    <effect id="com.alightcreative.effects.lift" locallyApplied="false">
      <property name="fill" type="float" value="0.000000" />
    </effect>
    <effect id="com.alightcreative.effects.rays" locallyApplied="false">
      <property name="centerPoint" type="vec2" value="3187.000000,-779.000000" />
      <property name="strength" type="float" value="0.100000" />
      <property name="intensity" type="float" value="1.120000" />
      <property name="threshold" type="float" value="0.600000" />
      <property name="thresholdColor" type="color" value="#ff000000" />
      <property name="fillColor" type="color" value="#ffffffff" />
      <property name="blend" type="float" value="1.000000" />
      <property name="quality" type="float" value="150.000000" />
    </effect>
    <property name="size" type="vec2" value="100.000000,100.000000" />
    <property name="cornerRadius" type="float" value="25.000000" />
  </shape>
  <shape id="6386133" startTime="18366" endTime="20381" fillType="color" mediaFillMode="stretch" s=".rect">
    <transform>
      <location value="960.000000,540.000000,0.000000" />
      <scale value="9.600000,9.600000" />
    </transform>
    <fillColor value="#ff000000" />
    <effect id="com.alightcreative.effects.lift" locallyApplied="false">
      <property name="fill" type="float" value="0.000000" />
    </effect>
    <effect id="com.alightcreative.effects.simplestars2" locallyApplied="false">
      <property name="starParallax" type="vec3">
        <kf t="0.007930" v="0.000000,0.000000,0.000000" />
        <kf t="15.210914" v="-2055.000000,0.000000,0.000000" />
      </property>
      <property name="scale" type="float" value="1.110000" />
      <property name="starSize" type="float" value="0.605000" />
      <property name="starFeather" type="float" value="0.000000" />
      <property name="color" type="color" value="#ff17e1e1" />
      <property name="alpha" type="float" value="1.000000" />
      <property name="starCount" type="float" value="33.000000" />
      <property name="brightness" type="float" value="1.000000" />
      <property name="blendMode" type="int" value="0" />
    </effect>
    <property name="size" type="vec2" value="100.000000,100.000000" />
  </shape>
  <shape id="6386134" startTime="18366" endTime="20381" fillType="color" blending="subtract" mediaFillMode="stretch" s=".rect">
    <transform>
      <location value="960.000000,540.000000,0.000000" />
      <scale value="9.600000,17.066668" />
      <opacity value="0.804688" />
    </transform>
    <fillColor value="#ffc687db" />
    <effect id="com.alightcreative.effects.lift" locallyApplied="false">
      <property name="fill" type="float" value="0.000000" />
    </effect>
    <effect id="com.alightcreative.effects.exposure" locallyApplied="false">
      <property name="exposure" type="float" value="-1.000000" />
      <property name="gamma" type="float" value="1.000000" />
      <property name="offset" type="float" value="0.000000" />
    </effect>
    <effect id="com.alightcreative.effects.gaussianblur" locallyApplied="false">
      <property name="strength" type="float" value="0.200000" />
    </effect>
    <property name="size" type="vec2" value="100.000000,100.000000" />
  </shape>
  <shape id="6386135" startTime="18366" endTime="20381" fillType="color" speed="1.024500" mediaFillMode="stretch" s=".roundrect">
    <transform>
      <location value="960.000000,540.000000,0.000000" />
      <scale value="12.000000,12.000000" />
    </transform>
    <fillColor value="#ff7aa8f0" />
    <effect id="com.alightcreative.effects.lift" locallyApplied="false">
      <property name="fill" type="float" value="0.000000" />
    </effect>
    <effect id="com.alightcreative.spotcolor2" locallyApplied="false">
      <property name="color" type="color" value="#ff17e1e1" />
      <property name="threshold" type="float" value="2.000000" />
      <property name="feather" type="float" value="2.000000" />
      <property name="saturation" type="float" value="0.000000" />
      <property name="choke" type="float" value="0.500000" />
    </effect>
    <effect id="com.alightcreative.replacecolor" locallyApplied="true">
      <property name="oldcolor" type="color" value="#ff0c667e" />
      <property name="newcolor" type="color">
        <kf t="0.000000" v="#ffe97c7c" />
        <kf t="0.201517" v="#fff4b446" />
        <kf t="0.379294" v="#fff9dc00" />
        <kf t="0.766822" v="#ff00f0ff" />
        <kf t="0.944594" v="#ff4155d7" />
        <kf t="1.121895" v="#ffb841d7" />
        <kf t="1.315660" v="#ffd74196" />
        <kf t="1.493439" v="#ffff5050" />
        <kf t="1.671214" v="#fff4b446" />
        <kf t="1.848510" v="#ffffe200" />
        <kf t="2.010295" v="#ff1ed91e" />
        <kf t="2.187593" v="#ff17e1e1" />
        <kf t="2.365366" v="#ff4a4dff" />
        <kf t="2.526680" v="#ffe64aff" />
        <kf t="2.704458" v="#ffff4ac4" />
        <kf t="2.882236" v="#ffff4a4a" />
        <kf t="3.059533" v="#fff4b446" />
        <kf t="3.431079" v="#ff1ed91e" />
        <kf t="3.237309" v="#ffffe200" />
        <kf t="3.592382" v="#ff17e1e1" />
        <kf t="3.770158" v="#ff5c69f4" />
        <kf t="3.996385" v="#ffc25cf4" />
        <kf t="4.190142" v="#fff45cf4" />
        <kf t="4.367438" v="#fff45c5c" />
        <kf t="4.561208" v="#fff4b446" />
        <kf t="4.754968" v="#ffffe200" />
        <kf t="4.948739" v="#ff1ed91e" />
        <kf t="5.142497" v="#ff17e1e1" />
        <kf t="5.320274" v="#ff6e79f8" />
        <kf t="5.498050" v="#ffb46ef8" />
        <kf t="5.659366" v="#fff86ef8" />
        <kf t="5.820664" v="#fff86e6e" />
        <kf t="5.982462" v="#fff4b446" />
        <kf t="6.176234" v="#ffffe200" />
        <kf t="6.369992" v="#ff1ed91e" />
        <kf t="6.579742" v="#ff17e1e1" />
        <kf t="6.773502" v="#ff737eff" />
        <kf t="6.951280" v="#ff9b3df5" />
        <kf t="7.161030" v="#ffdd44b2" />
        <kf t="7.370781" v="#ffff8e8e" />
        <kf t="7.564550" v="#fff4b446" />
        <kf t="7.790764" v="#fffae965" />
        <kf t="8.016987" v="#ff1ed91e" />
        <kf t="8.259192" v="#ff17e1e1" />
        <kf t="8.484929" v="#ff707bfe" />
        <kf t="8.953345" v="#ffdd44aa" />
        <kf t="8.727130" v="#ffdd44dc" />
        <kf t="9.179569" v="#ffff7d7d" />
        <kf t="9.421775" v="#fff4b446" />
        <kf t="9.615535" v="#ffffe200" />
        <kf t="9.809294" v="#ff00ff00" />
        <kf t="0.589045" v="#fff4b446" />
      </property>
      <property name="threshold" type="float" value="0.510000" />
      <property name="feather" type="float" value="0.400000" />
      <property name="alpha" type="float" value="1.000000" />
      <property name="lockLuminance" type="bool" value="false" />
    </effect>
    <property name="size" type="vec2" value="80.000000,100.000000" />
    <property name="cornerRadius" type="float" value="25.000000" />
  </shape>
  <shape id="6386136" startTime="18366" endTime="20381" fillType="color" blending="linear-dodge" mediaFillMode="stretch" s=".rect">
    <transform>
      <location value="960.000000,540.000000,0.000000" />
      <scale value="9.600000,17.066668" />
    </transform>
    <fillColor value="#ffbb60cd" />
    <effect id="com.alightcreative.effects.lift" locallyApplied="false">
      <property name="fill" type="float" value="0.000000" />
    </effect>
    <effect id="com.alightcreative.effects.exposure" locallyApplied="false">
      <property name="exposure" type="float" value="2.000000" />
      <property name="gamma" type="float" value="0.190000" />
      <property name="offset" type="float" value="0.000000" />
    </effect>
    <effect id="com.alightcreative.effects.gaussianblur" locallyApplied="false">
      <property name="strength" type="float" value="0.170000" />
    </effect>
    <effect id="com.alightcreative.effects.satvib" locallyApplied="false">
      <property name="saturation" type="float" value="1.000000" />
      <property name="vib" type="float" value="2.000000" />
    </effect>
    <property name="size" type="vec2" value="100.000000,100.000000" />
  </shape>
  <shape id="6386137" startTime="18366" endTime="20381" fillType="color" blending="linear-dodge" mediaFillMode="stretch" s=".rect">
    <transform>
      <location value="960.000000,540.000000,0.000000" />
      <scale value="9.600000,17.066668" />
    </transform>
    <fillColor value="#ff5d5fa2" />
    <effect id="com.alightcreative.effects.lift" locallyApplied="false">
      <property name="fill" type="float" value="0.000000" />
    </effect>
    <effect id="com.alightcreative.effects.exposure" locallyApplied="false">
      <property name="exposure" type="float" value="2.000000" />
      <property name="gamma" type="float" value="0.010000" />
      <property name="offset" type="float" value="0.000000" />
    </effect>
    <effect id="com.alightcreative.effects.gaussianblur" locallyApplied="false">
      <property name="strength" type="float" value="1.300000" />
    </effect>
    <effect id="com.alightcreative.effects.satvib" locallyApplied="false">
      <property name="saturation" type="float" value="1.000000" />
      <property name="vib" type="float" value="2.000000" />
    </effect>
    <effect id="com.alightcreative.effects.exposure" locallyApplied="false">
      <property name="exposure" type="float" value="0.000000" />
      <property name="gamma" type="float" value="1.000000" />
      <property name="offset" type="float" value="0.000000" />
    </effect>
    <property name="size" type="vec2" value="100.000000,100.000000" />
  </shape>
  <shape id="6386138" startTime="18366" endTime="20381" fillType="color" mediaFillMode="stretch" s=".rect">
    <transform>
      <location value="960.000000,540.000000,0.000000" />
      <scale value="9.600000,17.066668" />
    </transform>
    <fillColor value="#ff88cce1" />
    <effect id="com.alightcreative.effects.lift" locallyApplied="false">
      <property name="fill" type="float" value="0.000000" />
    </effect>
    <effect id="com.alightcreative.effects.vignette" locallyApplied="false">
      <property name="scale" type="float" value="0.950000" />
      <property name="roundness" type="float" value="1.500000" />
      <property name="feather" type="float" value="0.900000" />
      <property name="strength" type="float" value="0.800000" />
      <property name="tint" type="float" value="0.750000" />
      <property name="overlaycolor" type="color" value="#ff000000" />
      <property name="punchout" type="bool" value="false" />
    </effect>
    <effect id="com.alightcreative.effects.sharpen" locallyApplied="false">
      <property name="strength" type="float" value="0.150000" />
      <property name="radius" type="float" value="1.000000" />
    </effect>
    <property name="size" type="vec2" value="100.000000,100.000000" />
  </shape>
  <text id="6386139" startTime="450" endTime="1265" fillType="color" mediaFillMode="stretch" size="32.000000" font="googlefonts?name=Aladin&amp;weight=400" wrapWidth="512" align="left">
    <transform>
      <location value="704.333313,834.444458,0.000000" />
    </transform>
    <content>Cc 1</content>
  </text>
  <text id="6386140" label="Cc 1 Copy" startTime="2450" endTime="3515" fillType="color" mediaFillMode="stretch" size="32.000000" font="googlefonts?name=Aladin&amp;weight=400" wrapWidth="512" align="left">
    <transform>
      <location value="704.333313,834.444458,0.000000" />
    </transform>
    <content>Cc 2</content>
  </text>
  <text id="6386141" label="Cc 1 Copy 2" startTime="10783" endTime="12165" fillType="color" mediaFillMode="stretch" size="32.000000" font="googlefonts?name=Aladin&amp;weight=400" wrapWidth="512" align="left">
    <transform>
      <location value="704.333313,834.444458,0.000000" />
    </transform>
    <content>Cc 6</content>
  </text>
  <text id="6386145" label="Cc 1 Copy 6" startTime="12783" endTime="14165" fillType="color" mediaFillMode="stretch" size="32.000000" font="googlefonts?name=Aladin&amp;weight=400" wrapWidth="512" align="left">
    <transform>
      <location value="704.333313,834.444458,0.000000" />
    </transform>
    <content>Cc 7</content>
  </text>
  <text id="6386146" label="Cc 1 Copy 7" startTime="14750" endTime="16132" fillType="color" mediaFillMode="stretch" size="32.000000" font="googlefonts?name=Aladin&amp;weight=400" wrapWidth="512" align="left">
    <transform>
      <location value="704.333313,834.444458,0.000000" />
    </transform>
    <content>Cc 8</content>
  </text>
  <text id="6386147" label="Cc 1 Copy 8" startTime="16783" endTime="18065" fillType="color" mediaFillMode="stretch" size="32.000000" font="googlefonts?name=Aladin&amp;weight=400" wrapWidth="512" align="left">
    <transform>
      <location value="704.333313,834.444458,0.000000" />
    </transform>
    <content>Cc 9</content>
  </text>
  <text id="6386148" label="Cc 1 Copy 9" startTime="18800" endTime="20182" fillType="color" mediaFillMode="stretch" size="32.000000" font="googlefonts?name=Aladin&amp;weight=400" wrapWidth="512" align="left">
    <transform>
      <location value="704.333313,834.444458,0.000000" />
    </transform>
    <content>Cc 10</content>
  </text>
  <text id="6386142" label="Cc 1 Copy 3" startTime="4350" endTime="5465" fillType="color" mediaFillMode="stretch" size="32.000000" font="googlefonts?name=Aladin&amp;weight=400" wrapWidth="512" align="left">
    <transform>
      <location value="704.333313,834.444458,0.000000" />
    </transform>
    <content>Cc 3</content>
  </text>
  <text id="6386143" label="Cc 1 Copy 4" startTime="6433" endTime="7582" fillType="color" mediaFillMode="stretch" size="32.000000" font="googlefonts?name=Aladin&amp;weight=400" wrapWidth="512" align="left">
    <transform>
      <location value="704.333313,834.444458,0.000000" />
    </transform>
    <content>Cc 4</content>
  </text>
  <text id="6386144" label="Cc 1 Copy 5" startTime="8500" endTime="9782" fillType="color" mediaFillMode="stretch" size="32.000000" font="googlefonts?name=Aladin&amp;weight=400" wrapWidth="512" align="left">
    <transform>
      <location value="704.333313,834.444458,0.000000" />
    </transform>
    <content>Cc 5</content>
  </text>
</scene>