<?xml version='1.0' encoding='UTF-8' ?><!--
Created by Alight Motion (http://alightmotion.com)
Exported: 2025-06-11 02:09 PM
5.0.275 (1002592)
a34a6c0 (7 Oct 2024 3:17:29 pm)
-->
<scene title="120 fps  dhmaka pump by ZEROX Editz ✨ &#129397;✅" width="1246" height="576" exportWidth="1080" exportHeight="1350" precompose="dynamicResolution" bgcolor="#ff000000" totalTime="1932" fps="120" modifiedTime="1749632965791" amver="1002592" ffver="106" am="com.alightcreative.motion/5.0.275" amplatform="android" retime="freeze" retimeAdaptFPS="false">
  <media uri="content://media/external/images/media/1000205314" type="image/jpeg" duration="0" orientation="0" infoUpdated="1749583183851" width="0" height="0" />
  <media uri="content://media/external/images/media/1000204809" type="image/jpeg" duration="0" orientation="0" infoUpdated="1749583195992" width="0" height="0" />
  <bookmark t="2695" />
  <bookmark t="4562" />
  <bookmark t="6612" />
  <bookmark t="8429" />
  <bookmark t="9029" />
  <bookmark t="10404" />
  <bookmark t="11579" />
  <bookmark t="12729" />
  <bookmark t="14029" />
  <bookmark t="15395" />
  <bookmark t="16562" />
  <bookmark t="17662" />
  <bookmark t="695" />
  <shape id="10229206" label="lv_0_20250521170353.mp4" startTime="0" endTime="699" fillType="media" fillImage="content://media/external/images/media/1000205314" mediaFillMode="fill" s=".rect">
    <transform>
      <location value="623.000000,288.000000,0.000000" />
    </transform>
    <effect id="com.alightcreative.effects.tile" locallyApplied="true">
      <property name="scale" type="float" value="1.000000" />
      <property name="phase" type="float" value="0.000000" />
      <property name="mirror" type="bool" value="true" />
      <property name="vertoffs" type="bool" value="false" />
      <property name="angle" type="float" value="0.000000" />
    </effect>
    <property name="size" type="vec2" value="623.000000,287.000000" />
  </shape>
  <shape id="10229207" label="lv_0_20250521170353.mp4" startTime="691" endTime="1932" fillType="media" fillImage="content://media/external/images/media/1000204809" mediaFillMode="fill" s=".rect">
    <transform>
      <location value="623.000000,288.000000,0.000000" />
    </transform>
    <effect id="com.alightcreative.effects.tile" locallyApplied="true">
      <property name="scale" type="float" value="1.000000" />
      <property name="phase" type="float" value="0.000000" />
      <property name="mirror" type="bool" value="true" />
      <property name="vertoffs" type="bool" value="false" />
      <property name="angle" type="float" value="0.000000" />
    </effect>
    <effect id="com.alightcreative.effects.zoomblur3" locallyApplied="true">
      <property name="strength" type="float">
        <kf t="0.533530" v="0.000000" />
        <kf t="0.952683" v="0.000000" />
      </property>
      <property name="adaptive" type="bool" value="true" />
    </effect>
    <effect id="com.alightcreative.effects.oscillate" locallyApplied="true">
      <property name="angle" type="float" value="119.000000" />
      <property name="freq" type="float" value="4.000000" />
      <property name="mag" type="float">
        <kf t="0.952683" v="1.000000" e="cubicBezier 0.0 0.8500643 0.11154492 1.0" />
        <kf t="0.005443" v="499.000000" />
      </property>
      <property name="type" type="int" value="0" />
    </effect>
    <effect id="com.alightcreative.effects.motionblur" locallyApplied="false">
      <property name="tune" type="float" value="1.000000" />
      <property name="usePos" type="bool" value="true" />
      <property name="useScale" type="bool" value="false" />
      <property name="useAngle" type="bool" value="true" />
    </effect>
    <property name="size" type="vec2" value="623.000000,287.000000" />
  </shape>
  <shape id="10229209" label="Rectangle 1 Copy" startTime="300" endTime="710" fillType="color" speed="3.100000" mediaFillMode="stretch" s=".rect">
    <transform lockAspectRatio="false">
      <location value="623.000000,288.000000,0.000000" />
      <scale value="6.107843,2.618182" />
    </transform>
    <fillColor value="#ff5eb7d9" />
    <effect id="com.alightcreative.effects.lift" locallyApplied="true">
      <property name="fill" type="float" value="0.000000" />
    </effect>
    <effect id="com.alightcreative.effects.pinchbulgeinside" locallyApplied="true">
      <property name="centerPoint" type="vec2">
        <kf t="0.287805" v="0.000000,0.000000" />
        <kf t="1.000000" v="0.000000,0.000000" e="cubicBezier 1.0 0.0 1.0 1.0" />
        <kf t="1.658537" v="0.000000,0.000000" e="cubicBezier 0.0 0.0 0.0 1.0" />
      </property>
      <property name="strength" type="float">
        <kf t="0.287805" v="0.000000" />
        <kf t="1.000000" v="-0.210000" e="cubicBezier 0.78 0.0 1.0 0.035882324" />
        <kf t="1.658537" v="0.000000" e="cubicBezier 0.0 0.7543393 0.18333334 1.0" />
      </property>
      <property name="radius" type="float" value="2.500000" />
      <property name="feather" type="float" value="0.295000" />
      <property name="gaussian" type="bool" value="false" />
    </effect>
    <effect id="com.alightcreative.effects.pinchbulgeinside" locallyApplied="true">
      <property name="centerPoint" type="vec2">
        <kf t="0.287805" v="0.000000,0.000000" />
        <kf t="1.000000" v="0.000000,0.000000" e="cubicBezier 1.0 0.0 1.0 1.0" />
        <kf t="1.658537" v="0.000000,0.000000" e="cubicBezier 0.0 0.0 0.0 1.0" />
      </property>
      <property name="strength" type="float">
        <kf t="0.287805" v="0.000000" />
        <kf t="1.000000" v="-0.210000" e="cubicBezier 0.78 0.0 1.0 0.04" />
        <kf t="1.658537" v="0.000000" e="cubicBezier 0.0 0.7543393 0.18333334 1.0" />
      </property>
      <property name="radius" type="float" value="2.500000" />
      <property name="feather" type="float" value="0.295000" />
      <property name="gaussian" type="bool" value="false" />
    </effect>
    <effect id="com.alightcreative.effects.pinchbulgeinside" locallyApplied="true">
      <property name="centerPoint" type="vec2">
        <kf t="0.287805" v="0.000000,0.000000" />
        <kf t="1.000000" v="0.000000,0.000000" e="cubicBezier 1.0 0.0 1.0 1.0" />
        <kf t="1.658537" v="0.000000,0.000000" e="cubicBezier 0.0 0.0 0.0 1.0" />
      </property>
      <property name="strength" type="float">
        <kf t="0.287805" v="0.000000" />
        <kf t="1.000000" v="-0.210000" e="cubicBezier 0.78 0.0 1.0 0.04" />
        <kf t="1.658537" v="0.000000" e="cubicBezier 0.0 0.7543393 0.18333334 1.0" />
      </property>
      <property name="radius" type="float" value="2.500000" />
      <property name="feather" type="float" value="0.295000" />
      <property name="gaussian" type="bool" value="false" />
    </effect>
    <effect id="com.alightcreative.effects.pinchbulgeinside" locallyApplied="true">
      <property name="centerPoint" type="vec2">
        <kf t="0.287805" v="0.000000,0.000000" />
        <kf t="1.000000" v="0.000000,0.000000" e="cubicBezier 1.0 0.0 1.0 1.0" />
        <kf t="1.658537" v="0.000000,0.000000" e="cubicBezier 0.0 0.0 0.0 1.0" />
      </property>
      <property name="strength" type="float">
        <kf t="0.287805" v="0.000000" />
        <kf t="1.000000" v="-0.210000" e="cubicBezier 0.78 0.0 1.0 0.04" />
        <kf t="1.658537" v="0.000000" e="cubicBezier 0.0 0.7543393 0.18333334 1.0" />
      </property>
      <property name="radius" type="float" value="2.500000" />
      <property name="feather" type="float" value="0.295000" />
      <property name="gaussian" type="bool" value="false" />
    </effect>
    <effect id="com.alightcreative.effects.gaussianblur" locallyApplied="true">
      <property name="strength" type="float">
        <kf t="0.597561" v="0.000000" />
        <kf t="0.990244" v="0.230000" e="cubicBezier 0.84 0.0 1.0 0.06" />
      </property>
    </effect>
    <effect id="com.alightcreative.effects.pinchbulgeinside" locallyApplied="true">
      <property name="centerPoint" type="vec2">
        <kf t="0.287805" v="0.000000,0.000000" />
        <kf t="1.000000" v="0.000000,0.000000" e="cubicBezier 1.0 0.0 1.0 1.0" />
        <kf t="1.658537" v="0.000000,0.000000" e="cubicBezier 0.0 0.0 0.0 1.0" />
      </property>
      <property name="strength" type="float">
        <kf t="0.287805" v="0.000000" />
        <kf t="1.000000" v="-0.210000" e="cubicBezier 0.78 0.0 1.0 0.04" />
        <kf t="1.658537" v="0.000000" e="cubicBezier 0.0 0.7543393 0.18333334 1.0" />
      </property>
      <property name="radius" type="float" value="2.500000" />
      <property name="feather" type="float" value="0.295000" />
      <property name="gaussian" type="bool" value="false" />
    </effect>
    <effect id="com.alightcreative.effects.pinchbulgeinside" locallyApplied="true">
      <property name="centerPoint" type="vec2">
        <kf t="0.287805" v="0.000000,0.000000" />
        <kf t="1.000000" v="0.000000,0.000000" e="cubicBezier 1.0 0.0 1.0 1.0" />
        <kf t="1.658537" v="0.000000,0.000000" e="cubicBezier 0.0 0.0 0.0 1.0" />
      </property>
      <property name="strength" type="float">
        <kf t="0.287805" v="0.000000" />
        <kf t="1.000000" v="-0.210000" e="cubicBezier 0.78 0.0 1.0 0.04" />
        <kf t="1.658537" v="0.000000" e="cubicBezier 0.0 0.7543393 0.18333334 1.0" />
      </property>
      <property name="radius" type="float" value="2.500000" />
      <property name="feather" type="float" value="0.295000" />
      <property name="gaussian" type="bool" value="false" />
    </effect>
    <effect id="com.alightcreative.effects.zoomblur3" locallyApplied="true">
      <property name="strength" type="float">
        <kf t="0.287805" v="0.000000" />
        <kf t="1.000000" v="1.000000" e="cubicBezier 0.84555554 0.0 1.0 0.07058823" />
      </property>
      <property name="adaptive" type="bool" value="true" />
    </effect>
    <effect id="com.alightcreative.effects.pinchbulgeinside" locallyApplied="true">
      <property name="strength" type="float">
        <kf t="0.000000" v="0.000000" />
        <kf t="0.458537" v="0.070000" e="cubicBezier 0.42 0.0 0.58 1.0" />
      </property>
      <property name="radius" type="float" value="0.525000" />
      <property name="feather" type="float" value="0.100000" />
      <property name="gaussian" type="bool" value="false" />
    </effect>
    <property name="size" type="vec2" value="102.000000,110.000000" />
  </shape>
  <shape id="10229210" label="Rectangle 1" startTime="700" endTime="1184" fillType="color" speed="2.000000" mediaFillMode="fill" s=".rect">
    <transform lockAspectRatio="false">
      <location value="606.719727,331.855988,0.000000" />
      <scale value="8.515358,3.936476" />
    </transform>
    <fillColor value="#ffd567b5" />
    <effect id="com.alightcreative.effects.lift" locallyApplied="true">
      <property name="fill" type="float" value="0.000000" />
    </effect>
    <effect id="com.alightcreative.effects.tile" locallyApplied="true">
      <property name="scale" type="float">
        <kf t="1.000000" v="1.000000" e="cubicBezier 0.0 1.0 0.11111113 1.0" />
        <kf t="0.000000" v="4.245000" />
      </property>
      <property name="phase" type="float" value="0.000000" />
      <property name="mirror" type="bool" value="true" />
      <property name="vertoffs" type="bool" value="false" />
      <property name="angle" type="float" value="0.000000" />
    </effect>
    <effect id="com.alightcreative.effects.tile" locallyApplied="true">
      <property name="scale" type="float">
        <kf t="1.000000" v="1.000000" e="cubicBezier 0.0 1.0 0.11111113 1.0" />
        <kf t="0.000000" v="4.245000" />
      </property>
      <property name="phase" type="float" value="0.000000" />
      <property name="mirror" type="bool" value="true" />
      <property name="vertoffs" type="bool" value="false" />
      <property name="angle" type="float" value="0.000000" />
    </effect>
    <effect id="com.alightcreative.effects.zoomblur3" locallyApplied="true">
      <property name="strength" type="float">
        <kf t="1.000000" v="0.000000" e="cubicBezier 0.0 0.96 0.18111111 1.0" />
        <kf t="0.000000" v="1.000000" />
      </property>
      <property name="adaptive" type="bool" value="true" />
    </effect>
    <property name="size" type="vec2" value="100.000000,100.000000" />
  </shape>
</scene>