<?xml version='1.0' encoding='UTF-8' ?><!--
Created by Alight Motion (http://alightmotion.com)
Exported: 2025-04-07 05:03 PM
5.0.270.1002578 (1002351)
6dff462 (Apr 11, 2024 5:47:55 PM)
-->
<scene title="FLASHING  PUMP BY VIRUS 89" width="2560" height="1440" exportWidth="2560" exportHeight="1440" precompose="dynamicResolution" bgcolor="#ff000000" totalTime="3750" fps="60" modifiedTime="1744027406709" amver="1002351" ffver="106" am="com.alightcreative.motioo/5.0.270.1002578" amplatform="android" retime="freeze" retimeAdaptFPS="false">
  <media uri="content://media/external/images/media/1000063778" filename="Screenshot_20250406-091648.jpg" title="Screenshot_20250406-091648.jpg" type="image/jpeg" size="1038733" orientation="0" infoUpdated="1744027388755" width="2460" height="1080" />
  <shape id="10220398" label="Screenshot_20250406-091648.jpg" startTime="0" endTime="3750" fillType="media" fillImage="content://media/external/images/media/1000063778" mediaFillMode="fill" s=".rect">
    <transform>
      <location value="1280.000000,720.000000,0.000000" />
      <scale value="1.282280,1.282280" />
    </transform>
    <property name="size" type="vec2" value="1280.000000,561.500000" />
  </shape>
  <shape id="10220399" label="Rounded Rectangle 3" startTime="630" endTime="1696" fillType="color" mediaFillMode="stretch" s=".roundrect">
    <transform>
      <location value="1559.761597,723.009033,0.000000" />
      <scale value="7.200000,7.200000" />
    </transform>
    <fillColor value="#ffe892e5" />
    <effect id="com.alightcreative.effects.lift" locallyApplied="true">
      <property name="fill" type="float" value="0.000000" />
    </effect>
    <effect id="com.alightcreative.effects.pinchbulge2" locallyApplied="true">
      <property name="strength" type="float">
        <kf t="0.000000" v="0.000000" />
        <kf t="0.508929" v="0.500000" e="cubicBezier 1.0 0.0 1.0 1.0" />
        <kf t="1.000000" v="0.000000" e="cubicBezier 0.0 0.0 0.0 1.0" />
      </property>
      <property name="radius" type="float" value="2.500000" />
    </effect>
    <effect id="com.alightcreative.effects.tile" locallyApplied="true">
      <property name="scale" type="float" value="1.000000" />
      <property name="phase" type="float" value="0.000000" />
      <property name="mirror" type="bool" value="true" />
      <property name="vertoffs" type="bool" value="false" />
      <property name="angle" type="float">
        <kf t="0.000000" v="0.000000" />
        <kf t="1.000000" v="0.000000" e="cubicBezier 0.0 0.72 0.0 1.0" />
        <kf t="0.508929" v="6.500000" e="cubicBezier 1.0 0.0 1.0 0.28" />
      </property>
    </effect>
    <effect id="com.alightcreative.effects.oscillate3" locallyApplied="true">
      <property name="direction" type="int" value="0" />
      <property name="angle" type="float" value="0.000000" />
      <property name="freq" type="float">
        <kf t="0.000000" v="0.000000" />
        <kf t="1.000000" v="0.000000" />
        <kf t="0.508929" v="4.000000" />
      </property>
      <property name="mag" type="float" value="350.000000" />
      <property name="type" type="int" value="0" />
      <property name="phase" type="float" value="0.000000" />
    </effect>
    <effect id="com.alightcreative.effects.exposure" locallyApplied="true">
      <property name="exposure" type="float">
        <kf t="0.000000" v="0.000000" />
        <kf t="1.000000" v="0.000000" />
        <kf t="0.508929" v="0.300000" />
      </property>
      <property name="gamma" type="float" value="1.000000" />
      <property name="offset" type="float" value="0.000000" />
    </effect>
    <effect id="com.alightcreative.effects.zoomblur3" locallyApplied="true">
      <property name="strength" type="float">
        <kf t="0.000000" v="0.000000" />
        <kf t="0.508929" v="0.200000" e="cubicBezier 1.0 0.0 1.0 1.0" />
        <kf t="1.000000" v="0.000000" e="cubicBezier 0.0 0.0 0.0 1.0" />
      </property>
      <property name="adaptive" type="bool" value="true" />
    </effect>
    <effect id="com.alightcreative.effects.oscillate3" locallyApplied="true">
      <property name="direction" type="int" value="0" />
      <property name="angle" type="float" value="90.000000" />
      <property name="freq" type="float" value="4.000000" />
      <property name="mag" type="float">
        <kf t="0.483631" v="0.000000" />
        <kf t="1.004464" v="0.000000" />
        <kf t="0.508929" v="301.000000" />
      </property>
      <property name="type" type="int" value="0" />
      <property name="phase" type="float" value="0.000000" />
    </effect>
    <property name="size" type="vec2" value="475.466675,100.000000" />
    <property name="cornerRadius" type="float" value="25.000000" />
  </shape>
  <shape id="10220400" label="Rounded Rectangle 2" startTime="1150" endTime="2838" fillType="color" speed="0.750000" mediaFillMode="stretch" s=".roundrect">
    <transform>
      <location value="1280.000000,720.000000,0.000000" />
      <scale value="12.799999,12.799999" />
    </transform>
    <fillColor value="#ffb49544" />
    <effect id="com.alightcreative.effects.lift" locallyApplied="true">
      <property name="fill" type="float" value="0.000000" />
    </effect>
    <effect id="com.alightcreative.effects.exposure" locallyApplied="true">
      <property name="exposure" type="float" value="0.250000" />
      <property name="gamma" type="float" value="1.000000" />
      <property name="offset" type="float" value="0.000000" />
    </effect>
    <effect id="com.alightcreative.effects.blink2" locallyApplied="true">
      <property name="freq" type="float">
        <kf t="0.000000" v="16.000000" />
        <kf t="1.000000" v="0.100000" e="cubicBezier 1.0 0.0 1.0 1.0" />
      </property>
    </effect>
    <property name="size" type="vec2" value="100.000000,100.000000" />
    <property name="cornerRadius" type="float" value="25.000000" />
  </shape>
  <shape id="10220401" label="Rounded Rectangle 1 Copy" startTime="350" endTime="2350" fillType="color" mediaFillMode="stretch" s=".roundrect">
    <transform>
      <location value="1280.000000,720.484131,0.000000" />
      <scale value="0.642401,0.642401" />
    </transform>
    <fillColor value="#ffb1743a" />
    <effect id="com.alightcreative.effects.lift" locallyApplied="true">
      <property name="fill" type="float" value="0.000000" />
    </effect>
    <effect id="com.alightcreative.effects.lift" locallyApplied="true">
      <property name="fill" type="float" value="0.000000" />
    </effect>
    <effect id="com.alightcreative.effects.lift" locallyApplied="true">
      <property name="fill" type="float" value="0.000000" />
    </effect>
    <effect id="com.alightcreative.effects.jitter" hidden="true" locallyApplied="true">
      <property name="angle" type="float" value="180.000000" />
      <property name="freq" type="float" value="60.000000" />
      <property name="mag" type="float">
        <kf t="0.370909" v="21.000000" />
        <kf t="0.461818" v="587.000000" />
        <kf t="0.920500" v="312.000000" e="cubicBezier 1.0 0.07058823 0.71807885 1.0" />
      </property>
      <property name="seed" type="float">
        <kf t="0.000000" v="10.000000" />
        <kf t="0.400909" v="0.000000" />
        <kf t="0.462500" v="6.600000" />
      </property>
      <property name="slack" type="float" value="0.940000" />
      <property name="zjitter" type="float" value="0.000000" />
    </effect>
    <effect id="com.alightcreative.effects.lift" locallyApplied="true">
      <property name="fill" type="float" value="0.000000" />
    </effect>
    <effect id="com.alightcreative.effects.pinchbulge2" locallyApplied="true">
      <property name="strength" type="float">
        <kf t="1.686771" v="0.000000" />
        <kf t="0.009177" v="0.000000" />
        <kf t="0.946335" v="0.000000" e="cubicBezier 0.0 0.0 0.070182025 1.0" />
        <kf t="0.415080" v="1.000000" e="cubicBezier 0.7177778 0.0 1.0 0.29705882" />
      </property>
      <property name="radius" type="float" value="2.500000" />
    </effect>
    <effect id="com.alightcreative.effects.jitter" locallyApplied="true">
      <property name="angle" type="float" value="180.000000" />
      <property name="freq" type="float" value="29.000000" />
      <property name="mag" type="float" value="214.000000" />
      <property name="seed" type="float" value="0.000000" />
      <property name="slack" type="float" value="0.000000" />
      <property name="zjitter" type="float" value="0.000000" />
    </effect>
    <effect id="com.alightcreative.effects.jitter" hidden="true" locallyApplied="true">
      <property name="angle" type="float" value="180.000000" />
      <property name="freq" type="float" value="40.000000" />
      <property name="mag" type="float" value="214.000000" />
      <property name="seed" type="float" value="0.000000" />
      <property name="slack" type="float" value="0.000000" />
      <property name="zjitter" type="float" value="0.000000" />
    </effect>
    <effect id="com.alightcreative.effects.zoomblur3" locallyApplied="true">
      <property name="strength" type="float">
        <kf t="0.000000" v="0.000000" />
        <kf t="1.000000" v="0.000000" e="cubicBezier 0.0 0.48235294 0.26 1.0" />
        <kf t="0.404000" v="0.830000" e="cubicBezier 0.7 0.0 1.0 0.30882353" />
      </property>
      <property name="adaptive" type="bool" value="true" />
    </effect>
    <effect id="com.alightcreative.effects.exposure" locallyApplied="true">
      <property name="exposure" type="float">
        <kf t="0.000000" v="0.000000" />
        <kf t="0.404000" v="0.410000" e="cubicBezier 0.63 0.0 1.0 0.26808724" />
        <kf t="1.000000" v="0.000000" e="cubicBezier 0.0 0.48657155 0.123333335 1.0" />
      </property>
      <property name="gamma" type="float" value="1.000000" />
      <property name="offset" type="float" value="0.000000" />
    </effect>
    <effect id="com.alightcreative.effects.motionblur4" locallyApplied="true">
      <property name="tune" type="float" value="0.000000" />
      <property name="usePos" type="bool" value="true" />
      <property name="useScale" type="bool" value="true" />
      <property name="useAngle" type="bool" value="true" />
    </effect>
    <property name="size" type="vec2" value="1992.524292,1164.481323" />
    <property name="cornerRadius" type="float" value="25.000000" />
  </shape>
  <shape id="10220404" label="Rounded Rectangle 1" startTime="1633" endTime="2648" fillType="color" mediaFillMode="fill" s=".roundrect">
    <transform>
      <location value="1279.947144,720.952454,0.000000" />
      <scale value="12.800001,12.800001" />
    </transform>
    <fillColor value="#fffe3fab" />
    <effect id="com.alightcreative.effects.lift" locallyApplied="true">
      <property name="fill" type="float" value="0.000000" />
    </effect>
    <effect id="com.alightcreative.effects.tile" locallyApplied="true">
      <property name="scale" type="float" value="1.000000" />
      <property name="phase" type="float" value="0.000000" />
      <property name="mirror" type="bool" value="true" />
      <property name="vertoffs" type="bool" value="false" />
      <property name="angle" type="float" value="0.000000" />
    </effect>
    <effect id="com.alightcreative.effects.shake" locallyApplied="true">
      <property name="mag" type="float">
        <kf t="0.000000" v="668.000000" />
        <kf t="0.380692" v="0.000000" e="cubicBezier 0.0 1.0 0.0 1.0" />
      </property>
      <property name="speed" type="float">
        <kf t="0.000000" v="18.510000" />
        <kf t="0.380692" v="0.000000" e="cubicBezier 0.0 1.0 0.0 1.0" />
      </property>
      <property name="evolution" type="float" value="0.000000" />
      <property name="seed" type="float" value="0.000000" />
      <property name="angle" type="float">
        <kf t="0.000000" v="180.000000" />
        <kf t="0.380692" v="0.000000" e="cubicBezier 0.0 1.0 0.58 1.0" />
      </property>
      <property name="slack" type="float" value="0.500000" />
    </effect>
    <effect id="com.alightcreative.effects.shake" locallyApplied="true">
      <property name="mag" type="float">
        <kf t="0.000000" v="668.000000" />
        <kf t="0.380692" v="0.000000" e="cubicBezier 0.0 1.0 0.0 1.0" />
      </property>
      <property name="speed" type="float">
        <kf t="0.000000" v="18.510000" />
        <kf t="0.380692" v="0.000000" e="cubicBezier 0.0 1.0 0.0 1.0" />
      </property>
      <property name="evolution" type="float" value="0.000000" />
      <property name="seed" type="float" value="0.000000" />
      <property name="angle" type="float">
        <kf t="0.000000" v="180.000000" />
        <kf t="0.380692" v="0.000000" e="cubicBezier 0.0 1.0 0.58 1.0" />
      </property>
      <property name="slack" type="float" value="0.500000" />
    </effect>
    <effect id="com.alightcreative.effects.motionblur3" locallyApplied="true">
      <property name="tune" type="float" value="1.400000" />
      <property name="usePos" type="bool" value="true" />
      <property name="useScale" type="bool" value="false" />
      <property name="useAngle" type="bool" value="false" />
    </effect>
    <effect id="com.alightcreative.effects.oscillate" locallyApplied="false">
      <property name="angle" type="float">
        <kf t="0.513514" v="180.000000" />
        <kf t="0.012012" v="57.599998" />
      </property>
      <property name="freq" type="float" value="8.586000" />
      <property name="mag" type="float">
        <kf t="0.513514" v="1.000000" e="cubicBezier 0.0 0.580113 0.3629164 1.0" />
        <kf t="0.013514" v="219.559998" />
      </property>
      <property name="type" type="int" value="0" />
    </effect>
    <effect id="com.alightcreative.effects.transform" locallyApplied="false">
      <property name="alpha" type="float">
        <kf t="1.007687" v="0.000000" e="cubicBezier 0.0 0.6921052 1.0 1.0" />
        <kf t="0.003560" v="1.000000" />
      </property>
      <property name="fill" type="float" value="1.000000" />
      <property name="scale" type="float">
        <kf t="1.007687" v="1.510000" e="cubicBezier 0.0 1.0 1.0 1.0" />
        <kf t="0.003560" v="1.000000" />
      </property>
      <property name="angle" type="float" value="0.000000" />
      <property name="maskToLayer" type="bool" value="false" />
      <property name="sample" type="int" value="1" />
    </effect>
    <effect id="com.alightcreative.effects.exposure" locallyApplied="true">
      <property name="exposure" type="float">
        <kf t="0.990940" v="0.000000" e="cubicBezier 0.0 1.0 0.68 1.0" />
        <kf t="-0.009060" v="1.200000" />
      </property>
      <property name="gamma" type="float" value="1.000000" />
      <property name="offset" type="float" value="0.000000" />
    </effect>
    <property name="size" type="vec2" value="100.000000,100.000000" />
    <property name="cornerRadius" type="float" value="25.000000" />
  </shape>
  <shape id="10220402" label="normal mix Copy" startTime="590" endTime="1706" fillType="color" mediaFillMode="stretch" s=".rect">
    <transform>
      <location value="1280.000000,720.000000,0.000000" />
      <scale value="12.800006,7.200000" />
    </transform>
    <fillColor value="#ffab709b" />
    <effect id="com.alightcreative.effects.lift" locallyApplied="true">
      <property name="fill" type="float" value="0.000000" />
    </effect>
    <effect id="com.alightcreative.effects.tile" locallyApplied="false">
      <property name="mirror" type="bool" value="true" />
      <property name="scale" type="float" value="1.000000" />
      <property name="phase" type="float" value="0.000000" />
      <property name="vertoffs" type="bool" value="false" />
      <property name="angle" type="float" value="0.000000" />
    </effect>
    <effect id="com.alightcreative.effects.motionblur3" hidden="true" locallyApplied="false">
      <property name="tune" type="float" value="1.000000" />
      <property name="usePos" type="bool" value="true" />
      <property name="useScale" type="bool" value="true" />
      <property name="useAngle" type="bool" value="true" />
      <property name="color1" type="color" value="#ff050505" />
      <property name="color2" type="color" value="#ffdd5500" />
      <property name="progressa" type="float" value="1.000000" />
      <property name="scale" type="float" value="5.000000" />
      <property name="bright" type="float" value="1.500000" />
      <property name="alpha" type="float" value="1.000000" />
      <property name="angle" type="float" value="0.000000" />
      <property name="blendMode" type="int" value="0" />
    </effect>
    <effect id="com.alightcreative.effects.pinchbulgeinside" locallyApplied="true">
      <property name="feather" type="float" value="0.250000" />
      <property name="gaussian" type="bool" value="true" />
      <property name="radius" type="float" value="1.995000" />
      <property name="strength" type="float">
        <kf t="0.000000" v="0.000000" />
        <kf t="0.992832" v="0.000000" e="cubicBezier 0.0 0.0 0.36 0.87058824" />
        <kf t="0.500000" v="-0.210000" e="cubicBezier 0.09888893 0.0 1.0 1.0" />
      </property>
    </effect>
    <effect id="com.alightcreative.effects.circularripple" hidden="true" locallyApplied="true">
      <property name="frequency" type="float" value="1.000000" />
      <property name="strength" type="float">
        <kf t="0.007168" v="0.000000" e="cubicBezier 0.0 1.0 0.827795 1.0" />
        <kf t="0.663979" v="0.323000" e="cubicBezier 0.62222224 0.0 1.0 0.0" />
        <kf t="0.992832" v="0.000000" e="cubicBezier 0.0 1.0 0.0 1.0" />
      </property>
      <property name="phase" type="float" value="0.000000" />
      <property name="radius" type="float" value="0.800000" />
      <property name="feather" type="float" value="0.001000" />
      <property name="progressa" type="float" value="1.000000" />
      <property name="progressd" type="float" value="1.000000" />
      <property name="progressf" type="float" value="0.000000" />
      <property name="progressb" type="float" value="15.000000" />
      <property name="bright" type="float" value="1.000000" />
      <property name="alpha" type="float" value="1.000000" />
      <property name="angle" type="float" value="0.000000" />
      <property name="color1" type="color" value="#ff661933" />
      <property name="color2" type="color" value="#ff330066" />
      <property name="color3" type="color" value="#ff4c194c" />
      <property name="color4" type="color" value="#ff196680" />
      <property name="blendMode" type="int" value="0" />
    </effect>
    <property name="size" type="vec2" value="100.000000,100.000000" />
  </shape>
  <shape id="10220403" label="normal mix Copy 2" startTime="590" endTime="1706" fillType="color" mediaFillMode="stretch" s=".rect">
    <transform>
      <location value="1280.000000,720.000000,0.000000" />
      <scale value="12.800006,7.200000" />
    </transform>
    <fillColor value="#ffab709b" />
    <effect id="com.alightcreative.effects.lift" locallyApplied="true">
      <property name="fill" type="float" value="0.000000" />
    </effect>
    <effect id="com.alightcreative.effects.tile" locallyApplied="false">
      <property name="mirror" type="bool" value="true" />
      <property name="scale" type="float" value="1.000000" />
      <property name="phase" type="float" value="0.000000" />
      <property name="vertoffs" type="bool" value="false" />
      <property name="angle" type="float" value="0.000000" />
    </effect>
    <effect id="com.alightcreative.effects.motionblur3" hidden="true" locallyApplied="false">
      <property name="tune" type="float" value="1.000000" />
      <property name="usePos" type="bool" value="true" />
      <property name="useScale" type="bool" value="true" />
      <property name="useAngle" type="bool" value="true" />
      <property name="color1" type="color" value="#ff050505" />
      <property name="color2" type="color" value="#ffdd5500" />
      <property name="progressa" type="float" value="1.000000" />
      <property name="scale" type="float" value="5.000000" />
      <property name="bright" type="float" value="1.500000" />
      <property name="alpha" type="float" value="1.000000" />
      <property name="angle" type="float" value="0.000000" />
      <property name="blendMode" type="int" value="0" />
    </effect>
    <effect id="com.alightcreative.effects.pinchbulgeinside" locallyApplied="true">
      <property name="feather" type="float" value="0.250000" />
      <property name="gaussian" type="bool" value="true" />
      <property name="radius" type="float" value="1.995000" />
      <property name="strength" type="float">
        <kf t="0.000000" v="0.000000" />
        <kf t="0.992832" v="0.000000" e="cubicBezier 0.0 0.0 0.36 0.87058824" />
        <kf t="0.500000" v="-0.210000" e="cubicBezier 0.09888893 0.0 1.0 1.0" />
      </property>
    </effect>
    <effect id="com.alightcreative.effects.circularripple" hidden="true" locallyApplied="true">
      <property name="frequency" type="float" value="1.000000" />
      <property name="strength" type="float">
        <kf t="0.007168" v="0.000000" e="cubicBezier 0.0 1.0 0.827795 1.0" />
        <kf t="0.663979" v="0.323000" e="cubicBezier 0.62222224 0.0 1.0 0.0" />
        <kf t="0.992832" v="0.000000" e="cubicBezier 0.0 1.0 0.0 1.0" />
      </property>
      <property name="phase" type="float" value="0.000000" />
      <property name="radius" type="float" value="0.800000" />
      <property name="feather" type="float" value="0.001000" />
      <property name="progressa" type="float" value="1.000000" />
      <property name="progressd" type="float" value="1.000000" />
      <property name="progressf" type="float" value="0.000000" />
      <property name="progressb" type="float" value="15.000000" />
      <property name="bright" type="float" value="1.000000" />
      <property name="alpha" type="float" value="1.000000" />
      <property name="angle" type="float" value="0.000000" />
      <property name="color1" type="color" value="#ff661933" />
      <property name="color2" type="color" value="#ff330066" />
      <property name="color3" type="color" value="#ff4c194c" />
      <property name="color4" type="color" value="#ff196680" />
      <property name="blendMode" type="int" value="0" />
    </effect>
    <property name="size" type="vec2" value="100.000000,100.000000" />
  </shape>
</scene>