<?xml version='1.0' encoding='UTF-8' ?><!--
Created by Alight Motion (http://alightmotion.com)
Exported: 2025-02-03 08:05 PM
5.0.271.1002592 (1002592)
a34a6c0 (7 Oct 2024 3:17:29 pm)
-->
<scene title=" pc like inner pinch pump by ZEROX EDITZ&#129765;" width="1920" height="1080" exportWidth="1920" exportHeight="1080" precompose="dynamicResolution" bgcolor="#ff000000" totalTime="1282" fps="30" modifiedTime="1738595125101" amver="1002592" ffver="106" am="com.alightcreative.motion/5.0.271.1002592" amplatform="android" retime="freeze" retimeAdaptFPS="false">
  <media uri="content://media/external/images/media/1000001565" type="image/jpeg" duration="0" orientation="0" infoUpdated="1738595078450" width="0" height="0" />
  <bookmark t="1016" />
  <shape id="10174412" label="IMG_1942.MP4" startTime="0" endTime="1282" fillType="media" fillImage="content://media/external/images/media/1000001565" mediaFillMode="fill" s=".rect">
    <transform>
      <location value="960.000000,540.000000,0.000000" />
      <scale value="1.216216,1.216216" />
    </transform>
    <property name="size" type="vec2" value="960.000000,444.000000" />
  </shape>
  <shape id="10175592" label="Rectangle 1 Copy" startTime="266" endTime="676" fillType="color" speed="3.100000" mediaFillMode="stretch" s=".rect">
    <transform lockAspectRatio="false">
      <location value="960.000000,540.000000,0.000000" />
      <scale value="12.860353,4.909091" />
    </transform>
    <fillColor value="#ff5eb7d9" />
    <effect id="com.alightcreative.effects.lift" locallyApplied="true">
      <property name="fill" type="float" value="0.000000" />
    </effect>
    <effect id="com.alightcreative.effects.pinchbulgeinside" locallyApplied="true">
      <property name="centerPoint" type="vec2">
        <kf t="0.287805" v="0.000000,0.000000" />
        <kf t="1.000000" v="0.000000,0.000000" e="cubicBezier 1.0 0.0 1.0 1.0" />
        <kf t="1.658537" v="0.000000,0.000000" e="cubicBezier 0.0 0.0 0.0 1.0" />
      </property>
      <property name="strength" type="float">
        <kf t="0.287805" v="0.000000" />
        <kf t="1.000000" v="-0.210000" e="cubicBezier 0.78 0.0 1.0 0.035882324" />
        <kf t="1.658537" v="0.000000" e="cubicBezier 0.0 0.7543393 0.18333334 1.0" />
      </property>
      <property name="radius" type="float" value="2.500000" />
      <property name="feather" type="float" value="0.295000" />
      <property name="gaussian" type="bool" value="false" />
    </effect>
    <effect id="com.alightcreative.effects.pinchbulgeinside" locallyApplied="true">
      <property name="centerPoint" type="vec2">
        <kf t="0.287805" v="0.000000,0.000000" />
        <kf t="1.000000" v="0.000000,0.000000" e="cubicBezier 1.0 0.0 1.0 1.0" />
        <kf t="1.658537" v="0.000000,0.000000" e="cubicBezier 0.0 0.0 0.0 1.0" />
      </property>
      <property name="strength" type="float">
        <kf t="0.287805" v="0.000000" />
        <kf t="1.000000" v="-0.210000" e="cubicBezier 0.78 0.0 1.0 0.04" />
        <kf t="1.658537" v="0.000000" e="cubicBezier 0.0 0.7543393 0.18333334 1.0" />
      </property>
      <property name="radius" type="float" value="2.500000" />
      <property name="feather" type="float" value="0.295000" />
      <property name="gaussian" type="bool" value="false" />
    </effect>
    <effect id="com.alightcreative.effects.pinchbulgeinside" locallyApplied="true">
      <property name="centerPoint" type="vec2">
        <kf t="0.287805" v="0.000000,0.000000" />
        <kf t="1.000000" v="0.000000,0.000000" e="cubicBezier 1.0 0.0 1.0 1.0" />
        <kf t="1.658537" v="0.000000,0.000000" e="cubicBezier 0.0 0.0 0.0 1.0" />
      </property>
      <property name="strength" type="float">
        <kf t="0.287805" v="0.000000" />
        <kf t="1.000000" v="-0.210000" e="cubicBezier 0.78 0.0 1.0 0.04" />
        <kf t="1.658537" v="0.000000" e="cubicBezier 0.0 0.7543393 0.18333334 1.0" />
      </property>
      <property name="radius" type="float" value="2.500000" />
      <property name="feather" type="float" value="0.295000" />
      <property name="gaussian" type="bool" value="false" />
    </effect>
    <effect id="com.alightcreative.effects.pinchbulgeinside" locallyApplied="true">
      <property name="centerPoint" type="vec2">
        <kf t="0.287805" v="0.000000,0.000000" />
        <kf t="1.000000" v="0.000000,0.000000" e="cubicBezier 1.0 0.0 1.0 1.0" />
        <kf t="1.658537" v="0.000000,0.000000" e="cubicBezier 0.0 0.0 0.0 1.0" />
      </property>
      <property name="strength" type="float">
        <kf t="0.287805" v="0.000000" />
        <kf t="1.000000" v="-0.210000" e="cubicBezier 0.78 0.0 1.0 0.04" />
        <kf t="1.658537" v="0.000000" e="cubicBezier 0.0 0.7543393 0.18333334 1.0" />
      </property>
      <property name="radius" type="float" value="2.500000" />
      <property name="feather" type="float" value="0.295000" />
      <property name="gaussian" type="bool" value="false" />
    </effect>
    <effect id="com.alightcreative.effects.gaussianblur" locallyApplied="true">
      <property name="strength" type="float">
        <kf t="0.597561" v="0.000000" />
        <kf t="0.990244" v="0.230000" e="cubicBezier 0.84 0.0 1.0 0.06" />
      </property>
    </effect>
    <effect id="com.alightcreative.effects.pinchbulgeinside" locallyApplied="true">
      <property name="centerPoint" type="vec2">
        <kf t="0.287805" v="0.000000,0.000000" />
        <kf t="1.000000" v="0.000000,0.000000" e="cubicBezier 1.0 0.0 1.0 1.0" />
        <kf t="1.658537" v="0.000000,0.000000" e="cubicBezier 0.0 0.0 0.0 1.0" />
      </property>
      <property name="strength" type="float">
        <kf t="0.287805" v="0.000000" />
        <kf t="1.000000" v="-0.210000" e="cubicBezier 0.78 0.0 1.0 0.04" />
        <kf t="1.658537" v="0.000000" e="cubicBezier 0.0 0.7543393 0.18333334 1.0" />
      </property>
      <property name="radius" type="float" value="2.500000" />
      <property name="feather" type="float" value="0.295000" />
      <property name="gaussian" type="bool" value="false" />
    </effect>
    <effect id="com.alightcreative.effects.pinchbulgeinside" locallyApplied="true">
      <property name="centerPoint" type="vec2">
        <kf t="0.287805" v="0.000000,0.000000" />
        <kf t="1.000000" v="0.000000,0.000000" e="cubicBezier 1.0 0.0 1.0 1.0" />
        <kf t="1.658537" v="0.000000,0.000000" e="cubicBezier 0.0 0.0 0.0 1.0" />
      </property>
      <property name="strength" type="float">
        <kf t="0.287805" v="0.000000" />
        <kf t="1.000000" v="-0.210000" e="cubicBezier 0.78 0.0 1.0 0.04" />
        <kf t="1.658537" v="0.000000" e="cubicBezier 0.0 0.7543393 0.18333334 1.0" />
      </property>
      <property name="radius" type="float" value="2.500000" />
      <property name="feather" type="float" value="0.295000" />
      <property name="gaussian" type="bool" value="false" />
    </effect>
    <effect id="com.alightcreative.effects.zoomblur3" locallyApplied="true">
      <property name="strength" type="float">
        <kf t="0.287805" v="0.000000" />
        <kf t="1.000000" v="1.000000" e="cubicBezier 0.84555554 0.0 1.0 0.07058823" />
      </property>
      <property name="adaptive" type="bool" value="true" />
    </effect>
    <effect id="com.alightcreative.effects.pinchbulgeinside" locallyApplied="true">
      <property name="strength" type="float">
        <kf t="0.000000" v="0.000000" />
        <kf t="0.458537" v="0.070000" e="cubicBezier 0.42 0.0 0.58 1.0" />
      </property>
      <property name="radius" type="float" value="0.525000" />
      <property name="feather" type="float" value="0.100000" />
      <property name="gaussian" type="bool" value="false" />
    </effect>
    <property name="size" type="vec2" value="102.000000,110.000000" />
  </shape>
  <shape id="10175593" label="Rectangle 1" startTime="666" endTime="1150" fillType="color" speed="2.000000" mediaFillMode="fill" s=".rect">
    <transform lockAspectRatio="false">
      <location value="960.000000,540.000000,0.000000" />
      <scale value="9.599999,10.789559" />
    </transform>
    <fillColor value="#ffd567b5" />
    <effect id="com.alightcreative.effects.lift" locallyApplied="true">
      <property name="fill" type="float" value="0.000000" />
    </effect>
    <effect id="com.alightcreative.effects.tile" locallyApplied="true">
      <property name="scale" type="float">
        <kf t="1.000000" v="1.000000" e="cubicBezier 0.0 1.0 0.11111113 1.0" />
        <kf t="0.000000" v="4.245000" />
      </property>
      <property name="phase" type="float" value="0.000000" />
      <property name="mirror" type="bool" value="true" />
      <property name="vertoffs" type="bool" value="false" />
      <property name="angle" type="float" value="0.000000" />
    </effect>
    <effect id="com.alightcreative.effects.tile" locallyApplied="true">
      <property name="scale" type="float">
        <kf t="1.000000" v="1.000000" e="cubicBezier 0.0 1.0 0.11111113 1.0" />
        <kf t="0.000000" v="4.245000" />
      </property>
      <property name="phase" type="float" value="0.000000" />
      <property name="mirror" type="bool" value="true" />
      <property name="vertoffs" type="bool" value="false" />
      <property name="angle" type="float" value="0.000000" />
    </effect>
    <effect id="com.alightcreative.effects.zoomblur3" locallyApplied="true">
      <property name="strength" type="float">
        <kf t="1.000000" v="0.000000" e="cubicBezier 0.0 0.96 0.18111111 1.0" />
        <kf t="0.000000" v="1.000000" />
      </property>
      <property name="adaptive" type="bool" value="true" />
    </effect>
    <property name="size" type="vec2" value="100.000000,100.000000" />
  </shape>
</scene>