<?xml version='1.0' encoding='UTF-8' ?><!--
Created by Alight Motion (http://alightmotion.com)
Exported: 2025-04-19 12:02 PM
5.0.272.1028368 (1002592)
a34a6c0 (7 Oct 2024 3:17:29 pm)
-->
<scene title="Personal pinch Pump AE LIKE  BY ZEROX &#129309;" width="1920" height="1080" exportWidth="1920" exportHeight="1080" precompose="dynamicResolution" bgcolor="#ff000000" totalTime="1999" fps="60" modifiedTime="1745046137905" amver="1002592" ffver="106" am="com.alightcreative.motion/5.0.272.1028368" amplatform="android" retime="freeze" retimeAdaptFPS="false">
  <bookmark t="7191" />
  <shape id="10192359" label="Screenshot_20240729-124339.jpg" startTime="0" endTime="1015" fillType="media" fillImage="content://media/external/images/media/1000045309" mediaFillMode="fill" s=".rect">
    <transform>
      <location value="960.000000,540.000000,0.000000" />
      <scale>
        <kf t="0.500493" v="1.282660,1.282660" />
        <kf t="0.993103" v="0.000000,0.000000" e="cubicBezier 0.62 0.0 1.0 0.0" />
      </scale>
    </transform>
    <effect id="com.alightcreative.effects.tile" locallyApplied="true">
      <property name="scale" type="float" value="1.005000" />
      <property name="phase" type="float" value="0.000000" />
      <property name="mirror" type="bool" value="true" />
      <property name="vertoffs" type="bool" value="false" />
      <property name="angle" type="float" value="0.000000" />
    </effect>
    <effect id="com.alightcreative.effects.oscillate3" locallyApplied="true">
      <property name="direction" type="int" value="0" />
      <property name="angle" type="float">
        <kf t="0.993103" v="45.000000" />
        <kf t="0.500493" v="0.000000" />
      </property>
      <property name="freq" type="float">
        <kf t="0.993103" v="2.000000" />
        <kf t="0.500493" v="0.000000" />
      </property>
      <property name="mag" type="float">
        <kf t="0.993103" v="25.000000" />
        <kf t="0.500493" v="0.000000" />
      </property>
      <property name="type" type="int" value="0" />
      <property name="phase" type="float" value="0.000000" />
    </effect>
    <effect id="com.alightcreative.effects.motionblur4" locallyApplied="true">
      <property name="tune" type="float" value="0.500000" />
      <property name="usePos" type="bool" value="true" />
      <property name="useScale" type="bool" value="true" />
      <property name="useAngle" type="bool" value="true" />
    </effect>
    <effect id="com.alightcreative.effects.circularripple2" locallyApplied="true">
      <property name="frequency" type="float" value="1.000000" />
      <property name="strength" type="float">
        <kf t="0.500493" v="0.000000" />
        <kf t="1.000000" v="0.150000" e="cubicBezier 0.62 0.0 1.0 0.0" />
      </property>
      <property name="phase" type="float" value="1.000000" />
      <property name="radius" type="float" value="0.500000" />
      <property name="feather" type="float" value="0.100000" />
    </effect>
    <effect id="com.alightcreative.effects.tile" locallyApplied="true">
      <property name="scale" type="float" value="1.000000" />
      <property name="phase" type="float" value="0.000000" />
      <property name="mirror" type="bool" value="true" />
      <property name="vertoffs" type="bool" value="false" />
      <property name="angle" type="float" value="0.000000" />
    </effect>
    <effect id="com.alightcreative.effects.pinchbulge2" locallyApplied="true">
      <property name="strength" type="float">
        <kf t="0.422152" v="0.000000" />
        <kf t="1.000000" v="-1.000000" e="cubicBezier 0.83 0.0 1.0 0.26" />
      </property>
      <property name="radius" type="float" value="0.710000" />
    </effect>
    <effect id="com.alightcreative.effects.motionblur2" locallyApplied="true">
      <property name="tune" type="float">
        <kf t="1.000000" v="2.000000" />
        <kf t="0.430633" v="0.000000" />
        <kf t="-0.294017" v="0.000000" />
        <kf t="-0.946868" v="2.000000" />
      </property>
      <property name="usePos" type="bool" value="true" />
      <property name="useScale" type="bool" value="true" />
      <property name="useAngle" type="bool" value="true" />
    </effect>
    <effect id="com.alightcreative.effects.zoomblur3" locallyApplied="true">
      <property name="strength" type="float">
        <kf t="0.422152" v="0.000000" />
        <kf t="1.000000" v="0.150000" e="cubicBezier 0.6166667 0.0 1.0 0.46764708" />
      </property>
      <property name="adaptive" type="bool" value="true" />
    </effect>
    <effect id="com.alightcreative.effects.sharpen" locallyApplied="true">
      <property name="strength" type="float" value="0.200000" />
      <property name="radius" type="float" value="1.100000" />
    </effect>
    <property name="size" type="vec2" value="960.000000,421.000000" />
  </shape>
  <shape id="10192360" label="Screenshot_20240728-124949.jpg" startTime="1000" endTime="1999" fillType="media" fillImage="content://media/external/images/media/1000045313" mediaFillMode="fill" s=".rect">
    <transform>
      <location value="960.000000,540.000000,0.000000" />
      <scale>
        <kf t="0.491491" v="1.282660,1.282660" e="cubicBezier 0.0 1.0 0.38 1.0" />
        <kf t="0.008008" v="5.344418,5.344419" />
      </scale>
    </transform>
    <effect id="com.alightcreative.effects.tile" locallyApplied="true">
      <property name="scale" type="float" value="1.005000" />
      <property name="phase" type="float" value="0.000000" />
      <property name="mirror" type="bool" value="true" />
      <property name="vertoffs" type="bool" value="false" />
      <property name="angle" type="float" value="0.000000" />
    </effect>
    <effect id="com.alightcreative.effects.oscillate3" locallyApplied="true">
      <property name="direction" type="int" value="0" />
      <property name="angle" type="float">
        <kf t="0.007882" v="45.000000" />
        <kf t="0.500493" v="0.000000" />
      </property>
      <property name="freq" type="float">
        <kf t="0.007882" v="2.000000" />
        <kf t="0.500493" v="0.000000" />
      </property>
      <property name="mag" type="float">
        <kf t="0.007882" v="25.000000" />
        <kf t="0.500493" v="0.000000" />
      </property>
      <property name="type" type="int" value="0" />
      <property name="phase" type="float" value="0.000000" />
    </effect>
    <effect id="com.alightcreative.effects.motionblur4" locallyApplied="true">
      <property name="tune" type="float" value="0.500000" />
      <property name="usePos" type="bool" value="true" />
      <property name="useScale" type="bool" value="true" />
      <property name="useAngle" type="bool" value="true" />
    </effect>
    <effect id="com.alightcreative.effects.circularripple2" locallyApplied="true">
      <property name="frequency" type="float" value="1.000000" />
      <property name="strength" type="float">
        <kf t="0.508509" v="0.000000" e="cubicBezier 0.0 0.0 0.0 1.0" />
        <kf t="0.000000" v="0.150000" />
      </property>
      <property name="phase" type="float" value="1.000000" />
      <property name="radius" type="float" value="0.500000" />
      <property name="feather" type="float" value="0.100000" />
    </effect>
    <effect id="com.alightcreative.effects.tile" locallyApplied="true">
      <property name="scale" type="float" value="1.000000" />
      <property name="phase" type="float" value="0.000000" />
      <property name="mirror" type="bool" value="true" />
      <property name="vertoffs" type="bool" value="false" />
      <property name="angle" type="float" value="0.000000" />
    </effect>
    <effect id="com.alightcreative.effects.swing2" hidden="true" locallyApplied="true">
      <property name="freq" type="float" value="2.010000" />
      <property name="a1" type="float" value="-0.300000" />
      <property name="a2" type="float" value="0.300000" />
      <property name="phase" type="float" value="0.000000" />
      <property name="type" type="int" value="0" />
    </effect>
    <effect id="com.alightcreative.effects.oscillate3" hidden="true" locallyApplied="true">
      <property name="direction" type="int" value="0" />
      <property name="angle" type="float">
        <kf t="-6447610880.000000" v="0.000000" />
        <kf t="903715946496.000000" v="180.000000" />
      </property>
      <property name="freq" type="float" value="1.140000" />
      <property name="mag" type="float" value="10.000000" />
      <property name="type" type="int" value="0" />
      <property name="phase" type="float" value="0.000000" />
    </effect>
    <effect id="com.alightcreative.effects.pinchbulge2" locallyApplied="true">
      <property name="strength" type="float">
        <kf t="2.059855" v="0.000000" />
        <kf t="2.929900" v="-1.000000" e="cubicBezier 0.83 0.0 1.0 0.26" />
      </property>
      <property name="radius" type="float" value="0.710000" />
    </effect>
    <effect id="com.alightcreative.effects.motionblur2" locallyApplied="true">
      <property name="tune" type="float">
        <kf t="2.929900" v="2.000000" />
        <kf t="2.072623" v="0.000000" />
        <kf t="0.981544" v="0.000000" />
        <kf t="-0.001431" v="2.000000" />
      </property>
      <property name="usePos" type="bool" value="true" />
      <property name="useScale" type="bool" value="true" />
      <property name="useAngle" type="bool" value="true" />
    </effect>
    <effect id="com.alightcreative.effects.zoomblur3" locallyApplied="true">
      <property name="strength" type="float">
        <kf t="2.059855" v="0.000000" />
        <kf t="2.929900" v="0.150000" e="cubicBezier 0.6166667 0.0 1.0 0.46764708" />
      </property>
      <property name="adaptive" type="bool" value="true" />
    </effect>
    <effect id="com.alightcreative.effects.sharpen" locallyApplied="true">
      <property name="strength" type="float" value="0.200000" />
      <property name="radius" type="float" value="1.100000" />
    </effect>
    <property name="size" type="vec2" value="960.000000,421.000000" />
  </shape>
  <shape id="10192361" label="Rectangle 1" startTime="467" endTime="999" fillType="color" speed="2.162521" mediaFillMode="stretch" s=".rect">
    <transform>
      <location value="960.000000,540.000000,0.000000" />
      <scale value="9.599999,5.400002" />
    </transform>
    <fillColor value="#ffb73bb7" />
    <effect id="com.alightcreative.effects.lift" locallyApplied="false">
      <property name="fill" type="float" value="0.000000" />
    </effect>
    <effect id="com.alightcreative.effects.tile" locallyApplied="false">
      <property name="mirror" type="bool" value="true" />
      <property name="scale" type="float" value="1.000000" />
      <property name="phase" type="float" value="0.000000" />
      <property name="vertoffs" type="bool" value="false" />
      <property name="angle" type="float" value="0.000000" />
    </effect>
    <effect id="com.alightcreative.effects.pinchbulgeinside" locallyApplied="true">
      <property name="feather" type="float" value="0.400000" />
      <property name="gaussian" type="bool" value="true" />
      <property name="radius" type="float" value="2.490000" />
      <property name="strength" type="float">
        <kf t="0.027808" v="0.000000" />
        <kf t="0.960512" v="-0.310000" e="cubicBezier 1.0 0.0 1.0 1.0" />
        <kf t="1.982202" v="0.000000" e="cubicBezier 0.0 0.0 0.0 1.0" />
      </property>
    </effect>
    <effect id="com.alightcreative.effects.stretch2" locallyApplied="true">
      <property name="contentOnly" type="bool" value="true" />
      <property name="scale" type="float">
        <kf t="0.027808" v="1.000000" />
        <kf t="0.954956" v="1.190000" e="cubicBezier 1.0 0.0 1.0 0.71666664" />
        <kf t="1.982202" v="1.000000" e="cubicBezier 0.0 0.0 0.0 1.0" />
      </property>
      <property name="angle" type="float" value="0.000000" />
    </effect>
    <effect id="com.alightcreative.effects.stretch2" locallyApplied="true">
      <property name="angle" type="float" value="90.000000" />
      <property name="contentOnly" type="bool" value="true" />
      <property name="scale" type="float">
        <kf t="0.027808" v="1.000000" />
        <kf t="0.960292" v="1.190000" e="cubicBezier 1.0 0.0 1.0 0.71666664" />
        <kf t="1.982202" v="1.000000" e="cubicBezier 0.0 0.0 0.0 1.0" />
      </property>
    </effect>
    <effect id="com.alightcreative.effects.motionblur3" locallyApplied="true">
      <property name="tune" type="float" value="2.800000" />
      <property name="usePos" type="bool" value="true" />
      <property name="useScale" type="bool" value="true" />
      <property name="useAngle" type="bool" value="true" />
    </effect>
    <property name="size" type="vec2" value="100.000000,100.000000" />
  </shape>
  <shape id="10192362" label="Rectangle 1" startTime="984" endTime="1983" fillType="color" speed="1.517518" mediaFillMode="stretch" s=".rect">
    <transform>
      <location value="960.000000,540.000000,0.000000" />
      <scale value="9.600000,9.600000" />
    </transform>
    <fillColor value="#ff52aea2" />
    <effect id="com.alightcreative.effects.lift" locallyApplied="true">
      <property name="fill" type="float" value="0.000000" />
    </effect>
    <effect id="com.alightcreative.effects.pinchbulge2" locallyApplied="true">
      <property name="strength" type="float">
        <kf t="0.000000" v="1.000000" />
        <kf t="1.010554" v="0.000000" e="cubicBezier 0.0 0.62 0.23000002 1.0" />
      </property>
      <property name="radius" type="float" value="2.500000" />
    </effect>
    <effect id="com.alightcreative.effects.circularripple2" locallyApplied="true">
      <property name="frequency" type="float" value="1.000000" />
      <property name="strength" type="float">
        <kf t="0.000000" v="0.360000" />
        <kf t="1.010554" v="0.000000" e="cubicBezier 0.0 0.62 0.23000002 1.0" />
      </property>
      <property name="phase" type="float" value="0.000000" />
      <property name="radius" type="float" value="0.800000" />
      <property name="feather" type="float" value="0.100000" />
    </effect>
    <property name="size" type="vec2" value="100.000000,100.000000" />
  </shape>
  <shape id="10192363" label="Rectangle 1 Copy 2" startTime="984" endTime="1983" fillType="color" speed="1.517518" mediaFillMode="stretch" s=".rect">
    <transform>
      <location value="960.000000,540.000000,0.000000" />
      <scale value="9.600000,9.600001" />
      <opacity value="0.683594" />
    </transform>
    <fillColor value="#ff52aea2" />
    <effect id="com.alightcreative.effects.lift" locallyApplied="true">
      <property name="fill" type="float" value="0.000000" />
    </effect>
    <effect id="com.alightcreative.effects.streaks" locallyApplied="false">
      <property name="strength" type="float">
        <kf t="-0.013867" v="0.040000" />
        <kf t="0.996687" v="0.000000" e="cubicBezier 0.0 0.7 0.22000003 1.0" />
      </property>
      <property name="angle" type="float" value="60.000000" />
      <property name="alpha" type="float" value="1.000000" />
      <property name="bias" type="float" value="0.000000" />
      <property name="rmode" type="int" value="1" />
      <property name="gmode" type="int" value="1" />
      <property name="bmode" type="int" value="1" />
      <property name="amode" type="int" value="1" />
    </effect>
    <effect id="com.alightcreative.effects.streaks" locallyApplied="false">
      <property name="strength" type="float">
        <kf t="-0.013867" v="0.040000" />
        <kf t="0.996687" v="0.000000" e="cubicBezier 0.0 0.7 0.22000003 1.0" />
      </property>
      <property name="angle" type="float" value="120.000000" />
      <property name="alpha" type="float" value="1.000000" />
      <property name="bias" type="float" value="0.000000" />
      <property name="rmode" type="int" value="1" />
      <property name="gmode" type="int" value="1" />
      <property name="bmode" type="int" value="1" />
      <property name="amode" type="int" value="1" />
    </effect>
    <property name="size" type="vec2" value="100.000000,100.000000" />
  </shape>
  <shape id="10192364" label="Rectangle 2" startTime="984" endTime="1983" fillType="color" speed="1.517518" mediaFillMode="stretch" s=".rect">
    <transform>
      <location value="960.000000,540.000000,0.000000" />
      <scale value="9.600000,9.600000" />
    </transform>
    <fillColor value="#ffca3fe2" />
    <effect id="com.alightcreative.effects.lift" locallyApplied="true">
      <property name="fill" type="float" value="0.000000" />
    </effect>
    <effect id="com.alightcreative.effects.exposure" locallyApplied="true">
      <property name="exposure" type="float" value="0.220000" />
      <property name="gamma" type="float" value="1.000000" />
      <property name="offset" type="float" value="0.000000" />
    </effect>
    <effect id="com.alightcreative.effects.blink2" locallyApplied="true">
      <property name="freq" type="float" value="13.400001" />
    </effect>
    <effect id="com.alightcreative.effects.fade" locallyApplied="true">
      <property name="inTime" type="float" value="0.000000" />
      <property name="outTime" type="float" value="0.500000" />
    </effect>
    <property name="size" type="vec2" value="100.000000,100.000000" />
  </shape>
  <shape id="10192365" label="Rectangle 3" startTime="0" endTime="1999" fillType="color" mediaFillMode="fill" s=".rect">
    <transform>
      <location value="960.000000,1061.000000,0.000000" />
    </transform>
    <fillColor value="#ff000000" />
    <property name="size" type="vec2" value="1006.666504,100.000000" />
  </shape>
  <shape id="10192366" label="Rectangle 3 Copy" startTime="0" endTime="1999" fillType="color" mediaFillMode="fill" s=".rect">
    <transform>
      <location value="960.000000,19.000000,0.000000" />
    </transform>
    <fillColor value="#ff000000" />
    <property name="size" type="vec2" value="1006.666504,100.000000" />
  </shape>
</scene>