<?xml version='1.0' encoding='UTF-8' ?><!--
Created by Alight Motion (http://alightmotion.com)
Exported: 2025-03-30 11:47 PM
5.0.270.1002578 (1002351)
6dff462 (11-Apr-2024 5:47:55 pm)
-->
<scene title="PINCH PUMP  by WEHSHI " width="2350" height="1080" exportWidth="2350" exportHeight="1080" precompose="dynamicResolution" bgcolor="#ff000000" totalTime="1015" fps="60" modifiedTime="1743360422066" amver="1002351" ffver="106" am="com.alightcreative.motion/5.0.270.1002578" amplatform="android" retime="freeze" retimeAdaptFPS="false">
  <media uri="content://media/external/video/media/24283" filename="New Project 50 [13AF332].mp4" title="New Project 50 [13AF332].mp4" type="video/mp4" duration="30000000" size="47926899" fps="0.60" orientation="0" infoUpdated="1743354390443" width="2350" height="1080" />
  <bookmark t="341" />
  <shape id="10209780" label="New Project 50 [13AF332].mp4" startTime="0" endTime="332" fillType="media" fillVideo="content://media/external/video/media/24283" inTime="2000" outTime="2332" mediaFillMode="fill" s=".rect">
    <transform>
      <location value="1175.000000,540.000000,0.000000" />
    </transform>
    <effect id="com.alightcreative.effects.tile" locallyApplied="true">
      <property name="scale" type="float" value="1.000000" />
      <property name="phase" type="float" value="0.000000" />
      <property name="mirror" type="bool" value="true" />
      <property name="vertoffs" type="bool" value="false" />
      <property name="angle" type="float" value="0.000000" />
    </effect>
    <gain value="0.000000" />
    <property name="size" type="vec2" value="1175.000000,540.000000" />
  </shape>
  <shape id="10209782" label="New Project 50 [13AF332].mp4" startTime="333" endTime="1015" fillType="media" fillVideo="content://media/external/video/media/24283" inTime="2333" outTime="3015" mediaFillMode="fill" s=".rect">
    <transform>
      <location value="1175.000000,540.000000,0.000000" />
    </transform>
    <effect id="com.alightcreative.effects.tile" locallyApplied="true">
      <property name="scale" type="float" value="1.000000" />
      <property name="phase" type="float" value="0.000000" />
      <property name="mirror" type="bool" value="true" />
      <property name="vertoffs" type="bool" value="false" />
      <property name="angle" type="float" value="0.000000" />
    </effect>
    <gain value="0.000000" />
    <property name="size" type="vec2" value="1175.000000,540.000000" />
  </shape>
  <shape id="10210603" label="Rectangle 1" startTime="0" endTime="332" fillType="color" mediaFillMode="fill" s=".rect">
    <transform>
      <location value="1175.000000,540.000000,0.000000" />
      <scale value="11.750000,5.400000" />
    </transform>
    <fillColor value="#ffe94352" />
    <effect id="com.alightcreative.effects.lift" locallyApplied="true">
      <property name="fill" type="float" value="0.000000" />
    </effect>
    <effect id="com.alightcreative.effects.tile" locallyApplied="true">
      <property name="scale" type="float" value="1.000000" />
      <property name="phase" type="float" value="0.000000" />
      <property name="mirror" type="bool" value="true" />
      <property name="vertoffs" type="bool" value="false" />
      <property name="angle" type="float" value="0.000000" />
    </effect>
    <effect id="com.alightcreative.effects.tile" locallyApplied="true">
      <property name="scale" type="float">
        <kf t="0.000000" v="1.000000" />
        <kf t="1.000000" v="0.005000" e="cubicBezier 0.42 0.0 1.0 0.0" />
      </property>
      <property name="phase" type="float" value="0.000000" />
      <property name="mirror" type="bool" value="true" />
      <property name="vertoffs" type="bool" value="false" />
      <property name="angle" type="float" value="0.000000" />
    </effect>
    <effect id="com.alightcreative.effects.pinchbulge2" locallyApplied="true">
      <property name="strength" type="float">
        <kf t="0.024096" v="0.000000" />
        <kf t="0.978916" v="0.500000" e="cubicBezier 0.42 0.0 1.0 0.0" />
      </property>
      <property name="radius" type="float" value="2.500000" />
    </effect>
    <effect id="com.alightcreative.effects.circularripple2" locallyApplied="true">
      <property name="frequency" type="float" value="1.000000" />
      <property name="strength" type="float">
        <kf t="0.024096" v="0.000000" />
        <kf t="0.978916" v="0.500000" e="cubicBezier 0.63 0.0 1.0 0.0" />
      </property>
      <property name="phase" type="float" value="0.000000" />
      <property name="radius" type="float" value="0.800000" />
      <property name="feather" type="float" value="0.100000" />
    </effect>
    <effect id="com.alightcreative.effects.zoomblur3" locallyApplied="true">
      <property name="strength" type="float">
        <kf t="0.000000" v="0.000000" />
        <kf t="0.978916" v="1.000000" e="cubicBezier 0.63035464 0.0 1.0 0.0" />
      </property>
      <property name="adaptive" type="bool" value="true" />
    </effect>
    <property name="size" type="vec2" value="100.000000,100.000000" />
  </shape>
  <shape id="10210605" label="Rectangle 2" startTime="333" endTime="1015" fillType="color" mediaFillMode="fill" s=".rect">
    <transform>
      <location value="1175.000000,540.000000,0.000000" />
      <scale value="11.750000,5.400000" />
    </transform>
    <fillColor value="#ff827477" />
    <effect id="com.alightcreative.effects.lift" locallyApplied="true">
      <property name="fill" type="float" value="0.000000" />
    </effect>
    <effect id="com.alightcreative.effects.pinchbulge2" locallyApplied="true">
      <property name="strength" type="float">
        <kf t="0.000000" v="1.000000" />
        <kf t="1.009891" v="0.000000" e="cubicBezier 0.0 0.62 0.23000002 1.0" />
      </property>
      <property name="radius" type="float" value="2.500000" />
    </effect>
    <effect id="com.alightcreative.effects.circularripple2" locallyApplied="true">
      <property name="frequency" type="float" value="1.000000" />
      <property name="strength" type="float">
        <kf t="0.000000" v="0.360000" />
        <kf t="1.009891" v="0.000000" e="cubicBezier 0.0 0.62 0.23000002 1.0" />
      </property>
      <property name="phase" type="float" value="0.000000" />
      <property name="radius" type="float" value="0.800000" />
      <property name="feather" type="float" value="0.100000" />
    </effect>
    <effect id="com.alightcreative.effects.tile" locallyApplied="true">
      <property name="scale" type="float" value="1.000000" />
      <property name="phase" type="float" value="0.000000" />
      <property name="mirror" type="bool" value="true" />
      <property name="vertoffs" type="bool" value="false" />
      <property name="angle" type="float" value="0.000000" />
    </effect>
    <effect id="com.alightcreative.effects.tile" locallyApplied="true">
      <property name="scale" type="float">
        <kf t="1.000000" v="1.000000" e="cubicBezier 0.0 1.0 0.58 1.0" />
        <kf t="0.000000" v="5.000000" />
      </property>
      <property name="phase" type="float" value="0.000000" />
      <property name="mirror" type="bool" value="true" />
      <property name="vertoffs" type="bool" value="false" />
      <property name="angle" type="float" value="0.000000" />
    </effect>
    <effect id="com.alightcreative.effects.zoomblur3" locallyApplied="true">
      <property name="strength" type="float">
        <kf t="0.991137" v="0.000000" e="cubicBezier 0.0 0.43225378 0.0 1.0" />
        <kf t="0.000000" v="1.000000" />
      </property>
      <property name="adaptive" type="bool" value="true" />
    </effect>
    <property name="size" type="vec2" value="100.000000,100.000000" />
  </shape>
</scene>