<?xml version='1.0' encoding='UTF-8' ?><!--
Created by Alight Motion (http://alightmotion.com)
Exported: 2025-06-23 01:23 PM
5.0.270.1002578 (1002351)
6dff462 (Apr 11, 2024 5:47:55 PM)
-->
<scene title="Pinch Pump With Heavy Shake Movements By Ak Toxic &#128588;&#127770;&#128576;" width="1920" height="888" exportWidth="1920" exportHeight="888" precompose="dynamicResolution" bgcolor="#ff000000" totalTime="2849" fps="60" modifiedTime="1750667027650" amver="1002351" ffver="106" am="com.alightcreative.motioo/5.0.270.1002578" amplatform="android" retime="freeze" retimeAdaptFPS="false">
  <media uri="content://media/external/video/media/1000452578" filename="Arsh__Yellow_bape.MP4" title="Arsh__Yellow_bape.MP4" type="video/mp4" duration="166590544" size="314639732" fps="0.59" orientation="270" infoUpdated="1750667017567" width="884" height="1920" />
  <bookmark t="1008" />
  <shape id="10336160" label="Arsh__Yellow_bape.MP4" startTime="0" endTime="1000" fillType="media" fillVideo="content://media/external/video/media/1000452578" inTime="2500" outTime="3500" mediaFillMode="fill" s=".rect">
    <transform>
      <location value="960.000000,444.000000,0.000000" />
      <rotation value="270.000000" />
    </transform>
    <effect id="com.alightcreative.effects.tile" locallyApplied="true">
      <property name="scale" type="float" value="1.000000" />
      <property name="phase" type="float" value="0.000000" />
      <property name="mirror" type="bool" value="true" />
      <property name="vertoffs" type="bool" value="false" />
      <property name="angle" type="float" value="0.000000" />
    </effect>
    <property name="size" type="vec2" value="450.000000,960.000000" />
  </shape>
  <shape id="10336161" label="Arsh__Yellow_bape.MP4" startTime="1000" endTime="2849" fillType="media" fillVideo="content://media/external/video/media/1000452578" inTime="3500" outTime="5349" mediaFillMode="fill" s=".rect">
    <transform>
      <location value="960.000000,444.000000,0.000000" />
      <rotation value="270.000000" />
    </transform>
    <effect id="com.alightcreative.effects.tile" locallyApplied="true">
      <property name="scale" type="float" value="1.000000" />
      <property name="phase" type="float" value="0.000000" />
      <property name="mirror" type="bool" value="true" />
      <property name="vertoffs" type="bool" value="false" />
      <property name="angle" type="float" value="0.000000" />
    </effect>
    <effect id="com.alightcreative.effects.pinchbulge2" hidden="true" locallyApplied="false">
      <property name="strength" type="float">
        <kf t="0.000000" v="1.000000" />
        <kf t="0.748144" v="0.000000" e="cubicBezier 0.0 0.7778894 0.12876967 0.97859955" />
      </property>
      <property name="radius" type="float" value="2.500000" />
    </effect>
    <effect id="com.alightcreative.effects.zoomblur3" locallyApplied="true">
      <property name="strength" type="float">
        <kf t="0.545819" v="0.000000" />
        <kf t="0.974629" v="0.000000" />
      </property>
      <property name="adaptive" type="bool" value="true" />
    </effect>
    <effect id="com.alightcreative.effects.oscillate" locallyApplied="true">
      <property name="angle" type="float" value="119.000000" />
      <property name="freq" type="float" value="4.000000" />
      <property name="mag" type="float">
        <kf t="0.964728" v="1.000000" e="cubicBezier 0.0 1.0 0.09600374 1.0" />
        <kf t="0.005569" v="499.000000" />
      </property>
      <property name="type" type="int" value="0" />
    </effect>
    <effect id="com.alightcreative.effects.motionblur" locallyApplied="false">
      <property name="tune" type="float" value="1.000000" />
      <property name="usePos" type="bool" value="true" />
      <property name="useScale" type="bool" value="false" />
      <property name="useAngle" type="bool" value="true" />
    </effect>
    <effect id="com.alightcreative.effects.oscillate" locallyApplied="true">
      <property name="angle" type="float">
        <kf t="0.763889" v="0.000000" e="cyclic 0.89403987 0.37249455 0.5 0.0 0.0" />
        <kf t="0.000000" v="26.000000" />
      </property>
      <property name="freq" type="float" value="3.600000" />
      <property name="mag" type="float">
        <kf t="0.000000" v="404.190002" />
        <kf t="0.758045" v="1.000000" e="cubicBezier 0.0 0.846698 0.1274746 1.0" />
      </property>
      <property name="type" type="int" value="0" />
    </effect>
    <effect id="com.alightcreative.effects.swing" locallyApplied="true">
      <property name="a1" type="float">
        <kf t="0.000000" v="-6.000000" />
        <kf t="0.974629" v="0.000000" e="cubicBezier 0.0 1.0 1.0 1.0" />
      </property>
      <property name="a2" type="float">
        <kf t="0.000000" v="6.000000" />
        <kf t="0.974629" v="0.000000" e="cubicBezier 0.0 1.0 1.0 1.0" />
      </property>
      <property name="freq" type="float" value="4.810000" />
      <property name="phase" type="float" value="0.000000" />
      <property name="type" type="int" value="0" />
    </effect>
    <gain value="0.000000" />
    <property name="size" type="vec2" value="450.000000,960.000000" />
  </shape>
  <shape id="10336162" label="Rounded Rectangle 2" startTime="1000" endTime="2299" fillType="color" mediaFillMode="fill" s=".roundrect">
    <transform>
      <location value="960.000000,444.000000,0.000000" />
      <scale value="1.879696,1.429518" />
    </transform>
    <fillColor value="#ffe46596" />
    <effect id="com.alightcreative.effects.lift" locallyApplied="true">
      <property name="fill" type="float" value="0.000000" />
    </effect>
    <effect id="com.alightcreative.effects.exposure" locallyApplied="true">
      <property name="exposure" type="float" value="0.220000" />
      <property name="gamma" type="float" value="1.000000" />
      <property name="offset" type="float" value="0.000000" />
    </effect>
    <effect id="com.alightcreative.effects.blink2" locallyApplied="true">
      <property name="freq" type="float" value="9.300000" />
    </effect>
    <effect id="com.alightcreative.effects.fade" locallyApplied="true">
      <property name="inTime" type="float" value="0.000000" />
      <property name="outTime" type="float" value="0.500000" />
    </effect>
    <effect id="com.alightcreative.effects.blink2" locallyApplied="true">
      <property name="freq" type="float" value="9.300000" />
    </effect>
    <property name="size" type="vec2" value="842.423645,524.707397" />
    <property name="cornerRadius" type="float" value="25.000000" />
  </shape>
  <shape id="10336163" label="Rectangle 1 Copy" startTime="550" endTime="1001" fillType="color" speed="2.000000" mediaFillMode="stretch" s=".rect">
    <transform>
      <location value="960.000000,444.000000,0.000000" />
      <scale value="12.181374,6.818701" />
    </transform>
    <fillColor value="#ff935455" />
    <effect id="com.alightcreative.effects.lift" locallyApplied="true">
      <property name="fill" type="float" value="0.000000" />
    </effect>
    <effect id="com.alightcreative.effects.pinchbulgeinside" locallyApplied="true">
      <property name="centerPoint" type="vec2">
        <kf t="0.000000" v="0.000000,0.000000" />
        <kf t="1.000000" v="0.000000,0.000000" e="cubicBezier 1.0 0.0 1.0 1.0" />
        <kf t="1.933481" v="0.000000,0.000000" e="cubicBezier 0.0 0.0 0.0 1.0" />
      </property>
      <property name="strength" type="float">
        <kf t="0.000000" v="0.000000" />
        <kf t="1.000000" v="-0.210000" e="cubicBezier 0.78 0.0 1.0 0.27999997" />
        <kf t="1.933481" v="0.000000" e="cubicBezier 0.0 0.7543393 0.18333334 1.0" />
      </property>
      <property name="radius" type="float" value="2.500000" />
      <property name="feather" type="float" value="0.295000" />
      <property name="gaussian" type="bool" value="false" />
    </effect>
    <effect id="com.alightcreative.effects.pinchbulgeinside" locallyApplied="true">
      <property name="centerPoint" type="vec2">
        <kf t="0.000000" v="0.000000,0.000000" />
        <kf t="1.000000" v="0.000000,0.000000" e="cubicBezier 1.0 0.0 1.0 1.0" />
        <kf t="1.933481" v="0.000000,0.000000" e="cubicBezier 0.0 0.0 0.0 1.0" />
      </property>
      <property name="strength" type="float">
        <kf t="0.000000" v="0.000000" />
        <kf t="1.000000" v="-0.210000" e="cubicBezier 0.78 0.0 1.0 0.27999997" />
        <kf t="1.933481" v="0.000000" e="cubicBezier 0.0 0.7543393 0.18333334 1.0" />
      </property>
      <property name="radius" type="float" value="2.500000" />
      <property name="feather" type="float" value="0.295000" />
      <property name="gaussian" type="bool" value="false" />
    </effect>
    <effect id="com.alightcreative.effects.pinchbulgeinside" locallyApplied="true">
      <property name="centerPoint" type="vec2">
        <kf t="0.000000" v="0.000000,0.000000" />
        <kf t="1.000000" v="0.000000,0.000000" e="cubicBezier 1.0 0.0 1.0 1.0" />
        <kf t="1.933481" v="0.000000,0.000000" e="cubicBezier 0.0 0.0 0.0 1.0" />
      </property>
      <property name="strength" type="float">
        <kf t="0.000000" v="0.000000" />
        <kf t="1.000000" v="-0.210000" e="cubicBezier 0.78 0.0 1.0 0.27999997" />
        <kf t="1.933481" v="0.000000" e="cubicBezier 0.0 0.7543393 0.18333334 1.0" />
      </property>
      <property name="radius" type="float" value="2.500000" />
      <property name="feather" type="float" value="0.295000" />
      <property name="gaussian" type="bool" value="false" />
    </effect>
    <effect id="com.alightcreative.effects.pinchbulgeinside" locallyApplied="true">
      <property name="centerPoint" type="vec2">
        <kf t="0.000000" v="0.000000,0.000000" />
        <kf t="1.000000" v="0.000000,0.000000" e="cubicBezier 1.0 0.0 1.0 1.0" />
        <kf t="1.933481" v="0.000000,0.000000" e="cubicBezier 0.0 0.0 0.0 1.0" />
      </property>
      <property name="strength" type="float">
        <kf t="0.000000" v="0.000000" />
        <kf t="1.000000" v="-0.210000" e="cubicBezier 0.78 0.0 1.0 0.27999997" />
        <kf t="1.933481" v="0.000000" e="cubicBezier 0.0 0.7543393 0.18333334 1.0" />
      </property>
      <property name="radius" type="float" value="2.500000" />
      <property name="feather" type="float" value="0.295000" />
      <property name="gaussian" type="bool" value="false" />
    </effect>
    <effect id="com.alightcreative.effects.gaussianblur" locallyApplied="true">
      <property name="strength" type="float">
        <kf t="0.432373" v="0.000000" />
        <kf t="0.991131" v="0.230000" e="cubicBezier 0.84 0.0 1.0 0.06" />
      </property>
    </effect>
    <effect id="com.alightcreative.effects.zoomblur3" locallyApplied="true">
      <property name="strength" type="float">
        <kf t="0.000000" v="0.000000" />
        <kf t="1.000000" v="1.000000" e="cubicBezier 0.84555554 0.0 1.0 0.07058823" />
      </property>
      <property name="adaptive" type="bool" value="true" />
    </effect>
    <effect id="com.alightcreative.effects.pinchbulgeinside" locallyApplied="true">
      <property name="centerPoint" type="vec2">
        <kf t="0.000000" v="0.000000,0.000000" />
        <kf t="1.000000" v="0.000000,0.000000" e="cubicBezier 1.0 0.0 1.0 1.0" />
        <kf t="1.933481" v="0.000000,0.000000" e="cubicBezier 0.0 0.0 0.0 1.0" />
      </property>
      <property name="strength" type="float">
        <kf t="0.000000" v="0.000000" />
        <kf t="1.000000" v="-0.210000" e="cubicBezier 0.78 0.0 1.0 0.27999997" />
        <kf t="1.933481" v="0.000000" e="cubicBezier 0.0 0.7543393 0.18333334 1.0" />
      </property>
      <property name="radius" type="float" value="2.500000" />
      <property name="feather" type="float" value="0.295000" />
      <property name="gaussian" type="bool" value="false" />
    </effect>
    <effect id="com.alightcreative.effects.pinchbulgeinside" locallyApplied="true">
      <property name="centerPoint" type="vec2">
        <kf t="0.000000" v="0.000000,0.000000" />
        <kf t="1.000000" v="0.000000,0.000000" e="cubicBezier 1.0 0.0 1.0 1.0" />
        <kf t="1.933481" v="0.000000,0.000000" e="cubicBezier 0.0 0.0 0.0 1.0" />
      </property>
      <property name="strength" type="float">
        <kf t="0.000000" v="0.000000" />
        <kf t="1.000000" v="-0.210000" e="cubicBezier 0.78 0.0 1.0 0.27999997" />
        <kf t="1.933481" v="0.000000" e="cubicBezier 0.0 0.7543393 0.18333334 1.0" />
      </property>
      <property name="radius" type="float" value="2.500000" />
      <property name="feather" type="float" value="0.295000" />
      <property name="gaussian" type="bool" value="false" />
    </effect>
    <property name="size" type="vec2" value="102.000000,110.000000" />
  </shape>
  <shape id="10336164" label="Rectangle 1" startTime="1016" endTime="1982" fillType="color" mediaFillMode="fill" s=".rect">
    <transform>
      <location value="960.000000,444.000000,0.000000" />
      <scale value="10.474999,7.501149" />
    </transform>
    <fillColor value="#ffd567b5" />
    <effect id="com.alightcreative.effects.lift" locallyApplied="true">
      <property name="fill" type="float" value="0.000000" />
    </effect>
    <effect id="com.alightcreative.effects.tile" locallyApplied="true">
      <property name="scale" type="float">
        <kf t="1.000000" v="1.000000" e="cubicBezier 0.0 1.0 0.13888888 1.0" />
        <kf t="0.000000" v="5.035000" />
      </property>
      <property name="phase" type="float" value="0.000000" />
      <property name="mirror" type="bool" value="true" />
      <property name="vertoffs" type="bool" value="false" />
      <property name="angle" type="float" value="0.000000" />
    </effect>
    <effect id="com.alightcreative.effects.zoomblur3" locallyApplied="true">
      <property name="strength" type="float">
        <kf t="1.000000" v="0.000000" e="cubicBezier 0.0 0.96 0.0 1.0" />
        <kf t="0.000000" v="1.000000" />
      </property>
      <property name="adaptive" type="bool" value="true" />
    </effect>
    <effect id="com.alightcreative.effects.circularripple2" locallyApplied="true">
      <property name="frequency" type="float" value="1.080000" />
      <property name="strength" type="float">
        <kf t="0.425466" v="0.000000" e="cubicBezier 0.0 0.87941176 0.31666666 1.0" />
        <kf t="0.000000" v="0.172000" />
      </property>
      <property name="phase" type="float" value="0.000000" />
      <property name="radius" type="float" value="0.800000" />
      <property name="feather" type="float" value="0.100000" />
    </effect>
    <effect id="com.alightcreative.effects.circularripple2" locallyApplied="true">
      <property name="frequency" type="float" value="1.080000" />
      <property name="strength" type="float">
        <kf t="1.000000" v="0.000000" e="cubicBezier 0.0 0.87941176 0.31666666 1.0" />
        <kf t="0.000000" v="0.172000" />
      </property>
      <property name="phase" type="float" value="0.000000" />
      <property name="radius" type="float" value="0.800000" />
      <property name="feather" type="float" value="0.100000" />
    </effect>
    <property name="size" type="vec2" value="100.000000,100.000000" />
  </shape>
</scene>