<?xml version='1.0' encoding='UTF-8' ?><!--
Created by Alight Motion (http://alightmotion.com)
Exported: 2025-08-09 11:18 PM
5.0.196.1000570 (1000516)
0418fc7 (29-Sept-2023 3:31:49 pm)
-->
<scene title="Pump by zjr &#127770;" width="1920" height="1080" exportWidth="1920" exportHeight="1080" precompose="dynamicResolution" bgcolor="#ff000000" totalTime="2932" fps="30" modifiedTime="1754763507335" amver="1000516" ffver="106" am="com.alightcreative.motion/5.0.196.1000570" amplatform="android" retime="freeze" retimeAdaptFPS="false">
  <media uri="content://media/external/images/media/1000326869" filename="Screenshot_20250807_142631.jpg" title="Screenshot_20250807_142631.jpg" type="image/jpeg" size="1293232" orientation="0" infoUpdated="1754763433582" width="2408" height="1080" />
  <bookmark t="1416" />
  <shape id="10258604" label="Screenshot_20250807_142631.jpg" startTime="0" endTime="2932" fillType="media" fillImage="content://media/external/images/media/1000326869" mediaFillMode="fill" s=".rect">
    <transform>
      <location value="960.000000,540.000000,0.000000" />
      <scale value="1.029552,1.029552" />
    </transform>
    <effect id="com.alightcreative.effects.tile" locallyApplied="true">
      <property name="scale" type="float" value="1.000000" />
      <property name="phase" type="float" value="0.000000" />
      <property name="mirror" type="bool" value="true" />
      <property name="vertoffs" type="bool" value="false" />
      <property name="angle" type="float" value="0.000000" />
    </effect>
    <property name="size" type="vec2" value="1170.000000,524.500000" />
  </shape>
  <shape id="10258605" label="Rounded Rectangle 1" startTime="1400" endTime="2465" fillType="color" mediaFillMode="fill" s=".roundrect">
    <transform>
      <location value="954.890137,544.602417,0.000000" />
      <scale value="9.089870,9.089871" />
    </transform>
    <fillColor value="#ffa577a9" />
    <effect id="com.alightcreative.effects.lift" locallyApplied="true">
      <property name="fill" type="float" value="0.000000" />
    </effect>
    <effect id="com.alightcreative.effects.tile" locallyApplied="true">
      <property name="scale" type="float" value="1.000000" />
      <property name="phase" type="float" value="0.000000" />
      <property name="mirror" type="bool" value="true" />
      <property name="vertoffs" type="bool" value="false" />
      <property name="angle" type="float" value="0.000000" />
    </effect>
    <effect id="com.alightcreative.effects.swing" locallyApplied="false">
      <property name="freq" type="float" value="4.830000" />
      <property name="a1" type="float">
        <kf t="0.319341" v="0.000000" />
        <kf t="0.000000" v="-2.300000" />
      </property>
      <property name="a2" type="float">
        <kf t="0.306566" v="0.000000" e="cubicBezier 0.0 0.5542265 0.45707348 1.0" />
        <kf t="0.000000" v="2.300000" />
      </property>
      <property name="phase" type="float" value="0.000000" />
      <property name="type" type="int" value="0" />
    </effect>
    <effect id="com.alightcreative.effects.oscillate" locallyApplied="false">
      <property name="angle" type="float" value="0.000000" />
      <property name="freq" type="float" value="7.473000" />
      <property name="mag" type="float">
        <kf t="0.523719" v="1.000000" e="cubicBezier 0.0 0.5908497 0.34033293 1.0" />
        <kf t="0.000000" v="69.860001" />
      </property>
      <property name="type" type="int" value="1" />
    </effect>
    <effect id="com.alightcreative.effects.motionblur" locallyApplied="false">
      <property name="tune" type="float" value="1.000000" />
      <property name="usePos" type="bool" value="true" />
      <property name="useScale" type="bool" value="true" />
      <property name="useAngle" type="bool" value="true" />
    </effect>
    <effect id="com.alightcreative.effects.oscillate3" locallyApplied="true">
      <property name="direction" type="int" value="0" />
      <property name="angle" type="float" value="0.000000" />
      <property name="freq" type="float">
        <kf t="0.498414" v="0.000000" e="cubicBezier 0.0 1.0 1.0 1.0" />
        <kf t="0.002975" v="6.000000" />
      </property>
      <property name="mag" type="float">
        <kf t="0.002645" v="141.000000" />
        <kf t="0.498414" v="0.000000" e="cubicBezier 0.0 1.0 1.0 1.0" />
      </property>
      <property name="type" type="int" value="0" />
      <property name="phase" type="float" value="0.000000" />
    </effect>
    <effect id="com.alightcreative.effects.swing2" locallyApplied="true">
      <property name="freq" type="float">
        <kf t="0.002645" v="16.000000" />
        <kf t="0.498414" v="0.100000" e="cubicBezier 0.0 1.0 1.0 1.0" />
      </property>
      <property name="a1" type="float">
        <kf t="0.002645" v="-4.000000" />
        <kf t="0.498414" v="0.000000" />
      </property>
      <property name="a2" type="float">
        <kf t="0.002645" v="4.000000" />
        <kf t="0.498414" v="0.000000" />
      </property>
      <property name="phase" type="float" value="0.000000" />
      <property name="type" type="int" value="0" />
    </effect>
    <effect id="com.alightcreative.effects.pulsate2" locallyApplied="true">
      <property name="freq" type="float" value="0.000000" />
      <property name="minsize" type="float" value="1.000000" />
      <property name="maxsize" type="float">
        <kf t="0.002645" v="1.350000" />
        <kf t="0.498414" v="1.000000" e="cubicBezier 0.0 0.75 0.15 1.0" />
      </property>
      <property name="phase" type="float" value="0.000000" />
      <property name="type" type="int" value="0" />
    </effect>
    <effect id="com.alightcreative.effects.motionblur4" locallyApplied="true">
      <property name="tune" type="float" value="1.000000" />
      <property name="usePos" type="bool" value="true" />
      <property name="useScale" type="bool" value="true" />
      <property name="useAngle" type="bool" value="true" />
    </effect>
    <effect id="com.alightcreative.effects.exposure" locallyApplied="true">
      <property name="exposure" type="float">
        <kf t="0.345689" v="0.000000" e="cubicBezier 0.0 0.60294116 0.47537312 1.0" />
        <kf t="0.000000" v="2.000000" />
      </property>
      <property name="gamma" type="float" value="1.000000" />
      <property name="offset" type="float" value="0.000000" />
    </effect>
    <property name="size" type="vec2" value="100.000000,100.000000" />
    <property name="cornerRadius" type="float" value="25.000000" />
  </shape>
  <shape id="10258606" label="Rectangle 1" startTime="750" endTime="1404" fillType="color" speed="3.150000" mediaFillMode="stretch" s=".rect">
    <transform>
      <location value="960.000000,540.000000,0.000000" />
      <scale value="9.600000,5.400000" />
    </transform>
    <fillColor value="#ff703ad9" />
    <effect id="com.alightcreative.effects.lift" locallyApplied="true">
      <property name="fill" type="float" value="0.000000" />
    </effect>
    <effect id="com.alightcreative.effects.pinchbulgeinside" locallyApplied="true">
      <property name="feather" type="float" value="0.370000" />
      <property name="radius" type="float" value="2.500000" />
      <property name="strength" type="float">
        <kf t="1.002494" v="-0.270000" e="cubicBezier 0.41038528 0.0 1.0 0.20526327" />
        <kf t="0.344037" v="0.050000" e="cubicBezier 0.7223881 0.0 1.0 0.3903743" />
        <kf t="0.000000" v="0.000000" />
      </property>
      <property name="gaussian" type="bool" value="false" />
    </effect>
    <effect id="com.alightcreative.effects.pinchbulgeinside" locallyApplied="true">
      <property name="feather" type="float" value="0.370000" />
      <property name="radius" type="float" value="2.500000" />
      <property name="strength" type="float">
        <kf t="1.002494" v="-0.270000" e="cubicBezier 0.41038528 0.0 1.0 0.20526327" />
        <kf t="0.344037" v="0.050000" e="cubicBezier 0.7223881 0.0 1.0 0.3903743" />
        <kf t="0.000000" v="0.000000" />
      </property>
      <property name="gaussian" type="bool" value="false" />
    </effect>
    <effect id="com.alightcreative.effects.zoomblur3" locallyApplied="true">
      <property name="strength" type="float">
        <kf t="1.016728" v="1.000000" e="cubicBezier 1.0 0.0 1.0 0.0" />
        <kf t="0.364003" v="0.000000" />
      </property>
      <property name="adaptive" type="bool" value="true" />
    </effect>
    <property name="size" type="vec2" value="100.000000,100.000000" />
  </shape>
  <shape id="10258607" label="Rounded Rectangle 1 Copy" startTime="1400" endTime="2465" fillType="color" mediaFillMode="fill" s=".roundrect">
    <transform>
      <location value="960.000000,540.000000,0.000000" />
      <scale value="9.600000,9.600000" />
    </transform>
    <fillColor value="#ffa577a9" />
    <effect id="com.alightcreative.effects.lift" locallyApplied="true">
      <property name="fill" type="float" value="0.000000" />
    </effect>
    <effect id="com.alightcreative.effects.tile" locallyApplied="true">
      <property name="scale" type="float">
        <kf t="0.993427" v="1.000000" e="cubicBezier 0.0 0.43636364 0.055721395 1.0" />
        <kf t="0.000000" v="2.520000" />
      </property>
      <property name="phase" type="float" value="0.000000" />
      <property name="mirror" type="bool" value="true" />
      <property name="vertoffs" type="bool" value="false" />
      <property name="angle" type="float" value="0.000000" />
    </effect>
    <property name="size" type="vec2" value="100.000000,100.000000" />
    <property name="cornerRadius" type="float" value="25.000000" />
  </shape>
  <shape id="10258608" label="turb" startTime="1400" endTime="2932" fillType="color" mediaFillMode="stretch" s=".rect">
    <transform>
      <location value="960.000000,540.000000,0.000000" />
      <scale>
        <kf t="0.010444" v="0.490795,0.490795" />
        <kf t="1.000000" v="40.886513,40.886520" e="cubicBezier 0.0 0.0 0.3019858 1.0" />
      </scale>
    </transform>
    <fillColor value="#ffeb6096" />
    <effect id="com.alightcreative.effects.tile" locallyApplied="false">
      <property name="mirror" type="bool" value="true" />
      <property name="scale" type="float" value="1.000000" />
      <property name="phase" type="float" value="0.000000" />
      <property name="vertoffs" type="bool" value="false" />
      <property name="angle" type="float" value="0.000000" />
    </effect>
    <effect id="com.alightcreative.effects.lift" locallyApplied="false">
      <property name="fill" type="float" value="0.000000" />
    </effect>
    <effect id="com.alightcreative.effects.fractalwarp4" locallyApplied="false">
      <property name="mag" type="float">
        <kf t="0.007874" v="0.200000" />
        <kf t="0.992126" v="0.005000" e="cubicBezier 0.0 0.69369745 0.17127657 1.0" />
      </property>
      <property name="octaves" type="float" value="1.000000" />
      <property name="scale" type="float" value="4.000000" />
      <property name="intensity" type="float" value="0.500000" />
      <property name="screenSpace" type="bool" value="false" />
    </effect>
    <property name="size" type="vec2" value="100.000000,100.000000" />
  </shape>
</scene>