<?xml version='1.0' encoding='UTF-8' ?><!--
Created by Alight Motion (http://alightmotion.com)
Exported: 2025-04-15 10:51 PM
5.0.272.1028368 (1002592)
a34a6c0 (7 Oct 2024 3:17:29 pm)
-->
<scene title="pump by ZEROX Editz ✨" width="1920" height="888" exportWidth="1920" exportHeight="888" precompose="dynamicResolution" bgcolor="#ff000000" totalTime="2332" fps="30" modifiedTime="1744739502229" amver="1002592" ffver="106" am="com.alightcreative.motion/5.0.272.1028368" amplatform="android" retime="freeze" retimeAdaptFPS="false">
  <media uri="content://media/external/images/media/1000057529" type="image/jpeg" duration="0" orientation="0" infoUpdated="1744703200981" width="0" height="0" />
  <shape id="10225028" label="Screenshot_2025-04-12-13-11-18-695_com.alightcreative.motion-edit.jpg" startTime="0" endTime="2332" fillType="media" fillImage="content://media/external/images/media/1000057529" mediaFillMode="fill" s=".rect">
    <transform>
      <location value="960.000000,444.000000,0.000000" />
    </transform>
    <property name="size" type="vec2" value="960.000000,415.000000" />
  </shape>
  <shape id="10225029" label="Rounded Rectangle 1" startTime="500" endTime="1100" fillType="color" mediaFillMode="fill" s=".roundrect">
    <transform>
      <location value="960.000000,444.000000,0.000000" />
      <scale value="9.600000,5.280004" />
      <opacity>
        <kf t="0.195000" v="1.000000" />
        <kf t="0.000000" v="0.000000" />
      </opacity>
    </transform>
    <fillColor value="#ff43a1a8" />
    <effect id="com.alightcreative.effects.lift" locallyApplied="true">
      <property name="fill" type="float" value="0.000000" />
    </effect>
    <effect id="com.alightcreative.effects.pinchbulgeinside" locallyApplied="true">
      <property name="strength" type="float">
        <kf t="0.305000" v="0.000000" />
        <kf t="1.000000" v="-0.610000" e="cubicBezier 0.66950357 0.0 1.0 0.81848735" />
        <kf t="0.528333" v="0.160000" e="cubicBezier 0.40035462 0.0 0.99113476 0.70966387" />
      </property>
      <property name="radius" type="float" value="1.530000" />
      <property name="feather" type="float" value="0.400000" />
      <property name="gaussian" type="bool" value="false" />
    </effect>
    <effect id="com.alightcreative.effects.zoomblur3" locallyApplied="true">
      <property name="strength" type="float">
        <kf t="-0.130000" v="0.000000" />
        <kf t="0.916667" v="0.000000" e="cubicBezier 0.0 0.88 0.06 1.0" />
        <kf t="1.000000" v="1.000000" />
      </property>
      <property name="adaptive" type="bool" value="true" />
    </effect>
    <effect id="com.alightcreative.effects.zoomblur3" locallyApplied="true">
      <property name="strength" type="float">
        <kf t="-0.130000" v="0.000000" />
        <kf t="0.916667" v="0.000000" e="cubicBezier 0.0 0.88 0.06 1.0" />
        <kf t="1.000000" v="1.000000" />
      </property>
      <property name="adaptive" type="bool" value="true" />
    </effect>
    <effect id="com.alightcreative.effects.exposure" locallyApplied="true">
      <property name="exposure" type="float">
        <kf t="-0.343053" v="0.000000" />
        <kf t="0.695000" v="0.000000" e="cubicBezier 0.0 0.66999996 0.18 1.0" />
        <kf t="1.000000" v="0.810000" />
      </property>
      <property name="gamma" type="float">
        <kf t="-0.156947" v="1.000000" />
      </property>
      <property name="offset" type="float" value="0.000000" />
    </effect>
    <property name="size" type="vec2" value="100.000000,100.000000" />
    <property name="cornerRadius" type="float" value="25.000000" />
  </shape>
  <shape id="10225031" label="Rounded Rectangle 2" startTime="1100" endTime="2332" fillType="color" mediaFillMode="fill" s=".roundrect">
    <transform>
      <location value="960.000000,444.000000,0.000000" />
      <scale value="9.600000,9.600000" />
    </transform>
    <fillColor value="#ff8c6d7a" />
    <effect id="com.alightcreative.effects.lift" locallyApplied="true">
      <property name="fill" type="float" value="0.000000" />
    </effect>
    <effect id="com.alightcreative.effects.tile" locallyApplied="true">
      <property name="scale" type="float">
        <kf t="0.770478" v="1.000000" e="cubicBezier 0.0 1.0 0.5939716 1.0" />
        <kf t="0.000000" v="1.845000" />
      </property>
      <property name="phase" type="float" value="0.000000" />
      <property name="mirror" type="bool" value="false" />
      <property name="vertoffs" type="bool" value="false" />
      <property name="angle" type="float">
        <kf t="0.824818" v="0.000000" e="cubicBezier 0.0 0.51218486 0.79858154 1.0" />
        <kf t="0.000000" v="0.000000" />
        <kf t="0.202758" v="2.500000" />
        <kf t="0.094891" v="-3.000000" />
      </property>
    </effect>
    <effect id="com.alightcreative.effects.exposure" locallyApplied="true">
      <property name="exposure" type="float">
        <kf t="-0.324411" v="0.000000" />
        <kf t="0.662612" v="0.000000" e="cubicBezier 0.0 0.51218486 0.7301418 1.0" />
        <kf t="0.012977" v="0.980000" />
      </property>
      <property name="gamma" type="float">
        <kf t="-0.148419" v="1.000000" />
      </property>
      <property name="offset" type="float" value="0.000000" />
    </effect>
    <effect id="com.alightcreative.effects.zoomblur3" locallyApplied="true">
      <property name="strength" type="float">
        <kf t="-0.094890" v="0.000000" />
        <kf t="0.337387" v="0.000000" e="cubicBezier 0.0 1.0 0.48553193 1.0" />
        <kf t="0.012976" v="1.000000" />
      </property>
      <property name="adaptive" type="bool" value="true" />
    </effect>
    <effect id="com.alightcreative.effects.oscillate3" locallyApplied="true">
      <property name="direction" type="int" value="0" />
      <property name="angle" type="float" value="-30.100000" />
      <property name="freq" type="float">
        <kf t="0.000000" v="2.020000" />
        <kf t="0.878345" v="2.370000" />
      </property>
      <property name="mag" type="float">
        <kf t="0.918897" v="0.000000" />
        <kf t="0.000000" v="344.000000" />
      </property>
      <property name="type" type="int" value="0" />
      <property name="phase" type="float" value="0.510000" />
    </effect>
    <effect id="com.alightcreative.effects.zoomblur3" locallyApplied="true">
      <property name="strength" type="float">
        <kf t="-0.094890" v="0.000000" />
        <kf t="0.337387" v="0.000000" e="cubicBezier 0.0 1.0 0.44297874 1.0" />
        <kf t="0.012976" v="1.000000" />
      </property>
      <property name="adaptive" type="bool" value="true" />
    </effect>
    <property name="size" type="vec2" value="100.000000,100.000000" />
    <property name="cornerRadius" type="float" value="25.000000" />
  </shape>
</scene>