<?xml version='1.0' encoding='UTF-8' ?><!--
Created by Alight Motion (http://alightmotion.com)
Exported: 2025-07-01 02:56 PM
5.0.196.1000570 (1000516)
0418fc7 (29-Sept-2023 3:31:49 pm)
-->
<scene title="PUMP " width="2560" height="1440" exportWidth="3198" exportHeight="1440" precompose="dynamicResolution" bgcolor="#ff000000" totalTime="15383" fps="60" modifiedTime="1751363770032" amver="1000516" ffver="106" am="com.alightcreative.motion/5.0.196.1000570" amplatform="android" templateLink="content://com.android.providers.downloads.documents/document/msf%3A1000015344" retime="freeze" retimeAdaptFPS="false">
  <bookmark t="1175" />
  <bookmark t="2341" />
  <bookmark t="3641" />
  <bookmark t="4575" />
  <bookmark t="12491" />
  <shape id="6372297" label="New Project 4 [86F77FD].png" startTime="0" endTime="1182" fillType="media" fillImage="content://media/external/images/media/1000005663" mediaFillMode="stretch" s=".rect">
    <transform>
      <location value="1280.000000,720.000000,0.000000" />
    </transform>
    <effect id="com.alightcreative.effects.tile" locallyApplied="true">
      <property name="scale" type="float" value="1.000000" />
      <property name="phase" type="float" value="0.000000" />
      <property name="mirror" type="bool" value="true" />
      <property name="vertoffs" type="bool" value="false" />
      <property name="angle" type="float" value="0.000000" />
    </effect>
    <effect id="com.alightcreative.effects.motionblur4" locallyApplied="true">
      <property name="tune" type="float" value="1.000000" />
      <property name="usePos" type="bool" value="true" />
      <property name="useScale" type="bool" value="true" />
      <property name="useAngle" type="bool" value="true" />
    </effect>
    <effect id="com.alightcreative.effects.motionblur4" locallyApplied="true">
      <property name="tune" type="float" value="0.600000" />
      <property name="usePos" type="bool" value="true" />
      <property name="useScale" type="bool" value="true" />
      <property name="useAngle" type="bool" value="true" />
    </effect>
    <effect id="com.alightcreative.effects.sharpen" locallyApplied="true">
      <property name="strength" type="float">
        <kf t="-5.181315" v="0.000000" />
        <kf t="-4.254735" v="0.200000" e="cubicBezier 0.89209425 0.0 1.0 0.31659332" />
        <kf t="0.213574" v="0.200000" />
        <kf t="2.902114" v="0.000000" />
        <kf t="5.330363" v="0.000000" e="cubicBezier 0.89 0.0 1.0 0.32" />
        <kf t="4.143493" v="0.200000" e="cubicBezier 0.0 0.68 0.110000014 1.0" />
        <kf t="0.992218" v="0.000000" e="cubicBezier 0.89 0.0 1.0 0.32" />
      </property>
      <property name="radius" type="float" value="1.000000" />
    </effect>
    <effect id="com.alightcreative.effects.sharpen" locallyApplied="true">
      <property name="strength" type="float" value="0.100000" />
      <property name="radius" type="float" value="1.000000" />
    </effect>
    <effect id="com.alightcreative.effects.tile" locallyApplied="true">
      <property name="scale" type="float" value="1.000000" />
      <property name="phase" type="float" value="0.000000" />
      <property name="mirror" type="bool" value="true" />
      <property name="vertoffs" type="bool" value="false" />
      <property name="angle" type="float" value="0.000000" />
    </effect>
    <effect id="com.alightcreative.effects.pinchbulge2" locallyApplied="true">
      <property name="strength" type="float">
        <kf t="0.000000" v="0.000000" />
        <kf t="1.000000" v="1.000000" e="cubicBezier 0.73 0.0 1.0 0.43" />
      </property>
      <property name="radius" type="float" value="2.500000" />
    </effect>
    <effect id="com.alightcreative.effects.circularripple2" locallyApplied="true">
      <property name="frequency" type="float" value="1.000000" />
      <property name="strength" type="float">
        <kf t="0.000000" v="0.000000" e="cubicBezier 0.0 0.71636343 0.64475715 0.9955909" />
        <kf t="1.000000" v="0.100000" e="cubicBezier 0.73 0.0 1.0 0.43" />
      </property>
      <property name="phase" type="float" value="0.000000" />
      <property name="radius" type="float" value="0.800000" />
      <property name="feather" type="float" value="0.100000" />
    </effect>
    <effect id="com.alightcreative.effects.circularripple2" locallyApplied="true">
      <property name="frequency" type="float" value="1.000000" />
      <property name="strength" type="float">
        <kf t="0.000000" v="0.000000" e="cubicBezier 0.0 0.71636343 0.64475715 0.9955909" />
        <kf t="1.000000" v="0.100000" e="cubicBezier 0.73 0.0 1.0 0.43" />
      </property>
      <property name="phase" type="float" value="0.000000" />
      <property name="radius" type="float" value="0.800000" />
      <property name="feather" type="float" value="0.100000" />
    </effect>
    <effect id="com.alightcreative.effects.motionblur4" locallyApplied="true">
      <property name="tune" type="float" value="1.000000" />
      <property name="usePos" type="bool" value="true" />
      <property name="useScale" type="bool" value="true" />
      <property name="useAngle" type="bool" value="true" />
    </effect>
    <effect id="com.alightcreative.effects.oscillate3" locallyApplied="true">
      <property name="direction" type="int" value="0" />
      <property name="angle" type="float" value="179.900009" />
      <property name="freq" type="float" value="2.000000" />
      <property name="mag" type="float">
        <kf t="0.429644" v="0.000000" e="cubicBezier 0.0 0.57 0.26999998 1.0" />
        <kf t="1.000000" v="134.000000" e="cubicBezier 0.43041608 0.0 1.0 0.58113813" />
        <kf t="0.000000" v="24.000000" />
      </property>
      <property name="type" type="int" value="0" />
      <property name="phase" type="float" value="0.000000" />
    </effect>
    <property name="size" type="vec2" value="1280.000000,576.000000" />
  </shape>
  <shape id="6372298" label="New Project 4 [86F77FD].png" startTime="1166" endTime="2349" fillType="media" fillImage="content://media/external/images/media/1000005663" mediaFillMode="stretch" s=".rect">
    <transform>
      <location value="1280.000000,720.000000,0.000000" />
    </transform>
    <effect id="com.alightcreative.effects.tile" locallyApplied="true">
      <property name="scale" type="float" value="1.000000" />
      <property name="phase" type="float" value="0.000000" />
      <property name="mirror" type="bool" value="true" />
      <property name="vertoffs" type="bool" value="false" />
      <property name="angle" type="float" value="0.000000" />
    </effect>
    <effect id="com.alightcreative.effects.sharpen" locallyApplied="true">
      <property name="strength" type="float">
        <kf t="-5.203759" v="0.000000" />
        <kf t="-4.421603" v="0.200000" e="cubicBezier 0.89209425 0.0 1.0 0.31659332" />
        <kf t="-0.649762" v="0.200000" />
        <kf t="1.619719" v="0.000000" />
        <kf t="3.669481" v="0.000000" e="cubicBezier 0.89 0.0 1.0 0.32" />
        <kf t="2.667606" v="0.200000" e="cubicBezier 0.0 0.68 0.110000014 1.0" />
        <kf t="0.007516" v="0.000000" e="cubicBezier 0.89 0.0 1.0 0.32" />
      </property>
      <property name="radius" type="float" value="1.000000" />
    </effect>
    <effect id="com.alightcreative.effects.tile" locallyApplied="true">
      <property name="scale" type="float" value="1.000000" />
      <property name="phase" type="float" value="0.000000" />
      <property name="mirror" type="bool" value="true" />
      <property name="vertoffs" type="bool" value="false" />
      <property name="angle" type="float" value="0.000000" />
    </effect>
    <effect id="com.alightcreative.effects.pinchbulge2" locallyApplied="true">
      <property name="strength" type="float">
        <kf t="0.000000" v="-0.090000" />
        <kf t="1.000000" v="0.000000" e="cubicBezier 0.0 0.57 0.26999998 1.0" />
      </property>
      <property name="radius" type="float" value="2.500000" />
    </effect>
    <effect id="com.alightcreative.effects.circularripple2" locallyApplied="true">
      <property name="frequency" type="float" value="1.000000" />
      <property name="strength" type="float">
        <kf t="1.000000" v="0.000000" e="cubicBezier 0.0 0.57 0.26999998 1.0" />
        <kf t="0.000000" v="0.047000" />
      </property>
      <property name="phase" type="float" value="0.000000" />
      <property name="radius" type="float" value="0.800000" />
      <property name="feather" type="float" value="0.100000" />
    </effect>
    <effect id="com.alightcreative.effects.oscillate3" locallyApplied="true">
      <property name="direction" type="int" value="0" />
      <property name="angle" type="float" value="179.900009" />
      <property name="freq" type="float" value="2.000000" />
      <property name="mag" type="float">
        <kf t="0.000000" v="134.000000" />
        <kf t="1.000000" v="0.000000" e="cubicBezier 0.0 0.57 0.26999998 1.0" />
      </property>
      <property name="type" type="int" value="0" />
      <property name="phase" type="float" value="0.000000" />
    </effect>
    <effect id="com.alightcreative.effects.pulsate2" locallyApplied="true">
      <property name="freq" type="float" value="0.000000" />
      <property name="minsize" type="float" value="1.000000" />
      <property name="maxsize" type="float">
        <kf t="0.005281" v="2.000000" />
        <kf t="1.000000" v="1.000000" e="cubicBezier 0.0 0.75 0.15 1.0" />
      </property>
      <property name="phase" type="float" value="0.000000" />
      <property name="type" type="int" value="0" />
    </effect>
    <effect id="com.alightcreative.effects.wavewarp2" locallyApplied="true">
      <property name="phase" type="float" value="0.000000" />
      <property name="a1d" type="float" value="90.000000" />
      <property name="m1" type="float" value="169.000000" />
      <property name="m2" type="float">
        <kf t="0.005281" v="2.000000" />
        <kf t="1.000000" v="0.000000" e="cubicBezier 0.0 1.0 0.0 1.0" />
      </property>
      <property name="a2d" type="float" value="90.000000" />
      <property name="damping" type="float" value="0.000000" />
      <property name="dampingSpace" type="float" value="0.000000" />
      <property name="dampingOrigin" type="float" value="0.500000" />
      <property name="screenSpace" type="bool" value="false" />
    </effect>
    <effect id="com.alightcreative.effects.motionblur4" locallyApplied="true">
      <property name="tune" type="float" value="1.000000" />
      <property name="usePos" type="bool" value="true" />
      <property name="useScale" type="bool" value="true" />
      <property name="useAngle" type="bool" value="true" />
    </effect>
    <effect id="com.alightcreative.effects.exposure" locallyApplied="true">
      <property name="exposure" type="float">
        <kf t="0.000000" v="0.460000" />
        <kf t="1.000000" v="0.000000" e="cubicBezier 0.0 0.68 0.27 1.0" />
      </property>
      <property name="gamma" type="float" value="1.000000" />
      <property name="offset" type="float" value="0.000000" />
    </effect>
    <property name="size" type="vec2" value="1280.000000,576.000000" />
  </shape>
  <shape id="6372324" label="Rectangle 1" startTime="1166" endTime="2282" fillType="color" speed="0.775090" mediaFillMode="stretch" s=".rect">
    <transform>
      <location value="1280.000000,720.000000,0.000000" />
      <scale value="15.990000,7.200000" />
      <opacity>
        <kf t="0.009249" v="1.000000" />
        <kf t="0.991908" v="0.000000" e="cubicBezier 0.0 0.39063674 0.6911569 1.0" />
      </opacity>
    </transform>
    <fillColor value="#ffe7c499" />
    <effect id="com.alightcreative.effects.lift" locallyApplied="true">
      <property name="fill" type="float" value="0.000000" />
    </effect>
    <effect id="com.alightcreative.effects.tile" locallyApplied="true">
      <property name="scale" type="float">
        <kf t="0.009249" v="1.000000" />
        <kf t="0.991908" v="1.850000" e="cubicBezier 0.0 0.47486264 0.39049923 1.0" />
      </property>
      <property name="phase" type="float" value="0.000000" />
      <property name="mirror" type="bool" value="false" />
      <property name="vertoffs" type="bool" value="false" />
      <property name="angle" type="float" value="0.000000" />
    </effect>
    <property name="size" type="vec2" value="100.000000,100.000000" />
  </shape>
  <text id="6372291" startTime="0" endTime="2349" fillType="color" mediaFillMode="stretch" size="72.000000" font="imported?name=airstrike.ttf" wrapWidth="512" align="center">
    <transform>
      <location value="218.990112,1191.361328,0.000000" />
    </transform>
    <shadow direction="outside">
      <size value="50.000000" />
    </shadow>
    <content>#1</content>
  </text>
  <shape id="6372299" label="New Project 4 [86F77FD].png" startTime="2333" endTime="3649" fillType="media" fillImage="content://media/external/images/media/1000005663" mediaFillMode="stretch" s=".rect">
    <transform>
      <location value="1280.000000,720.000000,0.000000" />
    </transform>
    <effect id="com.alightcreative.effects.tile" locallyApplied="true">
      <property name="scale" type="float" value="1.000000" />
      <property name="phase" type="float" value="0.000000" />
      <property name="mirror" type="bool" value="true" />
      <property name="vertoffs" type="bool" value="false" />
      <property name="angle" type="float" value="0.000000" />
    </effect>
    <effect id="com.alightcreative.effects.tile" locallyApplied="true">
      <property name="scale" type="float" value="1.000000" />
      <property name="phase" type="float" value="0.000000" />
      <property name="mirror" type="bool" value="true" />
      <property name="vertoffs" type="bool" value="false" />
      <property name="angle" type="float" value="0.000000" />
    </effect>
    <effect id="com.alightcreative.effects.swing" locallyApplied="false">
      <property name="freq" type="float" value="4.830000" />
      <property name="a1" type="float">
        <kf t="0.637756" v="0.000000" />
        <kf t="0.000000" v="-2.300000" />
      </property>
      <property name="a2" type="float">
        <kf t="0.612244" v="0.000000" e="cubicBezier 0.0 0.5542265 0.45707348 1.0" />
        <kf t="0.000000" v="2.300000" />
      </property>
      <property name="phase" type="float" value="0.000000" />
      <property name="type" type="int" value="0" />
    </effect>
    <effect id="com.alightcreative.effects.oscillate" locallyApplied="false">
      <property name="angle" type="float" value="0.000000" />
      <property name="freq" type="float" value="7.473000" />
      <property name="mag" type="float">
        <kf t="1.045918" v="1.000000" e="cubicBezier 0.0 0.5908497 0.34033293 1.0" />
        <kf t="0.000000" v="69.860001" />
      </property>
      <property name="type" type="int" value="1" />
    </effect>
    <effect id="com.alightcreative.effects.tile" locallyApplied="false">
      <property name="scale" type="float" value="0.995000" />
      <property name="phase" type="float" value="0.000000" />
      <property name="mirror" type="bool" value="true" />
      <property name="vertoffs" type="bool" value="false" />
      <property name="angle" type="float" value="0.000000" />
    </effect>
    <effect id="com.alightcreative.effects.motionblur" locallyApplied="false">
      <property name="tune" type="float" value="1.000000" />
      <property name="usePos" type="bool" value="true" />
      <property name="useScale" type="bool" value="true" />
      <property name="useAngle" type="bool" value="true" />
    </effect>
    <effect id="com.alightcreative.effects.oscillate3" locallyApplied="true">
      <property name="direction" type="int" value="0" />
      <property name="angle" type="float" value="90.000000" />
      <property name="freq" type="float">
        <kf t="0.995380" v="0.000000" e="cubicBezier 0.0 1.0 1.0 1.0" />
        <kf t="0.005941" v="6.000000" />
      </property>
      <property name="mag" type="float">
        <kf t="0.005281" v="141.000000" />
        <kf t="0.995380" v="0.000000" e="cubicBezier 0.0 1.0 1.0 1.0" />
      </property>
      <property name="type" type="int" value="0" />
      <property name="phase" type="float" value="0.000000" />
    </effect>
    <effect id="com.alightcreative.effects.swing2" locallyApplied="true">
      <property name="freq" type="float">
        <kf t="0.005281" v="16.000000" />
        <kf t="0.995380" v="0.100000" e="cubicBezier 0.0 1.0 1.0 1.0" />
      </property>
      <property name="a1" type="float">
        <kf t="0.005281" v="-4.000000" />
        <kf t="0.995380" v="0.000000" />
      </property>
      <property name="a2" type="float">
        <kf t="0.005281" v="4.000000" />
        <kf t="0.995380" v="0.000000" />
      </property>
      <property name="phase" type="float" value="0.000000" />
      <property name="type" type="int" value="0" />
    </effect>
    <effect id="com.alightcreative.effects.tile" locallyApplied="true">
      <property name="scale" type="float" value="1.000000" />
      <property name="phase" type="float" value="0.000000" />
      <property name="mirror" type="bool" value="true" />
      <property name="vertoffs" type="bool" value="false" />
      <property name="angle" type="float" value="0.000000" />
    </effect>
    <effect id="com.alightcreative.effects.pulsate2" locallyApplied="true">
      <property name="freq" type="float" value="0.000000" />
      <property name="minsize" type="float" value="1.000000" />
      <property name="maxsize" type="float">
        <kf t="0.005281" v="1.780000" />
        <kf t="0.614449" v="1.000000" e="cubicBezier 0.0 0.0 0.0 1.0" />
      </property>
      <property name="phase" type="float" value="0.000000" />
      <property name="type" type="int" value="0" />
    </effect>
    <effect id="com.alightcreative.effects.motionblur4" locallyApplied="true">
      <property name="tune" type="float" value="1.000000" />
      <property name="usePos" type="bool" value="true" />
      <property name="useScale" type="bool" value="true" />
      <property name="useAngle" type="bool" value="true" />
    </effect>
    <effect id="com.alightcreative.effects.exposure" locallyApplied="true">
      <property name="exposure" type="float">
        <kf t="0.006084" v="0.520000" />
        <kf t="0.640304" v="0.000000" e="cubicBezier 0.0 0.0 0.0 1.0" />
      </property>
      <property name="gamma" type="float" value="1.000000" />
      <property name="offset" type="float" value="0.000000" />
    </effect>
    <property name="size" type="vec2" value="1280.000000,576.000000" />
  </shape>
  <shape id="6372305" label="Rectangle 1" startTime="2333" endTime="3449" fillType="color" speed="0.775090" mediaFillMode="stretch" s=".rect">
    <transform>
      <location value="1280.000000,720.000000,0.000000" />
      <scale value="15.990000,7.200000" />
      <opacity>
        <kf t="0.009249" v="1.000000" />
        <kf t="0.991908" v="0.000000" e="cubicBezier 0.0 0.39063674 0.6911569 1.0" />
      </opacity>
    </transform>
    <fillColor value="#ffe7c499" />
    <effect id="com.alightcreative.effects.lift" locallyApplied="true">
      <property name="fill" type="float" value="0.000000" />
    </effect>
    <effect id="com.alightcreative.effects.tile" locallyApplied="true">
      <property name="scale" type="float">
        <kf t="0.009249" v="1.000000" />
        <kf t="0.991908" v="1.850000" e="cubicBezier 0.0 0.47486264 0.39049923 1.0" />
      </property>
      <property name="phase" type="float" value="0.000000" />
      <property name="mirror" type="bool" value="false" />
      <property name="vertoffs" type="bool" value="false" />
      <property name="angle" type="float" value="0.000000" />
    </effect>
    <property name="size" type="vec2" value="100.000000,100.000000" />
  </shape>
  <shape id="6372295" label="Rectangle 1" startTime="2333" endTime="3649" fillType="color" mediaFillMode="stretch" s=".rect">
    <transform>
      <location value="1550.046021,720.000000,0.000000" />
      <scale value="15.990000,7.200000" />
    </transform>
    <fillColor value="#ffa0dce6" />
    <effect id="com.alightcreative.effects.lift" locallyApplied="true">
      <property name="fill" type="float" value="0.000000" />
    </effect>
    <effect id="com.alightcreative.effects.exposure" locallyApplied="true">
      <property name="exposure" type="float">
        <kf t="0.006079" v="0.500000" />
        <kf t="0.993921" v="0.000000" e="cubicBezier 0.0 0.0 0.40895522 1.0" />
      </property>
      <property name="gamma" type="float" value="1.000000" />
      <property name="offset" type="float" value="0.000000" />
    </effect>
    <effect id="com.alightcreative.effects.blink2" locallyApplied="true">
      <property name="freq" type="float">
        <kf t="0.006079" v="13.900001" />
      </property>
    </effect>
    <effect id="com.alightcreative.effects.fade" locallyApplied="true">
      <property name="inTime" type="float" value="0.000000" />
      <property name="outTime" type="float" value="0.800000" />
    </effect>
    <effect id="com.alightcreative.effects.gaussianblur" locallyApplied="true">
      <property name="strength" type="float">
        <kf t="0.006079" v="0.150000" />
        <kf t="0.993921" v="0.000000" e="cubicBezier 0.0 0.0 0.20597017 1.0" />
      </property>
    </effect>
    <property name="size" type="vec2" value="100.000000,100.000000" />
  </shape>
  <text id="6372300" startTime="2333" endTime="3649" fillType="color" mediaFillMode="stretch" size="72.000000" font="imported?name=airstrike.ttf" wrapWidth="512" align="center">
    <transform>
      <location value="240.490112,1183.861328,0.000000" />
    </transform>
    <shadow direction="outside">
      <size value="50.000000" />
    </shadow>
    <content>#2</content>
  </text>
  <shape id="6372308" label="New Project 4 [86F77FD].png" startTime="3633" endTime="4582" fillType="media" fillImage="content://media/external/images/media/1000005663" speed="2.124341" mediaFillMode="stretch" s=".rect">
    <transform>
      <location value="1280.000000,720.000000,0.000000" />
    </transform>
    <effect id="com.alightcreative.effects.tile" locallyApplied="true">
      <property name="scale" type="float" value="1.000000" />
      <property name="phase" type="float" value="0.000000" />
      <property name="mirror" type="bool" value="true" />
      <property name="vertoffs" type="bool" value="false" />
      <property name="angle" type="float" value="0.000000" />
    </effect>
    <effect id="com.alightcreative.effects.pinchbulgeinside" locallyApplied="false">
      <property name="feather" type="float" value="0.250000" />
      <property name="gaussian" type="bool" value="true" />
      <property name="radius" type="float" value="1.995000" />
      <property name="strength" type="float">
        <kf t="0.551373" v="0.000000" />
        <kf t="1.015312" v="-0.340000" e="cubicBezier 1.0 0.0 1.0 1.0" />
      </property>
    </effect>
    <effect id="com.alightcreative.effects.pulsate2" locallyApplied="true">
      <property name="freq" type="float" value="0.000000" />
      <property name="maxsize" type="float" value="1.000000" />
      <property name="minsize" type="float">
        <kf t="0.551373" v="1.000000" />
        <kf t="1.000000" v="0.000000" e="cubicBezier 1.0 0.003361702 1.0 0.93449587" />
      </property>
      <property name="phase" type="float" value="0.000000" />
      <property name="type" type="int" value="0" />
    </effect>
    <effect id="com.alightcreative.effects.pulsate2" locallyApplied="false">
      <property name="freq" type="float" value="0.000000" />
      <property name="maxsize" type="float" value="1.000000" />
      <property name="minsize" type="float">
        <kf t="0.551373" v="1.000000" />
        <kf t="1.000000" v="0.000000" e="cubicBezier 1.0 -1.6315789 1.0 1.0" />
      </property>
      <property name="phase" type="float" value="0.000000" />
      <property name="type" type="int" value="0" />
    </effect>
    <property name="size" type="vec2" value="1280.000000,576.000000" />
  </shape>
  <shape id="6372309" label="New Project 4 [86F77FD].png" startTime="4566" endTime="6015" fillType="media" fillImage="content://media/external/images/media/1000005663" mediaFillMode="stretch" s=".rect">
    <transform>
      <location value="1280.000000,720.000000,0.000000" />
    </transform>
    <effect id="com.alightcreative.effects.tile" locallyApplied="true">
      <property name="scale" type="float" value="1.000000" />
      <property name="phase" type="float" value="0.000000" />
      <property name="mirror" type="bool" value="true" />
      <property name="vertoffs" type="bool" value="false" />
      <property name="angle" type="float" value="0.000000" />
    </effect>
    <effect id="com.alightcreative.effects.tile" locallyApplied="false">
      <property name="scale" type="float" value="1.000000" />
      <property name="phase" type="float" value="0.000000" />
      <property name="mirror" type="bool" value="true" />
      <property name="vertoffs" type="bool" value="false" />
      <property name="angle" type="float" value="0.000000" />
    </effect>
    <effect id="com.alightcreative.effects.pinchbulge2" locallyApplied="false">
      <property name="strength" type="float">
        <kf t="0.000000" v="1.000000" />
        <kf t="1.000000" v="0.000000" e="cubicBezier 0.07363184 0.968984 0.0 0.9550802" />
      </property>
      <property name="radius" type="float" value="2.500000" />
    </effect>
    <effect id="com.alightcreative.effects.zoomblur3" locallyApplied="true">
      <property name="strength" type="float">
        <kf t="0.545819" v="0.000000" />
        <kf t="1.000000" v="0.000000" />
      </property>
      <property name="adaptive" type="bool" value="true" />
    </effect>
    <effect id="com.alightcreative.effects.oscillate" locallyApplied="false">
      <property name="angle" type="float" value="0.000000" />
      <property name="freq" type="float" value="5.247000" />
      <property name="mag" type="float">
        <kf t="0.017580" v="104.790001" />
        <kf t="0.982420" v="1.000000" e="cubicBezier 0.0 0.8574613 0.58 1.0" />
      </property>
      <property name="type" type="int" value="0" />
    </effect>
    <effect id="com.alightcreative.effects.motionblur" locallyApplied="false">
      <property name="tune" type="float" value="1.000000" />
      <property name="usePos" type="bool" value="true" />
      <property name="useScale" type="bool" value="false" />
      <property name="useAngle" type="bool" value="true" />
    </effect>
    <effect id="com.alightcreative.effects.transform" locallyApplied="false">
      <property name="scale" type="float">
        <kf t="0.005380" v="2.000000" />
        <kf t="0.509751" v="1.000000" e="cubicBezier 0.0 1.0 1.0 1.0" />
      </property>
      <property name="angle" type="float" value="0.000000" />
      <property name="maskToLayer" type="bool" value="false" />
      <property name="alpha" type="float">
        <kf t="0.005380" v="1.000000" />
        <kf t="0.509751" v="0.000000" e="cubicBezier 0.0 1.0 1.0 1.0" />
        <kf t="1.002690" v="1.000000" e="cubicBezier 0.0 0.0 1.0 0.0" />
      </property>
      <property name="fill" type="float" value="1.000000" />
      <property name="sample" type="int" value="1" />
    </effect>
    <property name="size" type="vec2" value="1280.000000,576.000000" />
  </shape>
  <text id="6372302" startTime="3633" endTime="6015" fillType="color" mediaFillMode="stretch" size="72.000000" font="imported?name=airstrike.ttf" wrapWidth="512" align="center">
    <transform>
      <location value="240.490112,1183.861328,0.000000" />
    </transform>
    <shadow direction="outside">
      <size value="50.000000" />
    </shadow>
    <content>#3</content>
  </text>
  <shape id="6372312" label="New Project 4 [86F77FD].png" startTime="6000" endTime="6565" fillType="media" fillImage="content://media/external/images/media/1000005663" mediaFillMode="stretch" s=".rect">
    <transform>
      <location value="1280.000000,720.000000,0.000000" />
    </transform>
    <effect id="com.alightcreative.effects.tile" locallyApplied="true">
      <property name="scale" type="float" value="1.000000" />
      <property name="phase" type="float" value="0.000000" />
      <property name="mirror" type="bool" value="true" />
      <property name="vertoffs" type="bool" value="false" />
      <property name="angle" type="float" value="0.000000" />
    </effect>
    <effect id="com.alightcreative.effects.shake2" locallyApplied="true">
      <property name="mag" type="float">
        <kf t="0.000000" v="1863.000000" />
        <kf t="0.316316" v="0.000000" e="cubicBezier 0.2988889 1.0 0.0 0.8352941" />
      </property>
      <property name="freq" type="float" value="2.000000" />
      <property name="evolution" type="float">
        <kf t="0.000000" v="5.390000" />
        <kf t="0.316316" v="0.000000" e="cubicBezier 0.3522222 1.0 0.06333333 0.7676471" />
      </property>
      <property name="seed" type="float" value="0.000000" />
      <property name="angle" type="float" value="0.000000" />
      <property name="slack" type="float" value="0.250000" />
      <property name="zshake" type="float" value="0.000000" />
    </effect>
    <effect id="com.alightcreative.effects.motionblur4" locallyApplied="true">
      <property name="tune" type="float" value="1.000000" />
      <property name="usePos" type="bool" value="true" />
      <property name="useScale" type="bool" value="false" />
      <property name="useAngle" type="bool" value="true" />
    </effect>
    <effect id="com.alightcreative.effects.jitter" locallyApplied="true">
      <property name="angle" type="float" value="0.000000" />
      <property name="freq" type="float">
        <kf t="0.000000" v="48.299999" />
        <kf t="1.000000" v="1.000000" />
      </property>
      <property name="mag" type="float">
        <kf t="0.000000" v="16.000000" />
        <kf t="0.650651" v="1.000000" />
      </property>
      <property name="seed" type="float" value="0.000000" />
      <property name="slack" type="float" value="0.000000" />
      <property name="zjitter" type="float" value="0.000000" />
    </effect>
    <property name="size" type="vec2" value="1280.000000,576.000000" />
  </shape>
  <shape id="6372313" label="New Project 4 [86F77FD].png" startTime="6550" endTime="8015" fillType="media" fillImage="content://media/external/images/media/1000005663" mediaFillMode="stretch" s=".rect">
    <transform>
      <location value="1280.000000,720.000000,0.000000" />
    </transform>
    <effect id="com.alightcreative.effects.tile" locallyApplied="true">
      <property name="scale" type="float" value="1.000000" />
      <property name="phase" type="float" value="0.000000" />
      <property name="mirror" type="bool" value="true" />
      <property name="vertoffs" type="bool" value="false" />
      <property name="angle" type="float" value="0.000000" />
    </effect>
    <effect id="com.alightcreative.effects.shake2" locallyApplied="true">
      <property name="mag" type="float">
        <kf t="0.016016" v="1863.000000" />
        <kf t="0.250250" v="0.000000" e="cubicBezier 0.2988889 1.0 0.0 0.8352941" />
      </property>
      <property name="freq" type="float" value="2.000000" />
      <property name="evolution" type="float">
        <kf t="0.000000" v="5.390000" />
        <kf t="0.316316" v="0.000000" e="cubicBezier 0.3522222 1.0 0.06333333 0.7676471" />
      </property>
      <property name="seed" type="float" value="0.000000" />
      <property name="angle" type="float" value="90.000000" />
      <property name="slack" type="float" value="0.250000" />
      <property name="zshake" type="float" value="0.000000" />
    </effect>
    <effect id="com.alightcreative.effects.motionblur4" locallyApplied="true">
      <property name="tune" type="float" value="1.000000" />
      <property name="usePos" type="bool" value="true" />
      <property name="useScale" type="bool" value="false" />
      <property name="useAngle" type="bool" value="true" />
    </effect>
    <effect id="com.alightcreative.effects.jitter" locallyApplied="true">
      <property name="angle" type="float" value="0.000000" />
      <property name="freq" type="float">
        <kf t="0.000000" v="48.299999" />
        <kf t="1.000000" v="1.000000" />
      </property>
      <property name="mag" type="float">
        <kf t="0.000000" v="16.000000" />
        <kf t="0.650651" v="1.000000" />
      </property>
      <property name="seed" type="float" value="0.000000" />
      <property name="slack" type="float" value="0.000000" />
      <property name="zjitter" type="float" value="0.000000" />
    </effect>
    <effect id="com.alightcreative.effects.circularripple2" locallyApplied="true">
      <property name="frequency" type="float" value="2.330000" />
      <property name="strength" type="float">
        <kf t="0.000000" v="0.049000" />
        <kf t="0.683684" v="0.000000" e="cubicBezier 0.0 0.0 0.58 1.0" />
      </property>
      <property name="phase" type="float">
        <kf t="0.000000" v="0.810000" />
        <kf t="0.350350" v="-1.000000" e="cubicBezier 0.0 0.90294117 1.0 1.0" />
      </property>
      <property name="radius" type="float" value="0.800000" />
      <property name="feather" type="float" value="0.100000" />
    </effect>
    <effect id="com.alightcreative.effects.circularripple2" locallyApplied="true">
      <property name="frequency" type="float" value="3.240000" />
      <property name="strength" type="float">
        <kf t="1.000000" v="0.000000" e="cubicBezier 0.0 0.0 0.58 1.0" />
        <kf t="0.000000" v="0.008000" />
      </property>
      <property name="phase" type="float">
        <kf t="0.000000" v="0.810000" />
        <kf t="1.000000" v="-1.000000" e="cubicBezier 0.0 0.90294117 1.0 1.0" />
      </property>
      <property name="radius" type="float" value="0.800000" />
      <property name="feather" type="float" value="0.100000" />
    </effect>
    <property name="size" type="vec2" value="1280.000000,576.000000" />
  </shape>
  <text id="6372314" startTime="6000" endTime="6549" fillType="color" mediaFillMode="stretch" size="72.000000" font="imported?name=airstrike.ttf" wrapWidth="512" align="center">
    <transform>
      <location value="240.490112,1183.861328,0.000000" />
    </transform>
    <shadow direction="outside">
      <size value="50.000000" />
    </shadow>
    <content>#4</content>
  </text>
  <text id="6372315" startTime="6533" endTime="8015" fillType="color" mediaFillMode="stretch" size="72.000000" font="imported?name=airstrike.ttf" wrapWidth="512" align="center">
    <transform>
      <location value="240.490112,1183.861328,0.000000" />
    </transform>
    <shadow direction="outside">
      <size value="50.000000" />
    </shadow>
    <content>#5</content>
  </text>
  <shape id="6372322" label="New Project 4 [86F77FD].png" startTime="8000" endTime="9615" fillType="media" fillImage="content://media/external/images/media/1000005663" mediaFillMode="stretch" s=".rect">
    <transform>
      <location value="1280.000000,720.000000,0.000000" />
    </transform>
    <property name="size" type="vec2" value="1280.000000,576.000000" />
  </shape>
  <shape id="6372317" label="YOUR PUMP&#128156;&#128578;" startTime="8100" endTime="9583" fillType="color" speed="0.808496" mediaFillMode="stretch" s=".rect">
    <transform>
      <location value="1280.000000,708.500000,0.000000" />
      <scale value="15.989999,8.571427" />
    </transform>
    <fillColor value="#ff4fae82" />
    <effect id="com.alightcreative.effects.lift" locallyApplied="true">
      <property name="fill" type="float" value="0.000000" />
    </effect>
    <effect id="com.alightcreative.effects.transform" locallyApplied="true">
      <property name="scale" type="float">
        <kf t="0.000000" v="1.000000" />
        <kf t="1.000000" v="1.000000" e="cubicBezier 0.18640772 0.713426 0.0 1.0" />
        <kf t="0.458716" v="1.660000" e="cubicBezier 1.0 0.0 1.0 0.40022683" />
      </property>
      <property name="angle" type="float" value="0.000000" />
      <property name="maskToLayer" type="bool" value="false" />
      <property name="alpha" type="float" value="1.000000" />
      <property name="fill" type="float" value="0.000000" />
      <property name="sample" type="int" value="1" />
    </effect>
    <effect id="com.alightcreative.effects.pinchbulgeinside" locallyApplied="true">
      <property name="strength" type="float">
        <kf t="0.000000" v="0.000000" />
        <kf t="1.000000" v="0.000000" e="cubicBezier 0.0 0.7309621 0.66919565 1.0" />
        <kf t="0.458716" v="-0.150000" e="cubicBezier 0.909459 0.0 1.0 0.0" />
      </property>
      <property name="radius" type="float" value="1.995000" />
      <property name="feather" type="float" value="0.255000" />
      <property name="gaussian" type="bool" value="false" />
    </effect>
    <effect id="com.alightcreative.effects.pinchbulgeinside" locallyApplied="true">
      <property name="strength" type="float">
        <kf t="0.000000" v="0.000000" />
        <kf t="1.000000" v="0.000000" e="cubicBezier 0.0 0.85 0.09 0.97" />
        <kf t="0.458716" v="-0.240000" e="cubicBezier 0.9664077 0.0 1.0 0.570534" />
      </property>
      <property name="radius" type="float" value="2.500000" />
      <property name="feather" type="float" value="0.195000" />
      <property name="gaussian" type="bool" value="false" />
    </effect>
    <effect id="com.alightcreative.effects.lensblur2" locallyApplied="true">
      <property name="strength" type="float">
        <kf t="0.000000" v="0.000000" />
        <kf t="0.455520" v="0.290000" e="cubicBezier 0.84 0.0 1.0 0.28" />
        <kf t="1.000000" v="0.000000" e="cubicBezier 0.19 0.71 0.0 1.0" />
      </property>
      <property name="radius" type="float" value="0.000000" />
    </effect>
    <effect id="com.alightcreative.effects.pinchbulgeinside" locallyApplied="true">
      <property name="strength" type="float">
        <kf t="0.000000" v="0.000000" />
        <kf t="1.000000" v="0.000000" e="cubicBezier 0.0 0.7309621 0.66919565 1.0" />
        <kf t="0.458716" v="-0.150000" e="cubicBezier 0.80693483 0.0 1.0 1.0" />
      </property>
      <property name="radius" type="float" value="1.995000" />
      <property name="feather" type="float" value="0.255000" />
      <property name="gaussian" type="bool" value="false" />
    </effect>
    <property name="size" type="vec2" value="100.000000,84.000000" />
  </shape>
  <shape id="6372318" label="Rounded Rectangle 1" startTime="8016" endTime="9616" fillType="color" mediaFillMode="stretch" s=".roundrect">
    <transform>
      <location value="1260.480591,720.000000,0.000000" />
      <scale value="22.920000,10.320455" />
    </transform>
    <fillColor value="#ff7596f8" />
    <effect id="com.alightcreative.effects.lift" locallyApplied="true">
      <property name="fill" type="float" value="0.000000" />
    </effect>
    <effect id="com.alightcreative.effects.jitter" hidden="true" locallyApplied="true">
      <property name="angle" type="float" value="180.000000" />
      <property name="freq" type="float" value="29.100000" />
      <property name="mag" type="float" value="295.000000" />
      <property name="seed" type="float" value="10.000000" />
      <property name="slack" type="float" value="0.000000" />
      <property name="zjitter" type="float" value="0.000000" />
    </effect>
    <effect id="com.alightcreative.effects.lift" locallyApplied="true">
      <property name="fill" type="float" value="0.000000" />
    </effect>
    <effect id="com.alightcreative.effects.pinchbulge2" locallyApplied="true">
      <property name="strength" type="float">
        <kf t="0.907340" v="0.000000" />
        <kf t="0.156250" v="0.000000" />
        <kf t="0.790625" v="0.000000" e="cubicBezier 0.0 0.71955836 0.0 1.0" />
        <kf t="0.468125" v="0.920000" e="cubicBezier 0.802566 0.0 1.0 0.0" />
      </property>
      <property name="radius" type="float" value="2.500000" />
    </effect>
    <effect id="com.alightcreative.effects.jitter" locallyApplied="true">
      <property name="angle" type="float" value="180.000000" />
      <property name="freq" type="float" value="28.000000" />
      <property name="mag" type="float">
        <kf t="0.000000" v="525.000000" />
        <kf t="0.697500" v="525.000000" />
        <kf t="0.489375" v="791.000000" e="cubicBezier 0.0 0.25440907 0.0 1.0" />
      </property>
      <property name="seed" type="float" value="0.000000" />
      <property name="slack" type="float" value="0.000000" />
      <property name="zjitter" type="float" value="0.000000" />
    </effect>
    <effect id="com.alightcreative.effects.exposure" locallyApplied="true">
      <property name="exposure" type="float">
        <kf t="0.124375" v="0.000000" />
        <kf t="1.000000" v="0.000000" e="cubicBezier 0.0 0.0 0.1946648 1.0" />
        <kf t="0.475602" v="0.490000" e="cubicBezier 0.96234393 0.0 1.0 0.5824553" />
      </property>
      <property name="gamma" type="float">
        <kf t="0.124375" v="1.000000" />
        <kf t="0.790625" v="1.000000" e="cubicBezier 0.0 0.769485 0.15312068 1.0" />
        <kf t="0.475602" v="1.120000" e="cubicBezier 0.82586676 0.0 1.0 0.23413807" />
      </property>
      <property name="offset" type="float" value="0.000000" />
    </effect>
    <effect id="com.alightcreative.effects.zoomblur3" locallyApplied="true">
      <property name="strength" type="float">
        <kf t="0.280625" v="0.040000" />
        <kf t="0.593125" v="0.000000" e="cubicBezier 0.0332871 0.0 0.86650485 1.0" />
        <kf t="0.468750" v="0.240000" e="cubicBezier 0.051317573 0.004409072 1.0 1.0" />
      </property>
      <property name="adaptive" type="bool" value="true" />
    </effect>
    <effect id="com.alightcreative.effects.satvib" locallyApplied="true">
      <property name="saturation" type="float">
        <kf t="0.275625" v="0.000000" />
        <kf t="0.588125" v="0.000000" e="cubicBezier 0.04327327 0.0 1.0 1.0" />
        <kf t="0.473125" v="-1.000000" e="cubicBezier 0.69937587 0.0 1.0 0.85450065" />
      </property>
      <property name="vib" type="float" value="1.000000" />
    </effect>
    <property name="size" type="vec2" value="100.000000,100.000000" />
    <property name="cornerRadius" type="float" value="25.000000" />
  </shape>
  <shape id="6372319" label="Rectangle 3" startTime="8750" endTime="9616" fillType="color" mediaFillMode="stretch" s=".rect">
    <transform>
      <location value="1599.000000,720.440063,0.000000" />
      <scale value="20.554998,9.255529" />
    </transform>
    <fillColor value="#ffe37bd3" />
    <effect id="com.alightcreative.effects.lift" locallyApplied="true">
      <property name="fill" type="float" value="0.000000" />
    </effect>
    <effect id="com.alightcreative.effects.tile" locallyApplied="false">
      <property name="scale" type="float" value="1.000000" />
      <property name="phase" type="float" value="0.000000" />
      <property name="mirror" type="bool" value="true" />
      <property name="vertoffs" type="bool" value="false" />
      <property name="angle" type="float" value="0.000000" />
    </effect>
    <effect id="com.alightcreative.effects.oscillate" locallyApplied="true">
      <property name="angle" type="float" value="0.000000" />
      <property name="freq" type="float" value="15.900000" />
      <property name="mag" type="float">
        <kf t="0.000000" v="499.000000" />
        <kf t="0.183603" v="1.000000" e="cubicBezier 0.25 0.25 0.8432039 0.6075926" />
      </property>
      <property name="type" type="int" value="0" />
    </effect>
    <effect id="com.alightcreative.effects.oscillate" locallyApplied="true">
      <property name="angle" type="float" value="0.000000" />
      <property name="freq" type="float">
        <kf t="1.000000" v="15.000000" e="cubicBezier 0.10340428 1.0 0.0 1.0" />
      </property>
      <property name="mag" type="float">
        <kf t="0.000000" v="344.309998" />
        <kf t="0.211316" v="1.000000" e="cubicBezier 0.0 0.2821806 0.82206833 1.0" />
      </property>
      <property name="type" type="int" value="0" />
    </effect>
    <effect id="com.alightcreative.effects.swing" hidden="true" locallyApplied="false">
      <property name="freq" type="float" value="5.150000" />
      <property name="a1" type="float">
        <kf t="0.881693" v="0.000000" e="cubicBezier 0.0 0.0 0.58 1.0" />
        <kf t="-0.012166" v="-2.500000" />
      </property>
      <property name="a2" type="float">
        <kf t="0.881693" v="0.000000" e="cubicBezier 0.0 0.0 0.58 1.0" />
        <kf t="-0.012166" v="2.500000" />
      </property>
      <property name="phase" type="float" value="0.000000" />
      <property name="type" type="int" value="0" />
    </effect>
    <effect id="com.alightcreative.effects.motionblur2" locallyApplied="true">
      <property name="tune" type="float" value="4.000000" />
      <property name="usePos" type="bool" value="true" />
      <property name="useScale" type="bool" value="true" />
      <property name="useAngle" type="bool" value="true" />
    </effect>
    <property name="size" type="vec2" value="100.000000,100.000000" />
  </shape>
  <text id="6372325" startTime="8000" endTime="9615" fillType="color" mediaFillMode="stretch" size="72.000000" font="imported?name=airstrike.ttf" wrapWidth="512" align="center">
    <transform>
      <location value="240.490112,1183.861328,0.000000" />
    </transform>
    <shadow direction="outside">
      <size value="50.000000" />
    </shadow>
    <content>#6</content>
  </text>
  <shape id="6372323" label="New Project 4 [86F77FD].png" startTime="9600" endTime="11099" fillType="media" fillImage="content://media/external/images/media/1000005663" mediaFillMode="stretch" s=".rect">
    <transform>
      <location value="1280.000000,720.000000,0.000000" />
    </transform>
    <effect id="com.alightcreative.effects.tile" locallyApplied="true">
      <property name="scale" type="float" value="1.000000" />
      <property name="phase" type="float" value="0.000000" />
      <property name="mirror" type="bool" value="true" />
      <property name="vertoffs" type="bool" value="false" />
      <property name="angle" type="float" value="0.000000" />
    </effect>
    <effect id="com.alightcreative.effects.pulsate2" locallyApplied="true">
      <property name="freq" type="float" value="0.000000" />
      <property name="minsize" type="float" value="1.000000" />
      <property name="maxsize" type="float">
        <kf t="0.005281" v="2.000000" />
        <kf t="0.995380" v="1.000000" e="cubicBezier 0.0 0.75 0.15 1.0" />
      </property>
      <property name="phase" type="float" value="0.000000" />
      <property name="type" type="int" value="0" />
    </effect>
    <effect id="com.alightcreative.effects.wavewarp2" locallyApplied="true">
      <property name="phase" type="float" value="0.000000" />
      <property name="a1d" type="float" value="90.000000" />
      <property name="m1" type="float" value="169.000000" />
      <property name="m2" type="float">
        <kf t="0.005281" v="2.000000" />
        <kf t="0.433526" v="0.000000" e="cubicBezier 0.0 0.75 0.16331482 1.0" />
      </property>
      <property name="a2d" type="float" value="90.000000" />
      <property name="damping" type="float" value="0.000000" />
      <property name="dampingSpace" type="float" value="0.000000" />
      <property name="dampingOrigin" type="float" value="0.500000" />
      <property name="screenSpace" type="bool" value="false" />
    </effect>
    <effect id="com.alightcreative.effects.motionblur4" locallyApplied="true">
      <property name="tune" type="float" value="1.000000" />
      <property name="usePos" type="bool" value="true" />
      <property name="useScale" type="bool" value="true" />
      <property name="useAngle" type="bool" value="true" />
    </effect>
    <effect id="com.alightcreative.effects.oscillate3" locallyApplied="true">
      <property name="direction" type="int" value="0" />
      <property name="angle" type="float" value="179.900009" />
      <property name="freq" type="float" value="2.000000" />
      <property name="mag" type="float">
        <kf t="0.000000" v="134.000000" />
        <kf t="0.574690" v="0.000000" e="cubicBezier 0.0 0.57 0.26999998 1.0" />
      </property>
      <property name="type" type="int" value="0" />
      <property name="phase" type="float" value="0.000000" />
    </effect>
    <property name="size" type="vec2" value="1280.000000,576.000000" />
  </shape>
  <shape id="6372327" label="Rectangle 1" startTime="9600" endTime="10582" fillType="color" speed="1.032852" mediaFillMode="stretch" s=".rect">
    <transform>
      <location value="1599.000000,720.000000,0.000000" />
      <scale value="15.990000,15.990000" />
    </transform>
    <fillColor value="#ff9a7076" />
    <effect id="com.alightcreative.effects.lift" locallyApplied="true">
      <property name="fill" type="float" value="0.000000" />
    </effect>
    <effect id="com.alightcreative.effects.colortemperature" locallyApplied="true">
      <property name="temperature" type="float">
        <kf t="0.007888" v="5.000000" />
        <kf t="0.993828" v="6.500000" e="cubicBezier 0.0 0.61 0.35 1.0" />
      </property>
      <property name="strength" type="float" value="1.000000" />
    </effect>
    <effect id="com.alightcreative.effects.tile" locallyApplied="true">
      <property name="scale" type="float" value="1.000000" />
      <property name="phase" type="float" value="0.000000" />
      <property name="mirror" type="bool" value="true" />
      <property name="vertoffs" type="bool" value="false" />
      <property name="angle" type="float" value="0.000000" />
    </effect>
    <effect id="com.alightcreative.effects.exposure" locallyApplied="true">
      <property name="exposure" type="float">
        <kf t="0.000000" v="1.000000" />
        <kf t="0.993828" v="0.000000" e="cubicBezier 0.0 0.61 0.35 1.0" />
      </property>
      <property name="gamma" type="float" value="1.000000" />
      <property name="offset" type="float" value="0.000000" />
    </effect>
    <effect id="com.alightcreative.effects.motionblur4" locallyApplied="true">
      <property name="tune" type="float" value="1.000000" />
      <property name="usePos" type="bool" value="true" />
      <property name="useScale" type="bool" value="true" />
      <property name="useAngle" type="bool" value="true" />
    </effect>
    <effect id="com.alightcreative.effects.turbulentdisplace3" locallyApplied="true">
      <property name="intensity" type="float">
        <kf t="0.000000" v="0.051000" />
        <kf t="0.993828" v="0.000000" e="cubicBezier 0.0 0.75 0.16 1.0" />
      </property>
      <property name="evolution" type="float" value="0.000000" />
      <property name="direction" type="int" value="0" />
      <property name="scale" type="float" value="0.010000" />
      <property name="stretch" type="vec2" value="5.000000,4.500000" />
      <property name="seed" type="float" value="0.000000" />
      <property name="singleAxis" type="bool" value="true" />
      <property name="screenSpace" type="bool" value="false" />
      <property name="octaves" type="float" value="1.000000" />
      <property name="offs" type="float" value="0.000000" />
    </effect>
    <property name="size" type="vec2" value="100.000000,100.000000" />
  </shape>
  <shape id="6372328" label="Twitch " startTime="9600" endTime="9765" fillType="color" speed="3.121212" mediaFillMode="stretch" s=".roundrect">
    <transform>
      <location value="1591.596436,528.810730,0.000000" />
      <scale value="20.360001,20.360001" />
      <rotation value="-90.000000" />
    </transform>
    <fillColor value="#ff95a38a" />
    <effect id="com.alightcreative.effects.lift" locallyApplied="true">
      <property name="fill" type="float" value="0.000000" />
    </effect>
    <effect id="com.alightcreative.effects.randomdisplace" locallyApplied="false">
      <property name="mag" type="float">
        <kf t="0.000000" v="609.000000" />
        <kf t="1.233388" v="0.000000" e="cubicBezier 0.0 1.024481 0.5395396 0.9989404" />
      </property>
      <property name="evolution" type="float" value="0.000000" />
      <property name="seed" type="float" value="0.000000" />
      <property name="scatter" type="float" value="2.000000" />
    </effect>
    <effect id="com.alightcreative.effects.oscillate" locallyApplied="false">
      <property name="angle" type="float" value="145.800003" />
      <property name="freq" type="float" value="5.565000" />
      <property name="mag" type="float">
        <kf t="0.000000" v="169.660004" />
        <kf t="6.955477" v="1.000000" e="cubicBezier 0.0 0.97377133 0.48585072 0.97128046" />
      </property>
      <property name="type" type="int" value="0" />
    </effect>
    <effect id="com.alightcreative.effects.motionblur" locallyApplied="false">
      <property name="tune" type="float">
        <kf t="0.000000" v="2.100000" />
        <kf t="5.499685" v="0.800000" />
      </property>
      <property name="usePos" type="bool" value="true" />
      <property name="useScale" type="bool" value="false" />
      <property name="useAngle" type="bool" value="true" />
    </effect>
    <effect id="com.alightcreative.effects.oscillate" locallyApplied="true">
      <property name="angle" type="float" value="0.000000" />
      <property name="freq" type="float" value="16.000000" />
      <property name="mag" type="float">
        <kf t="0.000000" v="499.000000" />
        <kf t="1.233388" v="1.000000" e="cubicBezier 0.0 0.9507213 0.57390046 0.9805003" />
      </property>
      <property name="type" type="int" value="0" />
    </effect>
    <effect id="com.alightcreative.effects.swing" locallyApplied="false">
      <property name="freq" type="float" value="6.360000" />
      <property name="a1" type="float">
        <kf t="0.000000" v="-5.000000" />
        <kf t="6.955477" v="0.000000" e="cubicBezier 0.0 0.9230614 0.51591647 1.0035506" />
      </property>
      <property name="a2" type="float">
        <kf t="0.000000" v="5.000000" />
        <kf t="6.955477" v="0.000000" e="cubicBezier 0.0 0.95994186 0.52772796 0.9805006" />
      </property>
      <property name="phase" type="float" value="0.000000" />
      <property name="type" type="int" value="0" />
    </effect>
    <property name="size" type="vec2" value="100.000000,100.000000" />
    <property name="cornerRadius" type="float" value="25.000000" />
  </shape>
  <text id="6372329" startTime="9583" endTime="11198" fillType="color" mediaFillMode="stretch" size="72.000000" font="imported?name=airstrike.ttf" wrapWidth="512" align="center">
    <transform>
      <location value="240.490112,1183.861328,0.000000" />
    </transform>
    <shadow direction="outside">
      <size value="50.000000" />
    </shadow>
    <content>#7</content>
  </text>
  <shape id="6372330" label="New Project 4 [86F77FD].png" startTime="11083" endTime="12499" fillType="media" fillImage="content://media/external/images/media/1000005663" speed="0.917373" mediaFillMode="stretch" s=".rect">
    <transform>
      <location value="1280.000000,720.000000,0.000000" />
    </transform>
    <effect id="com.alightcreative.effects.tile" locallyApplied="true">
      <property name="scale" type="float" value="1.000000" />
      <property name="phase" type="float" value="0.000000" />
      <property name="mirror" type="bool" value="true" />
      <property name="vertoffs" type="bool" value="false" />
      <property name="angle" type="float" value="0.000000" />
    </effect>
    <effect id="com.alightcreative.effects.oscillate3" locallyApplied="true">
      <property name="direction" type="int" value="0" />
      <property name="angle" type="float" value="45.000000" />
      <property name="freq" type="float" value="2.000000" />
      <property name="mag" type="float">
        <kf t="0.000000" v="0.000000" />
        <kf t="1.000000" v="27.000000" e="cubicBezier 0.3102635 0.0 1.0 0.7232272" />
      </property>
      <property name="type" type="int" value="0" />
      <property name="phase" type="float" value="0.000000" />
    </effect>
    <effect id="com.alightcreative.effects.oscillate3" locallyApplied="true">
      <property name="direction" type="int" value="0" />
      <property name="angle" type="float" value="180.000000" />
      <property name="freq" type="float" value="2.000000" />
      <property name="mag" type="float">
        <kf t="0.000000" v="0.000000" />
        <kf t="1.000000" v="27.000000" e="cubicBezier 0.31 0.0 1.0 0.72" />
      </property>
      <property name="type" type="int" value="0" />
      <property name="phase" type="float" value="0.000000" />
    </effect>
    <effect id="com.alightcreative.effects.randomdisplace" locallyApplied="true">
      <property name="mag" type="float">
        <kf t="0.000000" v="0.000000" />
        <kf t="1.000000" v="199.000000" e="cubicBezier 0.48983645 0.0 1.0 0.70187163" />
      </property>
      <property name="evolution" type="float" value="0.000000" />
      <property name="seed" type="float">
        <kf t="0.000000" v="0.000000" />
        <kf t="0.993500" v="4.500250" e="cubicBezier 0.49 0.0 1.0 0.7" />
      </property>
      <property name="scatter" type="float" value="0.500000" />
    </effect>
    <effect id="com.alightcreative.effects.motionblur4" locallyApplied="true">
      <property name="tune" type="float" value="1.000000" />
      <property name="usePos" type="bool" value="true" />
      <property name="useScale" type="bool" value="true" />
      <property name="useAngle" type="bool" value="true" />
    </effect>
    <property name="size" type="vec2" value="1280.000000,576.000000" />
  </shape>
  <shape id="6372331" label="New Project 4 [86F77FD].png" startTime="12483" endTime="13665" fillType="media" fillImage="content://media/external/images/media/1000005663" speed="1.494924" mediaFillMode="stretch" s=".rect">
    <transform>
      <location value="1280.000000,720.000000,0.000000" />
    </transform>
    <effect id="com.alightcreative.effects.tile" locallyApplied="true">
      <property name="scale" type="float" value="1.000000" />
      <property name="phase" type="float" value="0.000000" />
      <property name="mirror" type="bool" value="true" />
      <property name="vertoffs" type="bool" value="false" />
      <property name="angle" type="float" value="0.000000" />
    </effect>
    <effect id="com.alightcreative.effects.oscillate3" locallyApplied="true">
      <property name="direction" type="int" value="0" />
      <property name="angle" type="float">
        <kf t="0.335031" v="90.000000" />
        <kf t="0.000000" v="90.000000" />
      </property>
      <property name="freq" type="float" value="2.000000" />
      <property name="mag" type="float">
        <kf t="0.000000" v="761.000000" />
        <kf t="0.456617" v="0.000000" e="cubicBezier 0.0 0.819999 0.15497515 1.0" />
      </property>
      <property name="type" type="int" value="0" />
      <property name="phase" type="float" value="0.000000" />
    </effect>
    <property name="size" type="vec2" value="1280.000000,576.000000" />
  </shape>
  <shape id="6372342" label="Rectangle 1" startTime="11083" endTime="12499" fillType="color" speed="1.164548" mediaFillMode="stretch" s=".rect">
    <transform>
      <location value="1599.000000,720.000000,0.000000" />
      <scale value="15.990000,15.990000" />
    </transform>
    <fillColor value="#ff536373" />
    <effect id="com.alightcreative.effects.lift" locallyApplied="true">
      <property name="fill" type="float" value="0.000000" />
    </effect>
    <effect id="com.alightcreative.effects.exposure" locallyApplied="true">
      <property name="exposure" type="float">
        <kf t="0.000000" v="-0.300000" />
        <kf t="0.995149" v="-1.510000" e="cubicBezier 0.68 0.0 1.0 0.47000003" />
      </property>
      <property name="gamma" type="float" value="1.000000" />
      <property name="offset" type="float" value="0.000000" />
    </effect>
    <effect id="com.alightcreative.effects.blink2" locallyApplied="true">
      <property name="freq" type="float">
        <kf t="0.004851" v="2.000000" />
        <kf t="0.995149" v="16.000000" e="cubicBezier 0.68 0.0 1.0 0.47000003" />
      </property>
    </effect>
    <effect id="com.alightcreative.effects.fade" locallyApplied="true">
      <property name="inTime" type="float" value="0.500000" />
      <property name="outTime" type="float" value="0.000000" />
    </effect>
    <property name="size" type="vec2" value="100.000000,100.000000" />
  </shape>
  <shape id="6372350" label="Rectangle 4" startTime="11866" endTime="13431" fillType="color" mediaFillMode="stretch" s=".rect">
    <transform>
      <location value="1245.500000,680.959473,0.000000" />
      <scale value="15.990000,8.994374" />
    </transform>
    <fillColor value="#ff69e84f" />
    <effect id="com.alightcreative.effects.lift" locallyApplied="true">
      <property name="fill" type="float" value="0.000000" />
    </effect>
    <effect id="com.alightcreative.effects.pinchbulge2" locallyApplied="true">
      <property name="strength" type="float">
        <kf t="0.031310" v="0.000000" />
        <kf t="0.361299" v="0.740000" e="cubicBezier 0.8358529 0.0 1.0 0.17636287" />
        <kf t="0.995527" v="0.000000" e="cubicBezier 0.0 1.0 0.8368932 1.0" />
      </property>
      <property name="radius" type="float" value="2.500000" />
    </effect>
    <effect id="com.alightcreative.effects.zoomblur3" locallyApplied="true">
      <property name="strength" type="float">
        <kf t="0.499681" v="0.000000" e="cubicBezier 0.0332871 0.0 0.86650485 1.0" />
        <kf t="0.180192" v="0.000000" />
        <kf t="0.372525" v="0.240000" e="cubicBezier 0.051317573 0.004409072 1.0 0.0" />
      </property>
      <property name="adaptive" type="bool" value="true" />
    </effect>
    <effect id="com.alightcreative.effects.satvib" locallyApplied="true">
      <property name="saturation" type="float">
        <kf t="0.175080" v="0.000000" />
        <kf t="0.376996" v="-1.000000" e="cubicBezier 0.69937587 0.0 1.0 0.4894075" />
        <kf t="0.494568" v="0.000000" e="cubicBezier 0.04327327 0.0 0.1664355 1.0" />
      </property>
      <property name="vib" type="float" value="1.000000" />
    </effect>
    <effect id="com.alightcreative.effects.exposure" locallyApplied="true">
      <property name="exposure" type="float">
        <kf t="0.196805" v="0.000000" />
        <kf t="0.281789" v="0.830000" e="cubicBezier 0.74 0.0 1.0 0.39" />
        <kf t="0.462620" v="0.000000" e="cubicBezier 0.0 0.61 0.26 1.0" />
        <kf t="0.388498" v="2.000000" e="cubicBezier 0.80922335 0.0 1.0 0.32672855" />
      </property>
      <property name="gamma" type="float" value="1.000000" />
      <property name="offset" type="float" value="0.000000" />
    </effect>
    <property name="size" type="vec2" value="100.000000,100.000000" />
  </shape>
  <shape id="6372351" label="Rectangle 1" startTime="12416" endTime="12481" fillType="color" mediaFillMode="stretch" s=".rect">
    <transform>
      <location value="1601.196899,3122.219238,0.000000" />
      <scale value="22.733852,22.733852" />
    </transform>
    <fillColor value="#ff000000" />
    <effect id="com.alightcreative.effects.gaussianblur" locallyApplied="true">
      <property name="strength" type="float" value="1.070000" />
    </effect>
    <property name="size" type="vec2" value="100.000000,100.000000" />
  </shape>
  <shape id="6372352" label="Rectangle 1 Copy" startTime="12416" endTime="12481" fillType="color" mediaFillMode="stretch" s=".rect">
    <transform>
      <location value="1606.611206,-891.860596,0.000000" />
      <scale value="20.070396,20.070396" />
      <opacity value="0.242188" />
    </transform>
    <fillColor value="#ff000000" />
    <property name="size" type="vec2" value="100.000000,100.000000" />
  </shape>
  <shape id="6372353" label="Rectangle 3 Copy 2" startTime="12449" endTime="12531" fillType="color" mediaFillMode="stretch" s=".rect">
    <transform>
      <location>
        <kf t="-0.097560" v="1606.610962,680.959473,0.000000" />
      </location>
      <scale value="19.491385,8.776608" />
    </transform>
    <fillColor value="#fffd6585" />
    <effect id="com.alightcreative.effects.lift" locallyApplied="true">
      <property name="fill" type="float" value="0.000000" />
    </effect>
    <effect id="com.alightcreative.effects.colorhot" locallyApplied="true">
      <property name="color" type="vec3" value="-176.504181,0.833394,-0.053092" />
      <property name="tint" type="vec3" value="-177.890823,0.977243,0.000000" />
    </effect>
    <effect id="com.alightcreative.effects.colortemperature" locallyApplied="true">
      <property name="temperature" type="float" value="1.000000" />
      <property name="strength" type="float" value="0.181000" />
    </effect>
    <effect id="com.alightcreative.effects.wavewarp2" locallyApplied="true">
      <property name="phase" type="float" value="0.000000" />
      <property name="a1d" type="float" value="90.000000" />
      <property name="m1" type="float" value="169.000000" />
      <property name="m2" type="float">
        <kf t="0.003991" v="2.000000" />
      </property>
      <property name="a2d" type="float" value="90.000000" />
      <property name="damping" type="float" value="0.000000" />
      <property name="dampingSpace" type="float" value="0.000000" />
      <property name="dampingOrigin" type="float" value="0.500000" />
      <property name="screenSpace" type="bool" value="false" />
    </effect>
    <effect id="com.alightcreative.effects.jitter" locallyApplied="true">
      <property name="angle" type="float" value="45.000000" />
      <property name="freq" type="float">
        <kf t="0.003991" v="7.300000" />
        <kf t="0.461345" v="1.000000" e="cubicBezier 0.0 1.0 1.0 1.0" />
      </property>
      <property name="mag" type="float">
        <kf t="0.003991" v="72.000000" />
        <kf t="0.461345" v="1.000000" e="cubicBezier 0.0 1.0 1.0 1.0" />
      </property>
      <property name="seed" type="float" value="0.000000" />
      <property name="slack" type="float" value="0.000000" />
      <property name="zjitter" type="float" value="0.000000" />
    </effect>
    <effect id="com.alightcreative.effects.motionblur4" locallyApplied="true">
      <property name="tune" type="float" value="1.000000" />
      <property name="usePos" type="bool" value="true" />
      <property name="useScale" type="bool" value="true" />
      <property name="useAngle" type="bool" value="true" />
    </effect>
    <property name="size" type="vec2" value="100.000000,100.000000" />
  </shape>
  <shape id="6372354" label="Rectangle 2" startTime="12366" endTime="12481" fillType="color" speed="1.186813" mediaFillMode="stretch" s=".rect">
    <transform>
      <location value="1606.610962,680.959473,0.000000" />
      <scale value="19.491385,19.491385" />
    </transform>
    <fillColor value="#ff97cbbd" />
    <effect id="com.alightcreative.effects.lift" locallyApplied="true">
      <property name="fill" type="float" value="0.000000" />
    </effect>
    <effect id="com.alightcreative.effects.jitter" locallyApplied="true">
      <property name="angle" type="float" value="180.000000" />
      <property name="freq" type="float" value="29.100000" />
      <property name="mag" type="float" value="286.000000" />
      <property name="seed" type="float" value="0.000000" />
      <property name="slack" type="float" value="0.000000" />
      <property name="zjitter" type="float" value="0.000000" />
    </effect>
    <effect id="com.alightcreative.effects.jitter" locallyApplied="true">
      <property name="angle" type="float" value="180.000000" />
      <property name="freq" type="float" value="29.000000" />
      <property name="mag" type="float" value="214.000000" />
      <property name="seed" type="float" value="0.000000" />
      <property name="slack" type="float" value="0.000000" />
      <property name="zjitter" type="float" value="0.000000" />
    </effect>
    <effect id="com.alightcreative.effects.motionblur4" locallyApplied="true">
      <property name="tune" type="float">
        <kf t="0.018227" v="0.000000" />
        <kf t="1.271452" v="1.000000" e="cubicBezier 0.42 0.0 1.0 1.0" />
        <kf t="1.574504" v="0.000000" e="cubicBezier 0.0 0.0 0.58 1.0" />
      </property>
      <property name="usePos" type="bool" value="true" />
      <property name="useScale" type="bool" value="true" />
      <property name="useAngle" type="bool" value="true" />
    </effect>
    <property name="size" type="vec2" value="100.000000,100.000000" />
  </shape>
  <shape id="6372355" label="Rectangle 2 Copy" startTime="12366" endTime="12481" fillType="color" blending="linear-dodge" speed="1.186813" mediaFillMode="stretch" s=".rect">
    <transform>
      <location value="1606.610962,680.959473,0.000000" />
      <scale value="19.491385,19.491385" />
    </transform>
    <fillColor value="#ff97cbbd" />
    <effect id="com.alightcreative.effects.lift" locallyApplied="true">
      <property name="fill" type="float" value="0.000000" />
    </effect>
    <effect id="com.alightcreative.effects.jitter" locallyApplied="true">
      <property name="angle" type="float" value="180.000000" />
      <property name="freq" type="float" value="29.100000" />
      <property name="mag" type="float" value="286.000000" />
      <property name="seed" type="float" value="0.000000" />
      <property name="slack" type="float" value="0.000000" />
      <property name="zjitter" type="float" value="0.000000" />
    </effect>
    <effect id="com.alightcreative.effects.jitter" locallyApplied="true">
      <property name="angle" type="float" value="180.000000" />
      <property name="freq" type="float" value="29.000000" />
      <property name="mag" type="float" value="214.000000" />
      <property name="seed" type="float" value="0.000000" />
      <property name="slack" type="float" value="0.000000" />
      <property name="zjitter" type="float" value="0.000000" />
    </effect>
    <effect id="com.alightcreative.effects.motionblur4" locallyApplied="true">
      <property name="tune" type="float">
        <kf t="0.018227" v="0.000000" />
        <kf t="1.271452" v="1.000000" e="cubicBezier 0.42 0.0 1.0 1.0" />
        <kf t="1.574504" v="0.000000" e="cubicBezier 0.0 0.0 0.58 1.0" />
      </property>
      <property name="usePos" type="bool" value="true" />
      <property name="useScale" type="bool" value="true" />
      <property name="useAngle" type="bool" value="true" />
    </effect>
    <effect id="com.alightcreative.effects.gaussianblur" locallyApplied="true">
      <property name="strength" type="float" value="0.150000" />
    </effect>
    <property name="size" type="vec2" value="100.000000,100.000000" />
  </shape>
  <shape id="6372356" label="Rounded Rectangle 1 Copy" startTime="11866" endTime="12531" fillType="color" speed="1.149402" mediaFillMode="stretch" s=".roundrect">
    <transform>
      <location value="1225.651001,680.959473,0.000000" />
      <scale value="20.965000,9.440144" />
    </transform>
    <fillColor value="#ff7596f8" />
    <effect id="com.alightcreative.effects.lift" locallyApplied="true">
      <property name="fill" type="float" value="0.000000" />
    </effect>
    <effect id="com.alightcreative.effects.pinchbulge2" locallyApplied="true">
      <property name="strength" type="float">
        <kf t="0.282592" v="0.000000" />
        <kf t="0.958241" v="0.740000" e="cubicBezier 0.8358529 0.0 1.0 0.17636287" />
        <kf t="2.965908" v="0.000000" e="cubicBezier 0.0 1.0 0.8368932 1.0" />
      </property>
      <property name="radius" type="float" value="2.500000" />
    </effect>
    <effect id="com.alightcreative.effects.zoomblur3" locallyApplied="true">
      <property name="strength" type="float">
        <kf t="1.241573" v="0.000000" e="cubicBezier 0.0332871 0.0 0.86650485 1.0" />
        <kf t="0.587425" v="0.000000" />
        <kf t="0.981223" v="0.240000" e="cubicBezier 0.051317573 0.004409072 1.0 0.0" />
      </property>
      <property name="adaptive" type="bool" value="true" />
    </effect>
    <effect id="com.alightcreative.effects.satvib" locallyApplied="true">
      <property name="saturation" type="float">
        <kf t="0.576958" v="0.000000" />
        <kf t="0.990378" v="-1.000000" e="cubicBezier 0.69937587 0.0 1.0 0.4894075" />
        <kf t="1.231106" v="0.000000" e="cubicBezier 0.04327327 0.0 0.1664355 1.0" />
      </property>
      <property name="vib" type="float" value="1.000000" />
    </effect>
    <effect id="com.alightcreative.effects.exposure" locallyApplied="true">
      <property name="exposure" type="float">
        <kf t="0.621441" v="0.000000" />
        <kf t="0.795444" v="0.830000" e="cubicBezier 0.74 0.0 1.0 0.39" />
        <kf t="1.165691" v="0.000000" e="cubicBezier 0.0 0.61 0.26 1.0" />
        <kf t="1.013929" v="2.000000" />
      </property>
      <property name="gamma" type="float" value="1.000000" />
      <property name="offset" type="float" value="0.000000" />
    </effect>
    <effect id="com.alightcreative.effects.lift" locallyApplied="true">
      <property name="fill" type="float" value="0.000000" />
    </effect>
    <effect id="com.alightcreative.effects.lift" locallyApplied="true">
      <property name="fill" type="float" value="0.000000" />
    </effect>
    <effect id="com.alightcreative.effects.jitter" locallyApplied="true">
      <property name="angle" type="float" value="180.000000" />
      <property name="freq" type="float" value="29.100000" />
      <property name="mag" type="float" value="286.000000" />
      <property name="seed" type="float" value="0.000000" />
      <property name="slack" type="float" value="0.000000" />
      <property name="zjitter" type="float" value="0.000000" />
    </effect>
    <effect id="com.alightcreative.effects.lift" locallyApplied="true">
      <property name="fill" type="float" value="0.000000" />
    </effect>
    <effect id="com.alightcreative.effects.pinchbulge2" locallyApplied="true">
      <property name="strength" type="float">
        <kf t="2.932954" v="0.000000" />
        <kf t="0.036988" v="0.000000" />
        <kf t="2.501258" v="0.000000" e="cubicBezier 0.0 0.39117646 0.070182025 1.0" />
        <kf t="1.270121" v="1.000000" e="cubicBezier 0.81333894 0.0 1.0 0.0" />
      </property>
      <property name="radius" type="float" value="2.500000" />
    </effect>
    <effect id="com.alightcreative.effects.jitter" locallyApplied="true">
      <property name="angle" type="float" value="180.000000" />
      <property name="freq" type="float" value="29.000000" />
      <property name="mag" type="float" value="214.000000" />
      <property name="seed" type="float" value="0.000000" />
      <property name="slack" type="float" value="0.000000" />
      <property name="zjitter" type="float" value="0.000000" />
    </effect>
    <effect id="com.alightcreative.effects.motionblur4" locallyApplied="true">
      <property name="tune" type="float">
        <kf t="0.018492" v="0.000000" />
        <kf t="1.289927" v="1.000000" e="cubicBezier 0.42 0.0 1.0 1.0" />
        <kf t="1.597382" v="0.000000" e="cubicBezier 0.0 0.0 0.58 1.0" />
      </property>
      <property name="usePos" type="bool" value="true" />
      <property name="useScale" type="bool" value="true" />
      <property name="useAngle" type="bool" value="true" />
    </effect>
    <property name="size" type="vec2" value="100.000000,100.000000" />
    <property name="cornerRadius" type="float" value="25.000000" />
  </shape>
  <text id="6372357" startTime="11066" endTime="13665" fillType="color" mediaFillMode="stretch" size="72.000000" font="imported?name=airstrike.ttf" wrapWidth="512" align="center">
    <transform>
      <location value="240.490112,1183.861328,0.000000" />
    </transform>
    <shadow direction="outside">
      <size value="50.000000" />
    </shadow>
    <content>#8</content>
  </text>
  <shape id="6372361" label="New Project 4 [86F77FD].png" startTime="13650" endTime="15383" fillType="media" fillImage="content://media/external/images/media/1000005663" mediaFillMode="stretch" s=".rect">
    <transform>
      <location value="1280.000000,720.000000,0.000000" />
    </transform>
    <effect id="com.alightcreative.effects.tile" locallyApplied="true">
      <property name="scale" type="float" value="1.000000" />
      <property name="phase" type="float" value="0.000000" />
      <property name="mirror" type="bool" value="true" />
      <property name="vertoffs" type="bool" value="false" />
      <property name="angle" type="float" value="0.000000" />
    </effect>
    <effect id="com.alightcreative.effects.transform" locallyApplied="true">
      <property name="scale" type="float" value="1.000000" />
      <property name="angle" type="float">
        <kf t="0.634160" v="0.000000" e="cubicBezier 0.0 0.76069015 0.13020833 1.0" />
        <kf t="0.000000" v="46.000000" />
      </property>
      <property name="offset" type="vec2">
        <kf t="0.000000" v="-67.000000,-49.000000" />
        <kf t="0.634160" v="0.000000,0.000000" e="cubicBezier 0.0 0.76 0.13 1.0" />
      </property>
      <property name="maskToLayer" type="bool" value="false" />
      <property name="alpha" type="float" value="1.000000" />
      <property name="fill" type="float" value="0.000000" />
      <property name="sample" type="int" value="1" />
    </effect>
    <effect id="com.alightcreative.effects.motionblur4" locallyApplied="true">
      <property name="tune" type="float">
        <kf t="0.000000" v="2.400000" />
        <kf t="0.634160" v="0.000000" e="cubicBezier 0.0 0.44577205 0.47395834 1.0" />
      </property>
      <property name="usePos" type="bool" value="true" />
      <property name="useScale" type="bool" value="true" />
      <property name="useAngle" type="bool" value="true" />
    </effect>
    <effect id="com.alightcreative.effects.oscillate3" locallyApplied="true">
      <property name="direction" type="int" value="0" />
      <property name="angle" type="float" value="89.900002" />
      <property name="freq" type="float" value="2.000000" />
      <property name="mag" type="float">
        <kf t="0.634160" v="0.000000" e="cubicBezier 0.0 0.7 0.27 1.0" />
        <kf t="0.005078" v="279.000000" />
        <kf t="-0.005078" v="451.000000" />
      </property>
      <property name="type" type="int" value="0" />
      <property name="phase" type="float" value="0.000000" />
    </effect>
    <effect id="com.alightcreative.effects.tile" locallyApplied="true">
      <property name="scale" type="float" value="1.000000" />
      <property name="phase" type="float" value="0.000000" />
      <property name="mirror" type="bool" value="true" />
      <property name="vertoffs" type="bool" value="false" />
      <property name="angle" type="float" value="0.000000" />
    </effect>
    <effect id="com.alightcreative.effects.motionblur4" locallyApplied="true">
      <property name="tune" type="float" value="1.000000" />
      <property name="usePos" type="bool" value="true" />
      <property name="useScale" type="bool" value="true" />
      <property name="useAngle" type="bool" value="true" />
    </effect>
    <effect id="com.alightcreative.effects.motionblur4" locallyApplied="true">
      <property name="tune" type="float" value="0.600000" />
      <property name="usePos" type="bool" value="true" />
      <property name="useScale" type="bool" value="true" />
      <property name="useAngle" type="bool" value="true" />
    </effect>
    <effect id="com.alightcreative.effects.sharpen" locallyApplied="true">
      <property name="strength" type="float">
        <kf t="-3.285785" v="0.000000" />
        <kf t="-2.698184" v="0.200000" e="cubicBezier 0.89209425 0.0 1.0 0.31659332" />
        <kf t="0.135440" v="0.200000" />
        <kf t="1.840406" v="0.000000" />
        <kf t="3.380305" v="0.000000" e="cubicBezier 0.89 0.0 1.0 0.32" />
        <kf t="2.627639" v="0.200000" e="cubicBezier 0.0 0.68 0.110000014 1.0" />
        <kf t="0.629225" v="0.000000" e="cubicBezier 0.89 0.0 1.0 0.32" />
      </property>
      <property name="radius" type="float" value="1.000000" />
    </effect>
    <effect id="com.alightcreative.effects.sharpen" locallyApplied="true">
      <property name="strength" type="float" value="0.100000" />
      <property name="radius" type="float" value="1.000000" />
    </effect>
    <effect id="com.alightcreative.effects.fade" locallyApplied="true">
      <property name="inTime" type="float" value="0.000000" />
      <property name="outTime" type="float" value="0.500000" />
    </effect>
    <property name="size" type="vec2" value="1280.000000,576.000000" />
  </shape>
  <shape id="6372359" label="Rectangle 2 Copy" startTime="13666" endTime="14381" fillType="color" mediaFillMode="stretch" s=".rect">
    <transform>
      <location value="1316.240479,719.008972,0.000000" />
      <scale value="12.799999,12.799998" />
      <opacity>
        <kf t="0.874126" v="1.000000" />
        <kf t="1.000000" v="0.000000" />
      </opacity>
    </transform>
    <fillColor value="#ffdbacd6" />
    <effect id="com.alightcreative.effects.lift" locallyApplied="true">
      <property name="fill" type="float" value="0.000000" />
    </effect>
    <effect id="com.alightcreative.effects.shake2" locallyApplied="true">
      <property name="mag" type="float" value="119.000000" />
      <property name="freq" type="float" value="0.000000" />
      <property name="evolution" type="float">
        <kf t="0.000000" v="2.730000" />
        <kf t="1.000000" v="0.000000" e="cubicBezier 0.0 1.0 0.0 1.0" />
      </property>
      <property name="seed" type="float" value="0.340000" />
      <property name="angle" type="float" value="113.000000" />
      <property name="slack" type="float" value="1.000000" />
      <property name="zshake" type="float" value="110.000000" />
    </effect>
    <effect id="com.alightcreative.effects.tile" locallyApplied="true">
      <property name="scale" type="float" value="1.000000" />
      <property name="phase" type="float" value="0.000000" />
      <property name="mirror" type="bool" value="true" />
      <property name="vertoffs" type="bool" value="false" />
      <property name="angle" type="float" value="0.000000" />
    </effect>
    <effect id="com.alightcreative.effects.motionblur4" locallyApplied="true">
      <property name="tune" type="float">
        <kf t="0.000000" v="2.400000" />
        <kf t="1.000000" v="0.000000" e="cubicBezier 0.0 0.44577205 0.47395834 1.0" />
      </property>
      <property name="usePos" type="bool" value="true" />
      <property name="useScale" type="bool" value="true" />
      <property name="useAngle" type="bool" value="true" />
    </effect>
    <property name="size" type="vec2" value="100.000000,100.000000" />
  </shape>
  <shape id="6372360" label="Rectangle 3" startTime="13666" endTime="14649" fillType="color" mediaFillMode="stretch" s=".rect">
    <transform>
      <location value="1280.000000,720.000061,0.000000" />
      <scale value="12.800001,12.800001" />
      <opacity>
        <kf t="0.000000" v="1.000000" />
        <kf t="1.000000" v="0.000000" e="cubicBezier 0.0 0.66 0.6666667 1.0" />
      </opacity>
    </transform>
    <fillColor value="#ff3a62d4" />
    <effect id="com.alightcreative.effects.lift" locallyApplied="true">
      <property name="fill" type="float" value="0.000000" />
    </effect>
    <effect id="com.alightcreative.effects.tile" locallyApplied="true">
      <property name="scale" type="float">
        <kf t="0.000000" v="1.000000" />
        <kf t="1.000000" v="2.435000" e="cubicBezier 0.0 0.66 0.67 1.0" />
      </property>
      <property name="phase" type="float" value="0.000000" />
      <property name="mirror" type="bool" value="false" />
      <property name="vertoffs" type="bool" value="false" />
      <property name="angle" type="float" value="0.000000" />
    </effect>
    <property name="size" type="vec2" value="100.000000,100.000000" />
  </shape>
  <text id="6372362" startTime="13666" endTime="15382" fillType="color" mediaFillMode="stretch" size="72.000000" font="imported?name=airstrike.ttf" wrapWidth="512" align="center">
    <transform>
      <location value="240.490112,1183.861328,0.000000" />
    </transform>
    <effect id="com.alightcreative.effects.fade" locallyApplied="true">
      <property name="inTime" type="float" value="0.000000" />
      <property name="outTime" type="float" value="0.500000" />
    </effect>
    <shadow direction="outside">
      <size value="50.000000" />
    </shadow>
    <content>#9</content>
  </text>
</scene>