<?xml version='1.0' encoding='UTF-8' ?><!--
Created by Alight Motion (http://alightmotion.com)
Exported: 2025-04-12 06:50 PM
5.0.272.1028368 (1002592)
a34a6c0 (7 Oct 2024 3:17:29 pm)
-->
<scene title="simple pinch pump by ZEROX Editz ✨" width="1920" height="888" exportWidth="1920" exportHeight="888" precompose="dynamicResolution" bgcolor="#ff000000" totalTime="2032" fps="30" modifiedTime="1744465852506" amver="1002592" ffver="106" am="com.alightcreative.motion/5.0.272.1028368" amplatform="android" retime="freeze" retimeAdaptFPS="false">
  <media uri="content://media/external/images/media/1000057529" filename="Screenshot_2025-03-16-16-46-13-785_com.alightcreative.motion-edit.jpg" title="Screenshot_2025-03-16-16-46-13-785_com.alightcreative.motion-edit.jpg" type="image/jpeg" size="307939" orientation="0" infoUpdated="1744445108291" width="1080" height="504" />
  <shape id="10211040" label="Screenshot_2025-03-16-16-46-13-785_com.alightcreative.motion-edit.jpg" startTime="0" endTime="2032" fillType="media" fillImage="content://media/external/images/media/1000057529" mediaFillMode="fill" s=".rect">
    <transform>
      <location value="960.000000,444.000000,0.000000" />
    </transform>
    <property name="size" type="vec2" value="951.000000,444.000000" />
  </shape>
  <shape id="10211038" label="Rounded Rectangle 1" startTime="0" endTime="733" fillType="color" mediaFillMode="fill" s=".roundrect">
    <transform>
      <location value="960.000000,444.000000,0.000000" />
      <scale value="9.600000,5.280003" />
      <opacity>
        <kf t="0.113233" v="1.000000" />
        <kf t="0.023192" v="0.000000" />
      </opacity>
    </transform>
    <fillColor value="#ff43a1a8" />
    <effect id="com.alightcreative.effects.lift" locallyApplied="true">
      <property name="fill" type="float" value="0.000000" />
    </effect>
    <effect id="com.alightcreative.effects.tile" hidden="true" locallyApplied="true">
      <property name="scale" type="float">
        <kf t="0.181446" v="0.995000" />
        <kf t="1.000000" v="0.840000" e="cubicBezier 0.7748227 0.0 1.0 0.44243693" />
        <kf t="0.431105" v="1.230000" />
      </property>
      <property name="phase" type="float" value="0.000000" />
      <property name="mirror" type="bool" value="false" />
      <property name="vertoffs" type="bool" value="false" />
      <property name="angle" type="float" value="0.000000" />
    </effect>
    <effect id="com.alightcreative.effects.pinchbulgeinside" locallyApplied="true">
      <property name="strength" type="float">
        <kf t="0.181446" v="0.000000" />
        <kf t="1.000000" v="-0.780000" e="cubicBezier 0.8609929 0.0 1.0 0.19537817" />
      </property>
      <property name="radius" type="float" value="2.500000" />
      <property name="feather" type="float" value="0.420000" />
      <property name="gaussian" type="bool" value="false" />
    </effect>
    <effect id="com.alightcreative.effects.zoomblur3" locallyApplied="true">
      <property name="strength" type="float">
        <kf t="0.075034" v="0.000000" />
        <kf t="0.885402" v="0.000000" e="cubicBezier 0.0 0.88 0.06 1.0" />
        <kf t="1.000000" v="1.000000" />
      </property>
      <property name="adaptive" type="bool" value="true" />
    </effect>
    <effect id="com.alightcreative.effects.exposure" locallyApplied="true">
      <property name="exposure" type="float">
        <kf t="-0.099361" v="0.000000" />
        <kf t="0.841746" v="0.000000" e="cubicBezier 0.0 0.66999996 0.18 1.0" />
        <kf t="1.000000" v="0.900000" e="cubicBezier 0.414539 0.0 1.0 0.5936975" />
      </property>
      <property name="gamma" type="float">
        <kf t="0.052977" v="1.000000" />
      </property>
      <property name="offset" type="float" value="0.000000" />
    </effect>
    <property name="size" type="vec2" value="100.000000,100.000000" />
    <property name="cornerRadius" type="float" value="25.000000" />
  </shape>
  <shape id="10211039" label="Rounded Rectangle 2" startTime="717" endTime="1883" fillType="color" mediaFillMode="fill" s=".roundrect">
    <transform>
      <location value="959.872314,434.854279,0.000000" />
      <scale value="9.600000,9.600000" />
      <opacity>
        <kf t="0.771870" v="1.000000" />
        <kf t="0.943396" v="0.000000" />
      </opacity>
    </transform>
    <fillColor value="#ffc6f680" />
    <effect id="com.alightcreative.effects.lift" locallyApplied="true">
      <property name="fill" type="float" value="0.000000" />
    </effect>
    <effect id="com.alightcreative.effects.tile" locallyApplied="true">
      <property name="scale" type="float">
        <kf t="-0.329331" v="1.000000" />
        <kf t="0.757290" v="0.990000" e="cubicBezier 0.0 0.95588243 0.03971631 1.0" />
        <kf t="0.000000" v="3.100000" />
      </property>
      <property name="phase" type="float" value="0.000000" />
      <property name="mirror" type="bool" value="false" />
      <property name="vertoffs" type="bool" value="false" />
      <property name="angle" type="float">
        <kf t="0.757290" v="0.000000" e="cubicBezier 0.0 0.8789916 0.02943264 1.0" />
        <kf t="-0.343053" v="0.000000" />
        <kf t="-0.100343" v="0.500000" />
        <kf t="-0.271869" v="0.500000" />
        <kf t="-0.186106" v="-0.500000" />
      </property>
    </effect>
    <effect id="com.alightcreative.effects.exposure" locallyApplied="true">
      <property name="exposure" type="float">
        <kf t="-0.343053" v="0.000000" />
        <kf t="0.713551" v="0.000000" e="bounce 0.19670664 0.74" />
        <kf t="0.013722" v="0.730000" />
      </property>
      <property name="gamma" type="float">
        <kf t="-0.156947" v="1.000000" />
      </property>
      <property name="offset" type="float" value="0.000000" />
    </effect>
    <effect id="com.alightcreative.effects.zoomblur3" locallyApplied="true">
      <property name="strength" type="float">
        <kf t="-0.100343" v="0.000000" />
        <kf t="0.356774" v="0.000000" e="cubicBezier 0.0 0.88 0.06 1.0" />
        <kf t="0.000000" v="1.000000" />
      </property>
      <property name="adaptive" type="bool" value="true" />
    </effect>
    <effect id="com.alightcreative.effects.zoomblur3" locallyApplied="true">
      <property name="strength" type="float">
        <kf t="-0.100343" v="0.000000" />
        <kf t="0.356774" v="0.000000" e="cubicBezier 0.0 0.87672263 0.06368795 1.0" />
        <kf t="0.000000" v="1.000000" />
        <kf t="0.100343" v="0.081170" />
      </property>
      <property name="adaptive" type="bool" value="true" />
    </effect>
    <effect id="com.alightcreative.effects.oscillate3" locallyApplied="true">
      <property name="direction" type="int" value="0" />
      <property name="angle" type="float" value="89.200005" />
      <property name="freq" type="float" value="2.890000" />
      <property name="mag" type="float">
        <kf t="0.771870" v="62.000000" />
        <kf t="0.000000" v="155.000000" />
      </property>
      <property name="type" type="int" value="0" />
      <property name="phase" type="float" value="0.280000" />
    </effect>
    <effect id="com.alightcreative.effects.oscillate3" locallyApplied="true">
      <property name="direction" type="int" value="0" />
      <property name="angle" type="float" value="89.200005" />
      <property name="freq" type="float" value="13.340000" />
      <property name="mag" type="float">
        <kf t="0.056604" v="62.000000" />
        <kf t="0.000000" v="811.000000" />
      </property>
      <property name="type" type="int" value="0" />
      <property name="phase" type="float" value="0.280000" />
    </effect>
    <property name="size" type="vec2" value="100.000000,100.000000" />
    <property name="cornerRadius" type="float" value="25.000000" />
  </shape>
</scene>