<?xml version='1.0' encoding='UTF-8' ?><!--
Created by Alight Motion (http://alightmotion.com)
Exported: 2025-07-17 08:10 PM
5.0.275 (1002592)
a34a6c0 (Oct 7, 2024 3:17:29 PM)
-->
<scene title="TOP 10 PUMP PC XML &#129397;" width="3199" height="1440" exportWidth="3199" exportHeight="1440" precompose="dynamicResolution" bgcolor="#ff000000" totalTime="19540" fps="48" modifiedTime="1752765026715" amver="1002592" ffver="106" am="com.alightcreative.motion/5.0.275" amplatform="android" templateLink="content://com.whatsapp.w4b.provider.media/item/fd5d3aad-331b-4177-aef5-1fe1adadd635" retime="freeze" retimeAdaptFPS="false">
  <bookmark t="1072" />
  <bookmark t="2364" />
  <bookmark t="3906" />
  <bookmark t="6989" />
  <bookmark t="8947" />
  <bookmark t="10822" />
  <bookmark t="14114" />
  <bookmark t="17489" />
  <bookmark t="19510" />
  <bookmark t="21781" />
  <bookmark t="15864" />
  <shape id="6370098" label="New Project [E19F03C].png" startTime="0" endTime="19540" fillType="media" fillImage="content://media/external/images/media/1000007675" mediaFillMode="fill" s=".rect">
    <transform>
      <location value="1599.500000,720.000000,0.000000" />
    </transform>
    <property name="size" type="vec2" value="1599.500000,720.000000" />
  </shape>
  <shape id="6370099" label="Rounded Rectangle 1" startTime="645" endTime="1944" fillType="color" mediaFillMode="stretch" s=".roundrect">
    <transform>
      <location value="1598.067871,639.736694,0.000000" />
      <scale value="1.350947,1.350947" />
    </transform>
    <fillColor value="#ff415bdb" />
    <effect id="com.alightcreative.effects.lift" locallyApplied="true">
      <property name="fill" type="float" value="0.000000" />
    </effect>
    <effect id="com.alightcreative.effects.tile" locallyApplied="true">
      <property name="angle" type="float">
        <kf t="-0.013087" v="0.000000" />
        <kf t="0.987683" v="0.000000" />
        <kf t="0.321016" v="0.000000" />
        <kf t="0.346420" v="7.500000" />
        <kf t="0.474981" v="-2.500000" />
        <kf t="0.602771" v="2.000000" />
        <kf t="0.705928" v="-2.500000" />
        <kf t="0.808314" v="2.000000" />
      </property>
      <property name="scale" type="float">
        <kf t="-0.013087" v="1.000000" />
        <kf t="0.321016" v="3.110000" e="cubicBezier 1.0 0.0 1.0 0.0" />
        <kf t="0.987683" v="1.000000" e="cubicBezier 0.0 0.6649267 0.0 1.0" />
      </property>
      <property name="phase" type="float" value="0.000000" />
      <property name="mirror" type="bool" value="false" />
      <property name="vertoffs" type="bool" value="false" />
    </effect>
    <effect id="com.alightcreative.effects.shake2" locallyApplied="true">
      <property name="angle" type="float" value="90.000000" />
      <property name="freq" type="float" value="4.740000" />
      <property name="mag" type="float">
        <kf t="-0.013087" v="0.000000" />
        <kf t="0.987683" v="0.000000" />
        <kf t="0.321016" v="472.000000" />
      </property>
      <property name="slack" type="float" value="0.000000" />
      <property name="evolution" type="float" value="0.000000" />
      <property name="seed" type="float" value="0.000000" />
      <property name="zshake" type="float" value="0.000000" />
    </effect>
    <effect id="com.alightcreative.effects.motionblur4" locallyApplied="true">
      <property name="tune" type="float">
        <kf t="-0.013087" v="0.000000" />
        <kf t="0.321016" v="1.000000" e="cubicBezier 0.0 0.0 1.0 0.0" />
        <kf t="0.987683" v="0.000000" e="cubicBezier 0.0 0.0 0.0 1.0" />
      </property>
      <property name="usePos" type="bool" value="true" />
      <property name="useScale" type="bool" value="true" />
      <property name="useAngle" type="bool" value="true" />
    </effect>
    <property name="size" type="vec2" value="1235.059204,1235.058960" />
    <property name="cornerRadius" type="float" value="25.000000" />
  </shape>
  <shape id="6370100" label="ALI OP &#128175;" startTime="708" endTime="1425" fillType="color" mediaFillMode="stretch" s=".roundrect">
    <transform>
      <location value="1630.382080,729.510986,0.000000" />
      <scale value="18.894999,8.925273" />
    </transform>
    <fillColor value="#ff82d246" />
    <effect id="com.alightcreative.effects.lift" locallyApplied="true">
      <property name="fill" type="float" value="0.000000" />
    </effect>
    <effect id="com.alightcreative.effects.exposure" locallyApplied="true">
      <property name="exposure" type="float">
        <kf t="-0.011158" v="0.000000" />
        <kf t="0.530420" v="2.000000" e="cubicBezier 0.75547266 0.0 1.0 0.0" />
        <kf t="1.011158" v="0.000000" e="cubicBezier 0.015920399 0.6639038 0.0 1.0" />
      </property>
      <property name="gamma" type="float" value="1.000000" />
      <property name="offset" type="float" value="0.000000" />
    </effect>
    <effect id="com.alightcreative.effects.jitter" locallyApplied="true">
      <property name="freq" type="float" value="29.500000" />
      <property name="mag" type="float" value="328.000000" />
      <property name="angle" type="float" value="45.000000" />
      <property name="seed" type="float" value="0.000000" />
      <property name="slack" type="float" value="0.000000" />
      <property name="zjitter" type="float" value="0.000000" />
    </effect>
    <effect id="com.alightcreative.effects.pinchbulge2" locallyApplied="true">
      <property name="centerPoint" type="vec2" value="-79.000000,-227.000000" />
      <property name="radius" type="float">
        <kf t="0.034868" v="2.500000" />
        <kf t="1.011158" v="2.500000" />
      </property>
      <property name="strength" type="float">
        <kf t="0.058577" v="0.000000" />
        <kf t="0.941423" v="0.000000" e="cubicBezier 0.0 0.7312834 0.0 1.0" />
        <kf t="0.523013" v="1.000000" e="cubicBezier 0.8589552 0.0 1.0 0.0" />
      </property>
    </effect>
    <effect id="com.alightcreative.effects.tile" locallyApplied="true">
      <property name="angle" type="float">
        <kf t="-0.278940" v="0.000000" />
        <kf t="0.500698" v="4.000000" e="cubicBezier 1.0 0.0 1.0 1.0" />
        <kf t="1.231520" v="0.000000" e="cubicBezier 0.0 0.0 0.0 1.0" />
      </property>
      <property name="mirror" type="bool" value="true" />
      <property name="scale" type="float">
        <kf t="0.058577" v="1.000000" />
        <kf t="0.499302" v="1.735000" e="cubicBezier 0.7664179 0.0 1.0 0.0" />
        <kf t="0.941423" v="1.000000" e="cubicBezier 0.0 0.763369 0.07338309 1.0" />
      </property>
      <property name="phase" type="float" value="0.000000" />
      <property name="vertoffs" type="bool" value="false" />
    </effect>
    <property name="size" type="vec2" value="100.000000,100.000000" />
    <property name="cornerRadius" type="float" value="25.000000" />
  </shape>
  <shape id="6370105" label="Rounded Rectangle 1" startTime="1937" endTime="3236" fillType="color" mediaFillMode="stretch" s=".roundrect">
    <transform>
      <location value="1598.067871,639.736694,0.000000" />
      <scale value="1.350947,1.350947" />
    </transform>
    <fillColor value="#ff415bdb" />
    <effect id="com.alightcreative.effects.lift" locallyApplied="true">
      <property name="fill" type="float" value="0.000000" />
    </effect>
    <effect id="com.alightcreative.effects.tile" locallyApplied="true">
      <property name="angle" type="float">
        <kf t="-0.013087" v="0.000000" />
        <kf t="0.987683" v="0.000000" />
        <kf t="0.321016" v="0.000000" />
        <kf t="0.346420" v="7.500000" />
        <kf t="0.474981" v="-2.500000" />
        <kf t="0.602771" v="2.000000" />
        <kf t="0.705928" v="-2.500000" />
        <kf t="0.808314" v="2.000000" />
      </property>
      <property name="scale" type="float">
        <kf t="-0.013087" v="1.000000" />
        <kf t="0.321016" v="3.110000" e="cubicBezier 1.0 0.0 1.0 0.0" />
        <kf t="0.987683" v="1.000000" e="cubicBezier 0.0 0.6649267 0.0 1.0" />
      </property>
      <property name="phase" type="float" value="0.000000" />
      <property name="mirror" type="bool" value="false" />
      <property name="vertoffs" type="bool" value="false" />
    </effect>
    <effect id="com.alightcreative.effects.shake2" locallyApplied="true">
      <property name="angle" type="float" value="90.000000" />
      <property name="freq" type="float" value="6.420000" />
      <property name="mag" type="float">
        <kf t="-0.013087" v="0.000000" />
        <kf t="0.987683" v="0.000000" />
        <kf t="0.321016" v="552.000000" />
      </property>
      <property name="slack" type="float" value="0.000000" />
      <property name="evolution" type="float" value="0.000000" />
      <property name="seed" type="float" value="0.000000" />
      <property name="zshake" type="float" value="0.000000" />
    </effect>
    <effect id="com.alightcreative.effects.motionblur4" locallyApplied="true">
      <property name="tune" type="float">
        <kf t="-0.013087" v="0.000000" />
        <kf t="0.321016" v="1.000000" e="cubicBezier 0.0 0.0 1.0 0.0" />
        <kf t="0.987683" v="0.000000" e="cubicBezier 0.0 0.0 0.0 1.0" />
      </property>
      <property name="usePos" type="bool" value="true" />
      <property name="useScale" type="bool" value="true" />
      <property name="useAngle" type="bool" value="true" />
    </effect>
    <property name="size" type="vec2" value="1235.059204,1235.058960" />
    <property name="cornerRadius" type="float" value="25.000000" />
  </shape>
  <shape id="6370106" label="Rounded Rectangle 1 Copy" startTime="1937" endTime="3236" fillType="color" mediaFillMode="stretch" s=".roundrect">
    <transform>
      <location value="1598.067871,639.736694,0.000000" />
      <scale value="1.350947,1.350947" />
    </transform>
    <fillColor value="#ff415bdb" />
    <effect id="com.alightcreative.effects.lift" locallyApplied="true">
      <property name="fill" type="float" value="0.000000" />
    </effect>
    <effect id="com.alightcreative.effects.tile" locallyApplied="true">
      <property name="angle" type="float">
        <kf t="-0.013087" v="0.000000" />
        <kf t="0.987683" v="0.000000" />
        <kf t="0.321016" v="0.000000" />
        <kf t="0.346420" v="7.500000" />
        <kf t="0.474981" v="-2.500000" />
        <kf t="0.602771" v="2.000000" />
        <kf t="0.705928" v="-2.500000" />
        <kf t="0.808314" v="2.000000" />
      </property>
      <property name="scale" type="float">
        <kf t="-0.013087" v="1.000000" />
        <kf t="0.321016" v="3.110000" e="cubicBezier 1.0 0.0 1.0 0.0" />
        <kf t="0.987683" v="1.000000" e="cubicBezier 0.0 0.6649267 0.0 1.0" />
      </property>
      <property name="phase" type="float" value="0.000000" />
      <property name="mirror" type="bool" value="false" />
      <property name="vertoffs" type="bool" value="false" />
    </effect>
    <effect id="com.alightcreative.effects.shake2" locallyApplied="true">
      <property name="angle" type="float" value="90.000000" />
      <property name="freq" type="float" value="6.420000" />
      <property name="mag" type="float">
        <kf t="-0.013087" v="0.000000" />
        <kf t="0.987683" v="0.000000" />
        <kf t="0.321016" v="552.000000" />
      </property>
      <property name="slack" type="float" value="0.000000" />
      <property name="evolution" type="float" value="0.000000" />
      <property name="seed" type="float" value="0.000000" />
      <property name="zshake" type="float" value="0.000000" />
    </effect>
    <effect id="com.alightcreative.effects.motionblur4" locallyApplied="true">
      <property name="tune" type="float">
        <kf t="-0.013087" v="0.000000" />
        <kf t="0.321016" v="1.000000" e="cubicBezier 0.0 0.0 1.0 0.0" />
        <kf t="0.987683" v="0.000000" e="cubicBezier 0.0 0.0 0.0 1.0" />
      </property>
      <property name="usePos" type="bool" value="true" />
      <property name="useScale" type="bool" value="true" />
      <property name="useAngle" type="bool" value="true" />
    </effect>
    <property name="size" type="vec2" value="1235.059204,1235.058960" />
    <property name="cornerRadius" type="float" value="25.000000" />
  </shape>
  <shape id="6370108" label="ALI OP &#128175;" startTime="1916" endTime="2379" fillType="color" speed="2.000000" mediaFillMode="stretch" s=".roundrect">
    <transform>
      <location value="1599.000000,645.966553,0.000000" />
      <scale value="1.211931,1.211931" />
    </transform>
    <fillColor value="#ffb0cbe3" />
    <effect id="com.alightcreative.effects.lift" locallyApplied="true">
      <property name="fill" type="float" value="0.000000" />
    </effect>
    <effect id="com.alightcreative.effects.tile" locallyApplied="true">
      <property name="mirror" type="bool" value="true" />
      <property name="scale" type="float">
        <kf t="0.004500" v="1.000000" />
        <kf t="1.005000" v="1.540000" />
      </property>
      <property name="phase" type="float" value="0.000000" />
      <property name="vertoffs" type="bool" value="false" />
      <property name="angle" type="float" value="0.000000" />
    </effect>
    <effect id="com.alightcreative.effects.pinchbulge2" locallyApplied="true">
      <property name="radius" type="float" value="2.115000" />
      <property name="strength" type="float">
        <kf t="0.003214" v="0.000000" />
        <kf t="1.002857" v="-1.000000" e="cubicBezier 0.6806723 0.0 1.0 0.3868421" />
      </property>
    </effect>
    <effect id="com.alightcreative.effects.motionblur4" locallyApplied="true">
      <property name="tune" type="float" value="0.500000" />
      <property name="usePos" type="bool" value="true" />
      <property name="useScale" type="bool" value="true" />
      <property name="useAngle" type="bool" value="true" />
    </effect>
    <property name="size" type="vec2" value="1342.898682,1342.898682" />
    <property name="cornerRadius" type="float" value="25.000000" />
  </shape>
  <shape id="6370110" label="Rounded Rectangle 1" startTime="3479" endTime="4778" fillType="color" mediaFillMode="stretch" s=".roundrect">
    <transform>
      <location value="1598.067871,639.736694,0.000000" />
      <scale value="1.350947,1.350947" />
    </transform>
    <fillColor value="#ff415bdb" />
    <effect id="com.alightcreative.effects.lift" locallyApplied="true">
      <property name="fill" type="float" value="0.000000" />
    </effect>
    <effect id="com.alightcreative.effects.tile" locallyApplied="true">
      <property name="angle" type="float">
        <kf t="-0.013087" v="0.000000" />
        <kf t="0.987683" v="0.000000" />
        <kf t="0.321016" v="0.000000" />
        <kf t="0.346420" v="7.500000" />
        <kf t="0.474981" v="-2.500000" />
        <kf t="0.602771" v="2.000000" />
        <kf t="0.705928" v="-2.500000" />
        <kf t="0.808314" v="2.000000" />
      </property>
      <property name="scale" type="float">
        <kf t="-0.013087" v="1.000000" />
        <kf t="0.321016" v="3.110000" e="cubicBezier 1.0 0.0 1.0 0.0" />
        <kf t="0.987683" v="1.000000" e="cubicBezier 0.0 0.6649267 0.0 1.0" />
      </property>
      <property name="phase" type="float" value="0.000000" />
      <property name="mirror" type="bool" value="false" />
      <property name="vertoffs" type="bool" value="false" />
    </effect>
    <effect id="com.alightcreative.effects.shake2" locallyApplied="true">
      <property name="angle" type="float" value="90.000000" />
      <property name="freq" type="float" value="6.420000" />
      <property name="mag" type="float">
        <kf t="-0.013087" v="0.000000" />
        <kf t="0.987683" v="0.000000" />
        <kf t="0.321016" v="552.000000" />
      </property>
      <property name="slack" type="float" value="0.000000" />
      <property name="evolution" type="float" value="0.000000" />
      <property name="seed" type="float" value="0.000000" />
      <property name="zshake" type="float" value="0.000000" />
    </effect>
    <effect id="com.alightcreative.effects.motionblur4" locallyApplied="true">
      <property name="tune" type="float">
        <kf t="-0.013087" v="0.000000" />
        <kf t="0.321016" v="1.000000" e="cubicBezier 0.0 0.0 1.0 0.0" />
        <kf t="0.987683" v="0.000000" e="cubicBezier 0.0 0.0 0.0 1.0" />
      </property>
      <property name="usePos" type="bool" value="true" />
      <property name="useScale" type="bool" value="true" />
      <property name="useAngle" type="bool" value="true" />
    </effect>
    <property name="size" type="vec2" value="1235.059204,1235.058960" />
    <property name="cornerRadius" type="float" value="25.000000" />
  </shape>
  <shape id="6370111" label="Rounded Rectangle 1 Copy" startTime="3479" endTime="4778" fillType="color" mediaFillMode="stretch" s=".roundrect">
    <transform>
      <location value="1598.067871,639.736694,0.000000" />
      <scale value="1.350947,1.350947" />
    </transform>
    <fillColor value="#ff415bdb" />
    <effect id="com.alightcreative.effects.lift" locallyApplied="true">
      <property name="fill" type="float" value="0.000000" />
    </effect>
    <effect id="com.alightcreative.effects.tile" locallyApplied="true">
      <property name="angle" type="float">
        <kf t="-0.013087" v="0.000000" />
        <kf t="0.987683" v="0.000000" />
        <kf t="0.321016" v="0.000000" />
        <kf t="0.346420" v="7.500000" />
        <kf t="0.474981" v="-2.500000" />
        <kf t="0.602771" v="2.000000" />
        <kf t="0.705928" v="-2.500000" />
        <kf t="0.808314" v="2.000000" />
      </property>
      <property name="scale" type="float">
        <kf t="-0.013087" v="1.000000" />
        <kf t="0.321016" v="3.110000" e="cubicBezier 1.0 0.0 1.0 0.0" />
        <kf t="0.987683" v="1.000000" e="cubicBezier 0.0 0.6649267 0.0 1.0" />
      </property>
      <property name="phase" type="float" value="0.000000" />
      <property name="mirror" type="bool" value="false" />
      <property name="vertoffs" type="bool" value="false" />
    </effect>
    <effect id="com.alightcreative.effects.shake2" locallyApplied="true">
      <property name="angle" type="float" value="90.000000" />
      <property name="freq" type="float" value="6.420000" />
      <property name="mag" type="float">
        <kf t="-0.013087" v="0.000000" />
        <kf t="0.987683" v="0.000000" />
        <kf t="0.321016" v="552.000000" />
      </property>
      <property name="slack" type="float" value="0.000000" />
      <property name="evolution" type="float" value="0.000000" />
      <property name="seed" type="float" value="0.000000" />
      <property name="zshake" type="float" value="0.000000" />
    </effect>
    <effect id="com.alightcreative.effects.motionblur4" locallyApplied="true">
      <property name="tune" type="float">
        <kf t="-0.013087" v="0.000000" />
        <kf t="0.321016" v="1.000000" e="cubicBezier 0.0 0.0 1.0 0.0" />
        <kf t="0.987683" v="0.000000" e="cubicBezier 0.0 0.0 0.0 1.0" />
      </property>
      <property name="usePos" type="bool" value="true" />
      <property name="useScale" type="bool" value="true" />
      <property name="useAngle" type="bool" value="true" />
    </effect>
    <property name="size" type="vec2" value="1235.059204,1235.058960" />
    <property name="cornerRadius" type="float" value="25.000000" />
  </shape>
  <shape id="6370112" label="ALI OP &#128175;" startTime="3458" endTime="3921" fillType="color" speed="2.000000" mediaFillMode="stretch" s=".roundrect">
    <transform>
      <location value="1599.000000,645.966553,0.000000" />
      <scale value="1.211931,1.211931" />
    </transform>
    <fillColor value="#ffb0cbe3" />
    <effect id="com.alightcreative.effects.lift" locallyApplied="true">
      <property name="fill" type="float" value="0.000000" />
    </effect>
    <effect id="com.alightcreative.effects.tile" locallyApplied="true">
      <property name="mirror" type="bool" value="true" />
      <property name="scale" type="float">
        <kf t="0.004500" v="1.000000" />
        <kf t="1.005000" v="1.540000" />
      </property>
      <property name="phase" type="float" value="0.000000" />
      <property name="vertoffs" type="bool" value="false" />
      <property name="angle" type="float" value="0.000000" />
    </effect>
    <effect id="com.alightcreative.effects.pinchbulge2" locallyApplied="true">
      <property name="radius" type="float" value="2.115000" />
      <property name="strength" type="float">
        <kf t="0.003214" v="0.000000" />
        <kf t="1.002857" v="-1.000000" e="cubicBezier 0.6806723 0.0 1.0 0.3868421" />
      </property>
    </effect>
    <effect id="com.alightcreative.effects.motionblur4" locallyApplied="true">
      <property name="tune" type="float" value="0.500000" />
      <property name="usePos" type="bool" value="true" />
      <property name="useScale" type="bool" value="true" />
      <property name="useAngle" type="bool" value="true" />
    </effect>
    <property name="size" type="vec2" value="1342.898682,1342.898682" />
    <property name="cornerRadius" type="float" value="25.000000" />
  </shape>
  <shape id="6370109" label="Rounded Rectangle 2" startTime="3895" endTime="6513" fillType="color" speed="0.400000" mediaFillMode="stretch" s=".roundrect">
    <transform>
      <location value="1578.100220,636.227905,0.000000" />
      <scale value="1.397332,1.397332" />
    </transform>
    <fillColor value="#ff50c9f9" />
    <effect id="com.alightcreative.effects.lift" locallyApplied="true">
      <property name="fill" type="float" value="0.000000" />
    </effect>
    <effect id="com.alightcreative.effects.tile" locallyApplied="true">
      <property name="mirror" type="bool" value="true" />
      <property name="scale" type="float" value="1.000000" />
      <property name="phase" type="float" value="0.000000" />
      <property name="vertoffs" type="bool" value="false" />
      <property name="angle" type="float" value="0.000000" />
    </effect>
    <effect id="com.alightcreative.effects.pinchbulge2" locallyApplied="true">
      <property name="radius" type="float" value="2.500000" />
      <property name="strength" type="float">
        <kf t="0.002857" v="1.000000" />
        <kf t="1.002857" v="0.000000" e="cubicBezier 0.13025211 0.7513158 0.13445379 0.76578945" />
      </property>
    </effect>
    <effect id="com.alightcreative.effects.oscillate3" locallyApplied="true">
      <property name="angle" type="float">
        <kf t="0.002857" v="-140.000000" />
        <kf t="0.445186" v="180.000000" e="cubicBezier 0.0 0.35657898 0.6386555 1.0" />
      </property>
      <property name="freq" type="float" value="2.180000" />
      <property name="mag" type="float">
        <kf t="0.002857" v="250.000000" />
        <kf t="0.445186" v="0.000000" e="cubicBezier 0.0 0.35657898 0.6386555 1.0" />
      </property>
      <property name="direction" type="int" value="0" />
      <property name="type" type="int" value="0" />
      <property name="phase" type="float" value="0.000000" />
    </effect>
    <effect id="com.alightcreative.effects.motionblur4" locallyApplied="true">
      <property name="tune" type="float" value="0.500000" />
      <property name="usePos" type="bool" value="true" />
      <property name="useScale" type="bool" value="true" />
      <property name="useAngle" type="bool" value="true" />
    </effect>
    <property name="size" type="vec2" value="1159.710327,1159.710083" />
    <property name="cornerRadius" type="float" value="25.000000" />
  </shape>
  <shape id="6370113" label="ALI OP &#128175;" startTime="6479" endTime="7545" fillType="color" mediaFillMode="stretch" s=".roundrect">
    <transform>
      <location value="1589.000000,717.500000,0.000000" />
      <scale value="10.232052,10.232052" />
    </transform>
    <fillColor value="#ffe892e5" />
    <effect id="com.alightcreative.effects.lift" locallyApplied="true">
      <property name="fill" type="float" value="0.000000" />
    </effect>
    <effect id="com.alightcreative.effects.pinchbulge2" locallyApplied="true">
      <property name="strength" type="float">
        <kf t="0.000000" v="0.000000" />
        <kf t="0.508929" v="0.500000" e="cubicBezier 1.0 0.0 1.0 1.0" />
        <kf t="1.000000" v="0.000000" e="cubicBezier 0.0 0.0 0.0 1.0" />
      </property>
      <property name="radius" type="float" value="2.500000" />
    </effect>
    <effect id="com.alightcreative.effects.tile" locallyApplied="true">
      <property name="scale" type="float" value="1.000000" />
      <property name="phase" type="float" value="0.000000" />
      <property name="mirror" type="bool" value="true" />
      <property name="vertoffs" type="bool" value="false" />
      <property name="angle" type="float">
        <kf t="0.000000" v="0.000000" />
        <kf t="1.000000" v="0.000000" e="cubicBezier 0.0 0.72 0.0 1.0" />
        <kf t="0.508929" v="6.500000" e="cubicBezier 1.0 0.0 1.0 0.28" />
      </property>
    </effect>
    <effect id="com.alightcreative.effects.oscillate3" locallyApplied="true">
      <property name="direction" type="int" value="0" />
      <property name="angle" type="float" value="0.000000" />
      <property name="freq" type="float">
        <kf t="0.000000" v="0.000000" />
        <kf t="1.000000" v="0.000000" />
        <kf t="0.508929" v="4.000000" />
      </property>
      <property name="mag" type="float" value="350.000000" />
      <property name="type" type="int" value="0" />
      <property name="phase" type="float" value="0.000000" />
    </effect>
    <effect id="com.alightcreative.effects.exposure" locallyApplied="true">
      <property name="exposure" type="float">
        <kf t="0.000000" v="0.000000" />
        <kf t="1.000000" v="0.000000" />
        <kf t="0.508929" v="0.300000" />
      </property>
      <property name="gamma" type="float" value="1.000000" />
      <property name="offset" type="float" value="0.000000" />
    </effect>
    <effect id="com.alightcreative.effects.zoomblur3" locallyApplied="true">
      <property name="strength" type="float">
        <kf t="0.000000" v="0.000000" />
        <kf t="0.508929" v="0.200000" e="cubicBezier 1.0 0.0 1.0 1.0" />
        <kf t="1.000000" v="0.000000" e="cubicBezier 0.0 0.0 0.0 1.0" />
      </property>
      <property name="adaptive" type="bool" value="true" />
    </effect>
    <effect id="com.alightcreative.effects.oscillate3" locallyApplied="true">
      <property name="direction" type="int" value="0" />
      <property name="angle" type="float" value="90.000000" />
      <property name="freq" type="float" value="4.000000" />
      <property name="mag" type="float">
        <kf t="0.483631" v="0.000000" />
        <kf t="1.004464" v="0.000000" />
        <kf t="0.508929" v="301.000000" />
      </property>
      <property name="type" type="int" value="0" />
      <property name="phase" type="float" value="0.000000" />
    </effect>
    <property name="size" type="vec2" value="475.466675,100.000000" />
    <property name="cornerRadius" type="float" value="25.000000" />
  </shape>
  <shape id="6370114" label="Rounded Rectangle 2" startTime="7000" endTime="8688" fillType="color" speed="0.750000" mediaFillMode="stretch" s=".roundrect">
    <transform>
      <location value="1529.380493,628.805542,0.000000" />
      <scale value="18.550001,18.550001" />
    </transform>
    <fillColor value="#ffb49544" />
    <effect id="com.alightcreative.effects.lift" locallyApplied="true">
      <property name="fill" type="float" value="0.000000" />
    </effect>
    <effect id="com.alightcreative.effects.exposure" locallyApplied="true">
      <property name="exposure" type="float" value="0.250000" />
      <property name="gamma" type="float" value="1.000000" />
      <property name="offset" type="float" value="0.000000" />
    </effect>
    <effect id="com.alightcreative.effects.blink2" locallyApplied="true">
      <property name="freq" type="float">
        <kf t="0.000000" v="16.000000" />
        <kf t="1.000000" v="0.100000" e="cubicBezier 1.0 0.0 1.0 1.0" />
      </property>
    </effect>
    <property name="size" type="vec2" value="100.000000,100.000000" />
    <property name="cornerRadius" type="float" value="25.000000" />
  </shape>
  <shape id="6370115" label="Rounded Rectangle 1 Copy" startTime="6208" endTime="8208" fillType="color" mediaFillMode="stretch" s=".roundrect">
    <transform>
      <location value="1572.000000,727.000000,0.000000" />
      <scale value="0.842901,0.842901" />
    </transform>
    <fillColor value="#ffb1743a" />
    <effect id="com.alightcreative.effects.lift" locallyApplied="true">
      <property name="fill" type="float" value="0.000000" />
    </effect>
    <effect id="com.alightcreative.effects.lift" locallyApplied="true">
      <property name="fill" type="float" value="0.000000" />
    </effect>
    <effect id="com.alightcreative.effects.lift" locallyApplied="true">
      <property name="fill" type="float" value="0.000000" />
    </effect>
    <effect id="com.alightcreative.effects.jitter" hidden="true" locallyApplied="true">
      <property name="angle" type="float" value="180.000000" />
      <property name="freq" type="float" value="60.000000" />
      <property name="mag" type="float">
        <kf t="0.370909" v="21.000000" />
        <kf t="0.461818" v="587.000000" />
        <kf t="0.920500" v="312.000000" e="cubicBezier 1.0 0.07058823 0.71807885 1.0" />
      </property>
      <property name="seed" type="float">
        <kf t="0.000000" v="10.000000" />
        <kf t="0.400909" v="0.000000" />
        <kf t="0.462500" v="6.600000" />
      </property>
      <property name="slack" type="float" value="0.940000" />
      <property name="zjitter" type="float" value="0.000000" />
    </effect>
    <effect id="com.alightcreative.effects.lift" locallyApplied="true">
      <property name="fill" type="float" value="0.000000" />
    </effect>
    <effect id="com.alightcreative.effects.pinchbulge2" locallyApplied="true">
      <property name="strength" type="float">
        <kf t="1.686771" v="0.000000" />
        <kf t="0.009177" v="0.000000" />
        <kf t="0.946335" v="0.000000" e="cubicBezier 0.0 0.0 0.070182025 1.0" />
        <kf t="0.415080" v="1.000000" e="cubicBezier 0.7177778 0.0 1.0 0.29705882" />
      </property>
      <property name="radius" type="float" value="2.500000" />
    </effect>
    <effect id="com.alightcreative.effects.jitter" locallyApplied="true">
      <property name="angle" type="float" value="180.000000" />
      <property name="freq" type="float" value="29.000000" />
      <property name="mag" type="float" value="214.000000" />
      <property name="seed" type="float" value="0.000000" />
      <property name="slack" type="float" value="0.000000" />
      <property name="zjitter" type="float" value="0.000000" />
    </effect>
    <effect id="com.alightcreative.effects.jitter" hidden="true" locallyApplied="true">
      <property name="angle" type="float" value="180.000000" />
      <property name="freq" type="float" value="40.000000" />
      <property name="mag" type="float" value="214.000000" />
      <property name="seed" type="float" value="0.000000" />
      <property name="slack" type="float" value="0.000000" />
      <property name="zjitter" type="float" value="0.000000" />
    </effect>
    <effect id="com.alightcreative.effects.zoomblur3" hidden="true" locallyApplied="true">
      <property name="strength" type="float">
        <kf t="0.000000" v="0.000000" />
        <kf t="1.000000" v="0.000000" e="cubicBezier 0.0 0.48235294 0.26 1.0" />
        <kf t="0.404000" v="0.830000" e="cubicBezier 0.7 0.0 1.0 0.30882353" />
      </property>
      <property name="adaptive" type="bool" value="true" />
    </effect>
    <effect id="com.alightcreative.effects.exposure" locallyApplied="true">
      <property name="exposure" type="float">
        <kf t="0.000000" v="0.000000" />
        <kf t="0.404000" v="0.410000" e="cubicBezier 0.63 0.0 1.0 0.26808724" />
        <kf t="1.000000" v="0.000000" e="cubicBezier 0.0 0.48657155 0.123333335 1.0" />
      </property>
      <property name="gamma" type="float" value="1.000000" />
      <property name="offset" type="float" value="0.000000" />
    </effect>
    <effect id="com.alightcreative.effects.motionblur4" locallyApplied="true">
      <property name="tune" type="float" value="0.000000" />
      <property name="usePos" type="bool" value="true" />
      <property name="useScale" type="bool" value="true" />
      <property name="useAngle" type="bool" value="true" />
    </effect>
    <property name="size" type="vec2" value="1992.524292,1164.481323" />
    <property name="cornerRadius" type="float" value="25.000000" />
  </shape>
  <shape id="6370117" label="ALI OP &#128175;" startTime="6437" endTime="7553" fillType="color" mediaFillMode="stretch" s=".rect">
    <transform>
      <location value="1612.500000,720.000000,0.000000" />
      <scale value="15.775001,8.873434" />
    </transform>
    <fillColor value="#ffab709b" />
    <effect id="com.alightcreative.effects.lift" locallyApplied="true">
      <property name="fill" type="float" value="0.000000" />
    </effect>
    <effect id="com.alightcreative.effects.tile" locallyApplied="false">
      <property name="mirror" type="bool" value="true" />
      <property name="scale" type="float" value="1.000000" />
      <property name="phase" type="float" value="0.000000" />
      <property name="vertoffs" type="bool" value="false" />
      <property name="angle" type="float" value="0.000000" />
    </effect>
    <effect id="com.alightcreative.effects.motionblur3" hidden="true" locallyApplied="false">
      <property name="tune" type="float" value="1.000000" />
      <property name="usePos" type="bool" value="true" />
      <property name="useScale" type="bool" value="true" />
      <property name="useAngle" type="bool" value="true" />
      <property name="color1" type="color" value="#ff050505" />
      <property name="color2" type="color" value="#ffdd5500" />
      <property name="progressa" type="float" value="1.000000" />
      <property name="scale" type="float" value="5.000000" />
      <property name="bright" type="float" value="1.500000" />
      <property name="alpha" type="float" value="1.000000" />
      <property name="angle" type="float" value="0.000000" />
      <property name="blendMode" type="int" value="0" />
    </effect>
    <effect id="com.alightcreative.effects.pinchbulgeinside" locallyApplied="true">
      <property name="feather" type="float" value="0.250000" />
      <property name="gaussian" type="bool" value="true" />
      <property name="radius" type="float" value="1.995000" />
      <property name="strength" type="float">
        <kf t="0.000000" v="0.000000" />
        <kf t="0.992832" v="0.000000" e="cubicBezier 0.0 0.0 0.36 0.87058824" />
        <kf t="0.500000" v="-0.210000" e="cubicBezier 0.09888893 0.0 1.0 1.0" />
      </property>
    </effect>
    <effect id="com.alightcreative.effects.circularripple" hidden="true" locallyApplied="true">
      <property name="frequency" type="float" value="1.000000" />
      <property name="strength" type="float">
        <kf t="0.007168" v="0.000000" e="cubicBezier 0.0 1.0 0.827795 1.0" />
        <kf t="0.663979" v="0.323000" e="cubicBezier 0.62222224 0.0 1.0 0.0" />
        <kf t="0.992832" v="0.000000" e="cubicBezier 0.0 1.0 0.0 1.0" />
      </property>
      <property name="phase" type="float" value="0.000000" />
      <property name="radius" type="float" value="0.800000" />
      <property name="feather" type="float" value="0.001000" />
      <property name="progressa" type="float" value="1.000000" />
      <property name="progressd" type="float" value="1.000000" />
      <property name="progressf" type="float" value="0.000000" />
      <property name="progressb" type="float" value="15.000000" />
      <property name="bright" type="float" value="1.000000" />
      <property name="alpha" type="float" value="1.000000" />
      <property name="angle" type="float" value="0.000000" />
      <property name="color1" type="color" value="#ff661933" />
      <property name="color2" type="color" value="#ff330066" />
      <property name="color3" type="color" value="#ff4c194c" />
      <property name="color4" type="color" value="#ff196680" />
      <property name="blendMode" type="int" value="0" />
    </effect>
    <property name="size" type="vec2" value="100.000000,100.000000" />
  </shape>
  <shape id="6370118" label="Rounded Rectangle 3" startTime="8437" endTime="9503" fillType="color" mediaFillMode="stretch" s=".roundrect">
    <transform>
      <location value="1589.000000,717.500000,0.000000" />
      <scale value="10.232052,10.232052" />
    </transform>
    <fillColor value="#ffe892e5" />
    <effect id="com.alightcreative.effects.lift" locallyApplied="true">
      <property name="fill" type="float" value="0.000000" />
    </effect>
    <effect id="com.alightcreative.effects.pinchbulge2" locallyApplied="true">
      <property name="strength" type="float">
        <kf t="0.000000" v="0.000000" />
        <kf t="0.508929" v="0.500000" e="cubicBezier 1.0 0.0 1.0 1.0" />
        <kf t="1.000000" v="0.000000" e="cubicBezier 0.0 0.0 0.0 1.0" />
      </property>
      <property name="radius" type="float" value="2.500000" />
    </effect>
    <effect id="com.alightcreative.effects.tile" locallyApplied="true">
      <property name="scale" type="float" value="1.000000" />
      <property name="phase" type="float" value="0.000000" />
      <property name="mirror" type="bool" value="true" />
      <property name="vertoffs" type="bool" value="false" />
      <property name="angle" type="float">
        <kf t="0.000000" v="0.000000" />
        <kf t="1.000000" v="0.000000" e="cubicBezier 0.0 0.72 0.0 1.0" />
        <kf t="0.508929" v="6.500000" e="cubicBezier 1.0 0.0 1.0 0.28" />
      </property>
    </effect>
    <effect id="com.alightcreative.effects.oscillate3" locallyApplied="true">
      <property name="direction" type="int" value="0" />
      <property name="angle" type="float" value="0.000000" />
      <property name="freq" type="float">
        <kf t="0.000000" v="0.000000" />
        <kf t="1.000000" v="0.000000" />
        <kf t="0.508929" v="4.000000" />
      </property>
      <property name="mag" type="float" value="350.000000" />
      <property name="type" type="int" value="0" />
      <property name="phase" type="float" value="0.000000" />
    </effect>
    <effect id="com.alightcreative.effects.exposure" locallyApplied="true">
      <property name="exposure" type="float">
        <kf t="0.000000" v="0.000000" />
        <kf t="1.000000" v="0.000000" />
        <kf t="0.508929" v="0.300000" />
      </property>
      <property name="gamma" type="float" value="1.000000" />
      <property name="offset" type="float" value="0.000000" />
    </effect>
    <effect id="com.alightcreative.effects.zoomblur3" locallyApplied="true">
      <property name="strength" type="float">
        <kf t="0.000000" v="0.000000" />
        <kf t="0.508929" v="0.200000" e="cubicBezier 1.0 0.0 1.0 1.0" />
        <kf t="1.000000" v="0.000000" e="cubicBezier 0.0 0.0 0.0 1.0" />
      </property>
      <property name="adaptive" type="bool" value="true" />
    </effect>
    <effect id="com.alightcreative.effects.oscillate3" locallyApplied="true">
      <property name="direction" type="int" value="0" />
      <property name="angle" type="float" value="90.000000" />
      <property name="freq" type="float" value="4.000000" />
      <property name="mag" type="float">
        <kf t="0.483631" v="0.000000" />
        <kf t="1.004464" v="0.000000" />
        <kf t="0.508929" v="301.000000" />
      </property>
      <property name="type" type="int" value="0" />
      <property name="phase" type="float" value="0.000000" />
    </effect>
    <property name="size" type="vec2" value="475.466675,100.000000" />
    <property name="cornerRadius" type="float" value="25.000000" />
  </shape>
  <shape id="6370119" label="Rounded Rectangle 2" startTime="8958" endTime="10646" fillType="color" speed="0.750000" mediaFillMode="stretch" s=".roundrect">
    <transform>
      <location value="1529.380493,628.805542,0.000000" />
      <scale value="18.550001,18.550001" />
    </transform>
    <fillColor value="#ffb49544" />
    <effect id="com.alightcreative.effects.lift" locallyApplied="true">
      <property name="fill" type="float" value="0.000000" />
    </effect>
    <effect id="com.alightcreative.effects.exposure" locallyApplied="true">
      <property name="exposure" type="float" value="0.250000" />
      <property name="gamma" type="float" value="1.000000" />
      <property name="offset" type="float" value="0.000000" />
    </effect>
    <effect id="com.alightcreative.effects.blink2" locallyApplied="true">
      <property name="freq" type="float">
        <kf t="0.000000" v="16.000000" />
        <kf t="1.000000" v="0.100000" e="cubicBezier 1.0 0.0 1.0 1.0" />
      </property>
    </effect>
    <property name="size" type="vec2" value="100.000000,100.000000" />
    <property name="cornerRadius" type="float" value="25.000000" />
  </shape>
  <shape id="6370120" label="Rounded Rectangle 1 Copy" startTime="8145" endTime="10145" fillType="color" mediaFillMode="stretch" s=".roundrect">
    <transform>
      <location value="1572.000000,727.000000,0.000000" />
      <scale value="0.842901,0.842901" />
    </transform>
    <fillColor value="#ffb1743a" />
    <effect id="com.alightcreative.effects.lift" locallyApplied="true">
      <property name="fill" type="float" value="0.000000" />
    </effect>
    <effect id="com.alightcreative.effects.lift" locallyApplied="true">
      <property name="fill" type="float" value="0.000000" />
    </effect>
    <effect id="com.alightcreative.effects.lift" locallyApplied="true">
      <property name="fill" type="float" value="0.000000" />
    </effect>
    <effect id="com.alightcreative.effects.jitter" hidden="true" locallyApplied="true">
      <property name="angle" type="float" value="180.000000" />
      <property name="freq" type="float" value="60.000000" />
      <property name="mag" type="float">
        <kf t="0.370909" v="21.000000" />
        <kf t="0.461818" v="587.000000" />
        <kf t="0.920500" v="312.000000" e="cubicBezier 1.0 0.07058823 0.71807885 1.0" />
      </property>
      <property name="seed" type="float">
        <kf t="0.000000" v="10.000000" />
        <kf t="0.400909" v="0.000000" />
        <kf t="0.462500" v="6.600000" />
      </property>
      <property name="slack" type="float" value="0.940000" />
      <property name="zjitter" type="float" value="0.000000" />
    </effect>
    <effect id="com.alightcreative.effects.lift" locallyApplied="true">
      <property name="fill" type="float" value="0.000000" />
    </effect>
    <effect id="com.alightcreative.effects.pinchbulge2" locallyApplied="true">
      <property name="strength" type="float">
        <kf t="1.686771" v="0.000000" />
        <kf t="0.009177" v="0.000000" />
        <kf t="0.946335" v="0.000000" e="cubicBezier 0.0 0.0 0.070182025 1.0" />
        <kf t="0.415080" v="1.000000" e="cubicBezier 0.7177778 0.0 1.0 0.29705882" />
      </property>
      <property name="radius" type="float" value="2.500000" />
    </effect>
    <effect id="com.alightcreative.effects.jitter" locallyApplied="true">
      <property name="angle" type="float" value="180.000000" />
      <property name="freq" type="float" value="29.000000" />
      <property name="mag" type="float" value="214.000000" />
      <property name="seed" type="float" value="0.000000" />
      <property name="slack" type="float" value="0.000000" />
      <property name="zjitter" type="float" value="0.000000" />
    </effect>
    <effect id="com.alightcreative.effects.jitter" hidden="true" locallyApplied="true">
      <property name="angle" type="float" value="180.000000" />
      <property name="freq" type="float" value="40.000000" />
      <property name="mag" type="float" value="214.000000" />
      <property name="seed" type="float" value="0.000000" />
      <property name="slack" type="float" value="0.000000" />
      <property name="zjitter" type="float" value="0.000000" />
    </effect>
    <effect id="com.alightcreative.effects.zoomblur3" locallyApplied="true">
      <property name="strength" type="float">
        <kf t="0.000000" v="0.000000" />
        <kf t="1.000000" v="0.000000" e="cubicBezier 0.0 0.48235294 0.26 1.0" />
        <kf t="0.404000" v="0.830000" e="cubicBezier 0.7 0.0 1.0 0.30882353" />
      </property>
      <property name="adaptive" type="bool" value="true" />
    </effect>
    <effect id="com.alightcreative.effects.exposure" locallyApplied="true">
      <property name="exposure" type="float">
        <kf t="0.000000" v="0.000000" />
        <kf t="0.404000" v="0.410000" e="cubicBezier 0.63 0.0 1.0 0.26808724" />
        <kf t="1.000000" v="0.000000" e="cubicBezier 0.0 0.48657155 0.123333335 1.0" />
      </property>
      <property name="gamma" type="float" value="1.000000" />
      <property name="offset" type="float" value="0.000000" />
    </effect>
    <effect id="com.alightcreative.effects.motionblur4" locallyApplied="true">
      <property name="tune" type="float" value="0.000000" />
      <property name="usePos" type="bool" value="true" />
      <property name="useScale" type="bool" value="true" />
      <property name="useAngle" type="bool" value="true" />
    </effect>
    <property name="size" type="vec2" value="1992.524292,1164.481323" />
    <property name="cornerRadius" type="float" value="25.000000" />
  </shape>
  <shape id="6370121" label="normal mix Copy" startTime="8395" endTime="9511" fillType="color" mediaFillMode="stretch" s=".rect">
    <transform>
      <location value="1612.500000,720.000000,0.000000" />
      <scale value="15.775001,8.873434" />
    </transform>
    <fillColor value="#ffab709b" />
    <effect id="com.alightcreative.effects.lift" locallyApplied="true">
      <property name="fill" type="float" value="0.000000" />
    </effect>
    <effect id="com.alightcreative.effects.tile" locallyApplied="false">
      <property name="mirror" type="bool" value="true" />
      <property name="scale" type="float" value="1.000000" />
      <property name="phase" type="float" value="0.000000" />
      <property name="vertoffs" type="bool" value="false" />
      <property name="angle" type="float" value="0.000000" />
    </effect>
    <effect id="com.alightcreative.effects.motionblur3" hidden="true" locallyApplied="false">
      <property name="tune" type="float" value="1.000000" />
      <property name="usePos" type="bool" value="true" />
      <property name="useScale" type="bool" value="true" />
      <property name="useAngle" type="bool" value="true" />
      <property name="color1" type="color" value="#ff050505" />
      <property name="color2" type="color" value="#ffdd5500" />
      <property name="progressa" type="float" value="1.000000" />
      <property name="scale" type="float" value="5.000000" />
      <property name="bright" type="float" value="1.500000" />
      <property name="alpha" type="float" value="1.000000" />
      <property name="angle" type="float" value="0.000000" />
      <property name="blendMode" type="int" value="0" />
    </effect>
    <effect id="com.alightcreative.effects.pinchbulgeinside" locallyApplied="true">
      <property name="feather" type="float" value="0.250000" />
      <property name="gaussian" type="bool" value="true" />
      <property name="radius" type="float" value="1.995000" />
      <property name="strength" type="float">
        <kf t="0.000000" v="0.000000" />
        <kf t="0.992832" v="0.000000" e="cubicBezier 0.0 0.0 0.36 0.87058824" />
        <kf t="0.500000" v="-0.210000" e="cubicBezier 0.09888893 0.0 1.0 1.0" />
      </property>
    </effect>
    <effect id="com.alightcreative.effects.circularripple" hidden="true" locallyApplied="true">
      <property name="frequency" type="float" value="1.000000" />
      <property name="strength" type="float">
        <kf t="0.007168" v="0.000000" e="cubicBezier 0.0 1.0 0.827795 1.0" />
        <kf t="0.663979" v="0.323000" e="cubicBezier 0.62222224 0.0 1.0 0.0" />
        <kf t="0.992832" v="0.000000" e="cubicBezier 0.0 1.0 0.0 1.0" />
      </property>
      <property name="phase" type="float" value="0.000000" />
      <property name="radius" type="float" value="0.800000" />
      <property name="feather" type="float" value="0.001000" />
      <property name="progressa" type="float" value="1.000000" />
      <property name="progressd" type="float" value="1.000000" />
      <property name="progressf" type="float" value="0.000000" />
      <property name="progressb" type="float" value="15.000000" />
      <property name="bright" type="float" value="1.000000" />
      <property name="alpha" type="float" value="1.000000" />
      <property name="angle" type="float" value="0.000000" />
      <property name="color1" type="color" value="#ff661933" />
      <property name="color2" type="color" value="#ff330066" />
      <property name="color3" type="color" value="#ff4c194c" />
      <property name="color4" type="color" value="#ff196680" />
      <property name="blendMode" type="int" value="0" />
    </effect>
    <property name="size" type="vec2" value="100.000000,100.000000" />
  </shape>
  <shape id="6370122" label="normal mix Copy 2" startTime="8395" endTime="9511" fillType="color" mediaFillMode="stretch" s=".rect">
    <transform>
      <location value="1612.500000,720.000000,0.000000" />
      <scale value="15.775001,8.873434" />
    </transform>
    <fillColor value="#ffab709b" />
    <effect id="com.alightcreative.effects.lift" locallyApplied="true">
      <property name="fill" type="float" value="0.000000" />
    </effect>
    <effect id="com.alightcreative.effects.tile" locallyApplied="false">
      <property name="mirror" type="bool" value="true" />
      <property name="scale" type="float" value="1.000000" />
      <property name="phase" type="float" value="0.000000" />
      <property name="vertoffs" type="bool" value="false" />
      <property name="angle" type="float" value="0.000000" />
    </effect>
    <effect id="com.alightcreative.effects.motionblur3" hidden="true" locallyApplied="false">
      <property name="tune" type="float" value="1.000000" />
      <property name="usePos" type="bool" value="true" />
      <property name="useScale" type="bool" value="true" />
      <property name="useAngle" type="bool" value="true" />
      <property name="color1" type="color" value="#ff050505" />
      <property name="color2" type="color" value="#ffdd5500" />
      <property name="progressa" type="float" value="1.000000" />
      <property name="scale" type="float" value="5.000000" />
      <property name="bright" type="float" value="1.500000" />
      <property name="alpha" type="float" value="1.000000" />
      <property name="angle" type="float" value="0.000000" />
      <property name="blendMode" type="int" value="0" />
    </effect>
    <effect id="com.alightcreative.effects.pinchbulgeinside" locallyApplied="true">
      <property name="feather" type="float" value="0.250000" />
      <property name="gaussian" type="bool" value="true" />
      <property name="radius" type="float" value="1.995000" />
      <property name="strength" type="float">
        <kf t="0.000000" v="0.000000" />
        <kf t="0.992832" v="0.000000" e="cubicBezier 0.0 0.0 0.36 0.87058824" />
        <kf t="0.500000" v="-0.210000" e="cubicBezier 0.09888893 0.0 1.0 1.0" />
      </property>
    </effect>
    <effect id="com.alightcreative.effects.circularripple" hidden="true" locallyApplied="true">
      <property name="frequency" type="float" value="1.000000" />
      <property name="strength" type="float">
        <kf t="0.007168" v="0.000000" e="cubicBezier 0.0 1.0 0.827795 1.0" />
        <kf t="0.663979" v="0.323000" e="cubicBezier 0.62222224 0.0 1.0 0.0" />
        <kf t="0.992832" v="0.000000" e="cubicBezier 0.0 1.0 0.0 1.0" />
      </property>
      <property name="phase" type="float" value="0.000000" />
      <property name="radius" type="float" value="0.800000" />
      <property name="feather" type="float" value="0.001000" />
      <property name="progressa" type="float" value="1.000000" />
      <property name="progressd" type="float" value="1.000000" />
      <property name="progressf" type="float" value="0.000000" />
      <property name="progressb" type="float" value="15.000000" />
      <property name="bright" type="float" value="1.000000" />
      <property name="alpha" type="float" value="1.000000" />
      <property name="angle" type="float" value="0.000000" />
      <property name="color1" type="color" value="#ff661933" />
      <property name="color2" type="color" value="#ff330066" />
      <property name="color3" type="color" value="#ff4c194c" />
      <property name="color4" type="color" value="#ff196680" />
      <property name="blendMode" type="int" value="0" />
    </effect>
    <property name="size" type="vec2" value="100.000000,100.000000" />
  </shape>
  <shape id="6370123" label="Rounded Rectangle 1" startTime="10375" endTime="10838" fillType="color" speed="2.000000" mediaFillMode="stretch" s=".roundrect">
    <transform>
      <location value="1599.000000,645.966553,0.000000" />
      <scale value="1.211931,1.211931" />
    </transform>
    <fillColor value="#ffb0cbe3" />
    <effect id="com.alightcreative.effects.lift" locallyApplied="true">
      <property name="fill" type="float" value="0.000000" />
    </effect>
    <effect id="com.alightcreative.effects.tile" locallyApplied="true">
      <property name="mirror" type="bool" value="true" />
      <property name="scale" type="float">
        <kf t="0.004500" v="1.000000" />
        <kf t="1.005000" v="1.540000" />
      </property>
      <property name="phase" type="float" value="0.000000" />
      <property name="vertoffs" type="bool" value="false" />
      <property name="angle" type="float" value="0.000000" />
    </effect>
    <effect id="com.alightcreative.effects.pinchbulge2" locallyApplied="true">
      <property name="radius" type="float" value="2.115000" />
      <property name="strength" type="float">
        <kf t="0.003214" v="0.000000" />
        <kf t="1.002857" v="-1.000000" e="cubicBezier 0.6806723 0.0 1.0 0.3868421" />
      </property>
    </effect>
    <effect id="com.alightcreative.effects.motionblur4" locallyApplied="true">
      <property name="tune" type="float" value="0.500000" />
      <property name="usePos" type="bool" value="true" />
      <property name="useScale" type="bool" value="true" />
      <property name="useAngle" type="bool" value="true" />
    </effect>
    <property name="size" type="vec2" value="1342.898682,1342.898682" />
    <property name="cornerRadius" type="float" value="25.000000" />
  </shape>
  <shape id="6370124" label="Rounded Rectangle 2" startTime="10812" endTime="13430" fillType="color" speed="0.400000" mediaFillMode="stretch" s=".roundrect">
    <transform>
      <location value="1578.100220,636.227905,0.000000" />
      <scale value="1.397332,1.397332" />
    </transform>
    <fillColor value="#ff50c9f9" />
    <effect id="com.alightcreative.effects.lift" locallyApplied="true">
      <property name="fill" type="float" value="0.000000" />
    </effect>
    <effect id="com.alightcreative.effects.tile" locallyApplied="true">
      <property name="mirror" type="bool" value="true" />
      <property name="scale" type="float" value="1.000000" />
      <property name="phase" type="float" value="0.000000" />
      <property name="vertoffs" type="bool" value="false" />
      <property name="angle" type="float" value="0.000000" />
    </effect>
    <effect id="com.alightcreative.effects.pinchbulge2" locallyApplied="true">
      <property name="radius" type="float" value="2.500000" />
      <property name="strength" type="float">
        <kf t="0.002857" v="1.000000" />
        <kf t="1.002857" v="0.000000" e="cubicBezier 0.13025211 0.7513158 0.13445379 0.76578945" />
      </property>
    </effect>
    <effect id="com.alightcreative.effects.oscillate3" locallyApplied="true">
      <property name="angle" type="float">
        <kf t="0.002857" v="-140.000000" />
        <kf t="0.445186" v="180.000000" e="cubicBezier 0.0 0.35657898 0.6386555 1.0" />
      </property>
      <property name="freq" type="float" value="2.180000" />
      <property name="mag" type="float">
        <kf t="0.002857" v="250.000000" />
        <kf t="0.445186" v="0.000000" e="cubicBezier 0.0 0.35657898 0.6386555 1.0" />
      </property>
      <property name="direction" type="int" value="0" />
      <property name="type" type="int" value="0" />
      <property name="phase" type="float" value="0.000000" />
    </effect>
    <effect id="com.alightcreative.effects.motionblur4" locallyApplied="true">
      <property name="tune" type="float" value="0.500000" />
      <property name="usePos" type="bool" value="true" />
      <property name="useScale" type="bool" value="true" />
      <property name="useAngle" type="bool" value="true" />
    </effect>
    <property name="size" type="vec2" value="1159.710327,1159.710083" />
    <property name="cornerRadius" type="float" value="25.000000" />
  </shape>
  <shape id="6370125" label="Rounded Rectangle 1" startTime="10812" endTime="12679" fillType="color" speed="0.500000" mediaFillMode="stretch" s=".roundrect">
    <transform>
      <location value="1625.250000,653.642212,0.000000" />
      <scale>
        <kf t="0.003214" v="0.150000,0.150000" />
        <kf t="1.002857" v="16.925001,16.925001" />
      </scale>
    </transform>
    <fillColor value="#ffe76788" />
    <effect id="com.alightcreative.effects.tile" locallyApplied="true">
      <property name="mirror" type="bool" value="true" />
      <property name="scale" type="float" value="1.000000" />
      <property name="phase" type="float" value="0.000000" />
      <property name="vertoffs" type="bool" value="false" />
      <property name="angle" type="float" value="0.000000" />
    </effect>
    <effect id="com.alightcreative.effects.lift" locallyApplied="true">
      <property name="fill" type="float" value="0.000000" />
    </effect>
    <effect id="com.alightcreative.effects.fractalwarp4" locallyApplied="true">
      <property name="mag" type="float">
        <kf t="1.002857" v="0.000000" e="cubicBezier 0.0 0.7776316 0.11361343 1.0" />
        <kf t="0.003214" v="0.605000" />
      </property>
      <property name="scale" type="float" value="4.000000" />
      <property name="intensity" type="float" value="0.500000" />
      <property name="screenSpace" type="bool" value="false" />
      <property name="octaves" type="float" value="6.000000" />
    </effect>
    <property name="size" type="vec2" value="100.000000,100.000000" />
    <property name="cornerRadius" type="float" value="25.000000" />
  </shape>
  <shape id="6370126" label="Rounded Rectangle 3" startTime="10291" endTime="11357" fillType="color" mediaFillMode="stretch" s=".roundrect">
    <transform>
      <location value="1589.000000,717.500000,0.000000" />
      <scale value="10.232052,10.232052" />
    </transform>
    <fillColor value="#ffe892e5" />
    <effect id="com.alightcreative.effects.lift" locallyApplied="true">
      <property name="fill" type="float" value="0.000000" />
    </effect>
    <effect id="com.alightcreative.effects.pinchbulge2" locallyApplied="true">
      <property name="strength" type="float">
        <kf t="0.000000" v="0.000000" />
        <kf t="0.508929" v="0.500000" e="cubicBezier 1.0 0.0 1.0 1.0" />
        <kf t="1.000000" v="0.000000" e="cubicBezier 0.0 0.0 0.0 1.0" />
      </property>
      <property name="radius" type="float" value="2.500000" />
    </effect>
    <effect id="com.alightcreative.effects.tile" locallyApplied="true">
      <property name="scale" type="float" value="1.000000" />
      <property name="phase" type="float" value="0.000000" />
      <property name="mirror" type="bool" value="true" />
      <property name="vertoffs" type="bool" value="false" />
      <property name="angle" type="float">
        <kf t="0.000000" v="0.000000" />
        <kf t="1.000000" v="0.000000" e="cubicBezier 0.0 0.72 0.0 1.0" />
        <kf t="0.508929" v="6.500000" e="cubicBezier 1.0 0.0 1.0 0.28" />
      </property>
    </effect>
    <effect id="com.alightcreative.effects.oscillate3" locallyApplied="true">
      <property name="direction" type="int" value="0" />
      <property name="angle" type="float" value="0.000000" />
      <property name="freq" type="float">
        <kf t="0.000000" v="0.000000" />
        <kf t="1.000000" v="0.000000" />
        <kf t="0.508929" v="4.000000" />
      </property>
      <property name="mag" type="float" value="350.000000" />
      <property name="type" type="int" value="0" />
      <property name="phase" type="float" value="0.000000" />
    </effect>
    <effect id="com.alightcreative.effects.exposure" locallyApplied="true">
      <property name="exposure" type="float">
        <kf t="0.000000" v="0.000000" />
        <kf t="1.000000" v="0.000000" />
        <kf t="0.508929" v="0.300000" />
      </property>
      <property name="gamma" type="float" value="1.000000" />
      <property name="offset" type="float" value="0.000000" />
    </effect>
    <effect id="com.alightcreative.effects.zoomblur3" locallyApplied="true">
      <property name="strength" type="float">
        <kf t="0.000000" v="0.000000" />
        <kf t="0.508929" v="0.200000" e="cubicBezier 1.0 0.0 1.0 1.0" />
        <kf t="1.000000" v="0.000000" e="cubicBezier 0.0 0.0 0.0 1.0" />
      </property>
      <property name="adaptive" type="bool" value="true" />
    </effect>
    <effect id="com.alightcreative.effects.oscillate3" locallyApplied="true">
      <property name="direction" type="int" value="0" />
      <property name="angle" type="float" value="90.000000" />
      <property name="freq" type="float" value="4.000000" />
      <property name="mag" type="float">
        <kf t="0.483631" v="0.000000" />
        <kf t="1.004464" v="0.000000" />
        <kf t="0.508929" v="301.000000" />
      </property>
      <property name="type" type="int" value="0" />
      <property name="phase" type="float" value="0.000000" />
    </effect>
    <property name="size" type="vec2" value="475.466675,100.000000" />
    <property name="cornerRadius" type="float" value="25.000000" />
  </shape>
  <audio id="6370127" label="Tu_hai_kahan_&#128156;&#128171;.__SLOWED_REVERSE____USE_HEADPHONES_&#127911;_FOR_BEST_EXPERIENCE&#128154;__#lofi#music(256k).mp3" startTime="0" endTime="19519" src="content://media/external/audio/media/1000002143" inTime="13125" outTime="32644" mediaFillMode="fill" />
  <shape id="6370128" label="Rounded Rectangle 1" startTime="13520" endTime="14920" fillType="color" mediaFillMode="stretch" s=".roundrect">
    <transform>
      <location value="1558.331543,611.089111,0.000000" />
      <scale value="1.965457,1.965457" />
    </transform>
    <fillColor value="#ff7dd8b3" />
    <effect id="com.alightcreative.effects.lift" locallyApplied="true">
      <property name="fill" type="float" value="0.000000" />
    </effect>
    <effect id="com.alightcreative.effects.tile" locallyApplied="true">
      <property name="scale" type="float" value="1.000000" />
      <property name="phase" type="float" value="0.000000" />
      <property name="mirror" type="bool" value="true" />
      <property name="vertoffs" type="bool" value="false" />
      <property name="angle" type="float" value="0.000000" />
    </effect>
    <effect id="com.alightcreative.effects.tile" locallyApplied="true">
      <property name="scale" type="float">
        <kf t="-0.005714" v="1.000000" />
        <kf t="0.422857" v="1.610000" e="cubicBezier 0.0 0.0 1.0 0.0" />
        <kf t="0.994286" v="1.000000" e="cubicBezier 0.0 1.0 0.0 1.0" />
      </property>
      <property name="phase" type="float" value="0.000000" />
      <property name="mirror" type="bool" value="true" />
      <property name="vertoffs" type="bool" value="false" />
      <property name="angle" type="float">
        <kf t="-0.005714" v="0.000000" />
        <kf t="0.994286" v="0.000000" e="cubicBezier 0.0 1.0 0.0 1.0" />
        <kf t="0.422857" v="-22.000000" e="cubicBezier 0.0 0.0 1.0 0.0" />
      </property>
    </effect>
    <effect id="com.alightcreative.effects.pinchbulge2" locallyApplied="true">
      <property name="strength" type="float">
        <kf t="-0.005714" v="0.000000" />
        <kf t="0.994286" v="0.000000" e="cubicBezier 0.0 1.0 0.0 1.0" />
        <kf t="0.422857" v="-0.630000" e="cubicBezier 0.0 0.0 1.0 0.0" />
      </property>
      <property name="radius" type="float" value="1.150000" />
    </effect>
    <property name="size" type="vec2" value="855.271667,855.271545" />
    <property name="cornerRadius" type="float" value="25.000000" />
  </shape>
  <shape id="6370129" label="Rounded Rectangle 1 Copy 2" startTime="13520" endTime="14920" fillType="color" mediaFillMode="stretch" s=".roundrect">
    <transform>
      <location value="1592.394897,779.924927,0.000000" />
      <scale value="1.899981,1.899981" />
    </transform>
    <fillColor value="#ff7dd8b3" />
    <effect id="com.alightcreative.effects.lift" locallyApplied="true">
      <property name="fill" type="float" value="0.000000" />
    </effect>
    <effect id="com.alightcreative.effects.tile" locallyApplied="true">
      <property name="scale" type="float" value="1.000000" />
      <property name="phase" type="float" value="0.000000" />
      <property name="mirror" type="bool" value="true" />
      <property name="vertoffs" type="bool" value="false" />
      <property name="angle" type="float" value="0.000000" />
    </effect>
    <effect id="com.alightcreative.effects.tile" locallyApplied="true">
      <property name="scale" type="float">
        <kf t="-0.005714" v="1.000000" />
        <kf t="0.422857" v="1.610000" e="cubicBezier 0.0 0.0 1.0 0.0" />
        <kf t="0.994286" v="1.000000" e="cubicBezier 0.0 1.0 0.0 1.0" />
      </property>
      <property name="phase" type="float" value="0.000000" />
      <property name="mirror" type="bool" value="true" />
      <property name="vertoffs" type="bool" value="false" />
      <property name="angle" type="float">
        <kf t="-0.005714" v="0.000000" />
        <kf t="0.994286" v="0.000000" e="cubicBezier 0.0 1.0 0.0 1.0" />
        <kf t="0.422857" v="-22.000000" e="cubicBezier 0.0 0.0 1.0 0.0" />
      </property>
    </effect>
    <effect id="com.alightcreative.effects.pinchbulge2" locallyApplied="true">
      <property name="strength" type="float">
        <kf t="-0.005714" v="0.000000" />
        <kf t="0.994286" v="0.000000" e="cubicBezier 0.0 1.0 0.0 1.0" />
        <kf t="0.422857" v="-0.630000" e="cubicBezier 0.0 0.0 1.0 0.0" />
      </property>
      <property name="radius" type="float" value="1.150000" />
    </effect>
    <property name="size" type="vec2" value="855.271667,855.271545" />
    <property name="cornerRadius" type="float" value="25.000000" />
  </shape>
  <shape id="6370130" label="ghost effect" startTime="14104" endTime="14837" fillType="color" speed="3.000000" mediaFillMode="stretch" s=".rect">
    <transform lockAspectRatio="false">
      <location value="1665.573975,761.543579,0.000000" />
      <scale value="17.066668,9.600000" />
      <opacity>
        <kf t="1.158254" v="0.447266" />
        <kf t="0.000000" v="0.773438" />
        <kf t="1.000000" v="0.000000" />
      </opacity>
    </transform>
    <fillColor value="#ffcef6ac" />
    <effect id="com.alightcreative.effects.lift" locallyApplied="false">
      <property name="fill" type="float" value="0.000000" />
    </effect>
    <effect id="com.alightcreative.effects.tile" locallyApplied="false">
      <property name="scale" type="float">
        <kf t="0.000000" v="1.200000" />
        <kf t="0.863574" v="1.550000" e="cubicBezier 0.0 1.0 0.58 1.0" />
      </property>
      <property name="phase" type="float" value="0.120000" />
      <property name="mirror" type="bool" value="true" />
      <property name="vertoffs" type="bool" value="false" />
      <property name="angle" type="float" value="0.000000" />
    </effect>
    <effect id="com.alightcreative.effects.invert" locallyApplied="false">
      <property name="invertRed" type="bool" value="true" />
      <property name="invertGreen" type="bool" value="true" />
      <property name="invertBlue" type="bool" value="true" />
    </effect>
    <effect id="com.alightcreative.effects.satvib" locallyApplied="false">
      <property name="saturation" type="float" value="-1.000000" />
      <property name="vib" type="float" value="1.000000" />
    </effect>
    <property name="size" type="vec2" value="100.000000,100.000000" />
  </shape>
  <shape id="6370138" label="ghost effect" startTime="17479" endTime="18212" fillType="color" speed="3.000000" mediaFillMode="stretch" s=".rect">
    <transform lockAspectRatio="false">
      <location value="1541.168579,696.378906,0.000000" />
      <scale value="17.066668,9.600000" />
      <opacity>
        <kf t="1.158254" v="0.447266" />
        <kf t="0.000000" v="0.773438" />
        <kf t="1.000000" v="0.000000" />
      </opacity>
    </transform>
    <fillColor value="#ffcef6ac" />
    <effect id="com.alightcreative.effects.lift" locallyApplied="false">
      <property name="fill" type="float" value="0.000000" />
    </effect>
    <effect id="com.alightcreative.effects.tile" locallyApplied="false">
      <property name="scale" type="float">
        <kf t="0.000000" v="1.200000" />
        <kf t="0.863574" v="1.550000" e="cubicBezier 0.0 1.0 0.58 1.0" />
      </property>
      <property name="phase" type="float" value="0.120000" />
      <property name="mirror" type="bool" value="true" />
      <property name="vertoffs" type="bool" value="false" />
      <property name="angle" type="float" value="0.000000" />
    </effect>
    <effect id="com.alightcreative.effects.invert" locallyApplied="false">
      <property name="invertRed" type="bool" value="true" />
      <property name="invertGreen" type="bool" value="true" />
      <property name="invertBlue" type="bool" value="true" />
    </effect>
    <effect id="com.alightcreative.effects.satvib" locallyApplied="false">
      <property name="saturation" type="float" value="-1.000000" />
      <property name="vib" type="float" value="1.000000" />
    </effect>
    <property name="size" type="vec2" value="100.000000,100.000000" />
  </shape>
  <shape id="6370139" label="Rounded Rectangle 1" startTime="16812" endTime="18827" fillType="color" mediaFillMode="stretch" s=".roundrect">
    <transform>
      <location value="1253.753418,674.505127,0.000000" />
      <scale value="1.264328,0.568947" />
    </transform>
    <fillColor value="#ffaa388f" />
    <effect id="com.alightcreative.effects.lift" locallyApplied="true">
      <property name="fill" type="float" value="0.000000" />
    </effect>
    <effect id="com.alightcreative.effects.tile" locallyApplied="true">
      <property name="scale" type="float">
        <kf t="-0.003970" v="1.000000" />
        <kf t="0.996526" v="1.000000" e="cubicBezier 0.0 1.0 0.38 1.0" />
        <kf t="0.334988" v="2.160000" e="cubicBezier 1.0 0.0 1.0 0.0" />
      </property>
      <property name="phase" type="float" value="0.000000" />
      <property name="mirror" type="bool" value="true" />
      <property name="vertoffs" type="bool" value="false" />
      <property name="angle" type="float" value="0.000000" />
    </effect>
    <effect id="com.alightcreative.effects.jitter" locallyApplied="true">
      <property name="angle" type="float" value="180.000000" />
      <property name="freq" type="float" value="29.900000" />
      <property name="mag" type="float">
        <kf t="0.334988" v="225.000000" />
        <kf t="-0.003970" v="1.000000" />
        <kf t="0.997022" v="1.000000" />
      </property>
      <property name="seed" type="float" value="0.000000" />
      <property name="slack" type="float" value="0.000000" />
      <property name="zjitter" type="float" value="0.000000" />
    </effect>
    <effect id="com.alightcreative.effects.circularripple2" locallyApplied="true">
      <property name="frequency" type="float" value="1.000000" />
      <property name="strength" type="float">
        <kf t="0.000000" v="0.000000" />
        <kf t="0.334988" v="0.055000" e="cubicBezier 1.0 0.0 1.0 0.0" />
        <kf t="1.000000" v="0.000000" e="cubicBezier 0.0 1.0 0.38 1.0" />
      </property>
      <property name="phase" type="float" value="0.000000" />
      <property name="radius" type="float" value="0.800000" />
      <property name="feather" type="float" value="0.100000" />
    </effect>
    <property name="size" type="vec2" value="1589.777832,1589.777588" />
    <property name="cornerRadius" type="float" value="25.000000" />
  </shape>
  <shape id="6370140" label="striker" startTime="17479" endTime="18487" fillType="color" speed="2.000000" mediaFillMode="stretch" s=".roundrect">
    <transform>
      <location value="1372.679810,694.102783,0.000000" />
      <scale value="20.110001,9.049500" />
    </transform>
    <fillColor value="#ff7d66f7" />
    <effect id="com.alightcreative.effects.tile" locallyApplied="false">
      <property name="scale" type="float" value="1.000000" />
      <property name="phase" type="float" value="0.000000" />
      <property name="mirror" type="bool" value="true" />
      <property name="vertoffs" type="bool" value="false" />
      <property name="angle" type="float" value="0.000000" />
    </effect>
    <effect id="com.alightcreative.effects.lift" locallyApplied="true">
      <property name="fill" type="float" value="0.000000" />
    </effect>
    <effect id="com.alightcreative.effects.oscillate3" locallyApplied="false">
      <property name="angle" type="float" value="45.000000" />
      <property name="freq" type="float" value="3.000000" />
      <property name="mag" type="float">
        <kf t="0.000000" v="550.000000" />
        <kf t="1.000000" v="0.000000" e="cubicBezier 0.0 1.0 0.16865247 1.0" />
      </property>
      <property name="type" type="int" value="0" />
      <property name="phase" type="float" value="0.000000" />
      <property name="direction" type="int" value="0" />
    </effect>
    <effect id="com.alightcreative.effects.oscillate3" locallyApplied="false">
      <property name="angle" type="float" value="-45.000000" />
      <property name="freq" type="float" value="8.000000" />
      <property name="mag" type="float">
        <kf t="0.000000" v="551.000000" />
        <kf t="0.546406" v="0.000000" e="cubicBezier 0.0 1.0 0.16865247 1.0" />
      </property>
      <property name="type" type="int" value="0" />
      <property name="phase" type="float" value="0.000000" />
      <property name="direction" type="int" value="0" />
    </effect>
    <effect id="com.alightcreative.effects.motionblur4" locallyApplied="false">
      <property name="tune" type="float" value="1.000000" />
      <property name="usePos" type="bool" value="true" />
      <property name="useScale" type="bool" value="true" />
      <property name="useAngle" type="bool" value="true" />
    </effect>
    <property name="size" type="vec2" value="100.000000,100.000000" />
    <property name="cornerRadius" type="float" value="25.000000" />
  </shape>
  <text id="6370147" startTime="0" endTime="1082" fillType="color" mediaFillMode="fill" size="18.000000" font="imported?name=Fighting Spirit 2 bold.ttf" wrapWidth="512" align="left">
    <transform>
      <location value="1180.000000,1266.500000,0.000000" />
      <scale value="1.609375,1.609375" />
    </transform>
    <content>1 PUMPS </content>
  </text>
  <text id="6370148" startTime="1062" endTime="2374" fillType="color" mediaFillMode="fill" size="18.000000" font="imported?name=Fighting Spirit 2 bold.ttf" wrapWidth="512" align="left">
    <transform>
      <location value="1180.000000,1266.500000,0.000000" />
      <scale value="1.609375,1.609375" />
    </transform>
    <content>2 PUMPS </content>
  </text>
  <text id="6370149" startTime="2354" endTime="3915" fillType="color" mediaFillMode="fill" size="18.000000" font="imported?name=Fighting Spirit 2 bold.ttf" wrapWidth="512" align="left">
    <transform>
      <location value="1180.000000,1266.500000,0.000000" />
      <scale value="1.609375,1.609375" />
    </transform>
    <content>3 PUMPS </content>
  </text>
  <text id="6370150" startTime="3895" endTime="6999" fillType="color" mediaFillMode="fill" size="18.000000" font="imported?name=Fighting Spirit 2 bold.ttf" wrapWidth="512" align="left">
    <transform>
      <location value="1180.000000,1266.500000,0.000000" />
      <scale value="1.609375,1.609375" />
    </transform>
    <content>4 PUMPS </content>
  </text>
  <text id="6370151" startTime="6979" endTime="8957" fillType="color" mediaFillMode="fill" size="18.000000" font="imported?name=Fighting Spirit 2 bold.ttf" wrapWidth="512" align="left">
    <transform>
      <location value="1180.000000,1266.500000,0.000000" />
      <scale value="1.609375,1.609375" />
    </transform>
    <content>5 PUMPS </content>
  </text>
  <text id="6370152" startTime="8937" endTime="10832" fillType="color" mediaFillMode="fill" size="18.000000" font="imported?name=Fighting Spirit 2 bold.ttf" wrapWidth="512" align="left">
    <transform>
      <location value="1180.000000,1266.500000,0.000000" />
      <scale value="1.609375,1.609375" />
    </transform>
    <content>6 PUMPS </content>
  </text>
  <text id="6370153" startTime="10812" endTime="14124" fillType="color" mediaFillMode="fill" size="18.000000" font="imported?name=Fighting Spirit 2 bold.ttf" wrapWidth="512" align="left">
    <transform>
      <location value="1180.000000,1266.500000,0.000000" />
      <scale value="1.609375,1.609375" />
    </transform>
    <content>7 PUMPS </content>
  </text>
  <text id="6370156" startTime="17479" endTime="19519" fillType="color" mediaFillMode="fill" size="18.000000" font="imported?name=Fighting Spirit 2 bold.ttf" wrapWidth="512" align="left">
    <transform>
      <location value="1180.000000,1266.500000,0.000000" />
      <scale value="1.609375,1.609375" />
    </transform>
    <content>10 PUMPS </content>
  </text>
  <shape id="6370157" label="Rounded Rectangle 1" startTime="15479" endTime="16278" fillType="color" mediaFillMode="stretch" s=".roundrect">
    <transform>
      <location value="1556.667236,647.500000,0.000000" />
      <scale value="1.787868,1.787868" />
    </transform>
    <fillColor value="#ff5aa43f" />
    <effect id="com.alightcreative.effects.lift" locallyApplied="true">
      <property name="fill" type="float" value="0.000000" />
    </effect>
    <effect id="com.alightcreative.effects.tile" locallyApplied="true">
      <property name="scale" type="float">
        <kf t="0.000000" v="1.000000" />
        <kf t="0.480601" v="2.300000" e="cubicBezier 0.77666664 0.0 1.0 0.34852943" />
        <kf t="1.000000" v="1.000000" e="cubicBezier 0.0 0.65 0.22000003 1.0" />
      </property>
      <property name="phase" type="float" value="0.000000" />
      <property name="mirror" type="bool" value="true" />
      <property name="vertoffs" type="bool" value="true" />
      <property name="angle" type="float">
        <kf t="0.000000" v="0.000000" />
        <kf t="1.000000" v="0.000000" e="cubicBezier 0.0 0.65 0.22000003 1.0" />
        <kf t="0.480601" v="0.000000" />
      </property>
    </effect>
    <effect id="com.alightcreative.effects.exposure" locallyApplied="true">
      <property name="exposure" type="float">
        <kf t="0.000000" v="0.000000" />
        <kf t="1.000000" v="0.000000" e="cubicBezier 0.0 0.65 0.22000003 1.0" />
        <kf t="0.480601" v="0.750000" />
      </property>
      <property name="gamma" type="float" value="1.000000" />
      <property name="offset" type="float" value="0.000000" />
    </effect>
    <effect id="com.alightcreative.effects.jitter" locallyApplied="true">
      <property name="angle" type="float" value="180.000000" />
      <property name="freq" type="float" value="29.000000" />
      <property name="mag" type="float" value="235.000000" />
      <property name="seed" type="float" value="0.000000" />
      <property name="slack" type="float" value="0.000000" />
      <property name="zjitter" type="float" value="0.000000" />
    </effect>
    <property name="size" type="vec2" value="972.666321,972.666626" />
    <property name="cornerRadius" type="float" value="25.000000" />
  </shape>
  <shape id="6370158" label="Rounded Rectangle 2" startTime="15479" endTime="16278" fillType="color" mediaFillMode="stretch" s=".roundrect">
    <transform>
      <location value="1556.667236,702.911865,0.000000" />
      <scale value="1.501814,1.501814" />
    </transform>
    <fillColor value="#ffc7e1c2" />
    <effect id="com.alightcreative.effects.lift" locallyApplied="true">
      <property name="fill" type="float" value="0.000000" />
    </effect>
    <effect id="com.alightcreative.effects.circularripple2" locallyApplied="true">
      <property name="frequency" type="float" value="1.100000" />
      <property name="strength" type="float">
        <kf t="0.000000" v="0.000000" />
        <kf t="0.480601" v="0.200000" e="cubicBezier 0.78 0.0 1.0 0.35" />
        <kf t="1.000000" v="0.000000" e="cubicBezier 0.0 0.65 0.22000003 1.0" />
      </property>
      <property name="phase" type="float" value="0.000000" />
      <property name="radius" type="float" value="0.800000" />
      <property name="feather" type="float" value="0.100000" />
    </effect>
    <effect id="com.alightcreative.effects.zoomblur3" locallyApplied="true">
      <property name="strength" type="float">
        <kf t="0.000000" v="0.000000" />
        <kf t="0.480601" v="0.380000" e="cubicBezier 0.78 0.0 1.0 0.35" />
        <kf t="1.000000" v="0.000000" e="cubicBezier 0.0 0.65 0.22000003 1.0" />
      </property>
      <property name="adaptive" type="bool" value="true" />
    </effect>
    <property name="size" type="vec2" value="1102.666870,1102.666626" />
    <property name="cornerRadius" type="float" value="25.000000" />
  </shape>
  <shape id="6370159" label="Rounded Rectangle 1" startTime="15208" endTime="17475" fillType="color" mediaFillMode="stretch" s=".roundrect">
    <transform>
      <location value="1556.667236,653.510132,0.000000" />
      <scale value="2.274131,2.274131" />
    </transform>
    <fillColor value="#ff7dd8b3" />
    <effect id="com.alightcreative.effects.lift" locallyApplied="true">
      <property name="fill" type="float" value="0.000000" />
    </effect>
    <effect id="com.alightcreative.effects.tile" locallyApplied="true">
      <property name="scale" type="float">
        <kf t="-0.003529" v="1.000000" />
        <kf t="0.996471" v="1.000000" e="cubicBezier 0.0 1.0 0.0 1.0" />
        <kf t="0.297750" v="3.620000" e="cubicBezier 0.779265 0.0 1.0 0.0" />
        <kf t="0.481694" v="1.000000" e="cubicBezier 0.0 1.0 0.0 1.0" />
      </property>
      <property name="phase" type="float" value="0.000000" />
      <property name="mirror" type="bool" value="true" />
      <property name="vertoffs" type="bool" value="false" />
      <property name="angle" type="float">
        <kf t="-0.003529" v="0.000000" />
        <kf t="0.996471" v="0.000000" e="cubicBezier 0.0 1.0 0.0 1.0" />
        <kf t="0.297750" v="6.000000" e="cubicBezier 0.66574204 0.0 1.0 0.0" />
      </property>
    </effect>
    <effect id="com.alightcreative.effects.fractalwarp4" locallyApplied="true">
      <property name="offs" type="vec2">
        <kf t="0.996471" v="1055.000000,0.000000" />
        <kf t="0.297750" v="0.000000,0.000000" />
      </property>
      <property name="parr" type="vec2">
        <kf t="0.297750" v="189.000000,0.000000" />
        <kf t="0.996471" v="1511.000000,0.000000" />
      </property>
      <property name="mag" type="float">
        <kf t="-0.003529" v="0.000000" />
        <kf t="0.290693" v="0.000000" />
        <kf t="0.297750" v="0.405000" />
        <kf t="0.996471" v="0.000000" e="cubicBezier 0.0 1.0 1.0 1.0" />
      </property>
      <property name="scale" type="float" value="1.000000" />
      <property name="intensity" type="float" value="0.500000" />
      <property name="screenSpace" type="bool" value="false" />
      <property name="octaves" type="float" value="6.000000" />
    </effect>
    <property name="size" type="vec2" value="855.271667,855.271545" />
    <property name="cornerRadius" type="float" value="25.000000" />
  </shape>
  <shape id="6370160" label="ghost effect" startTime="15854" endTime="16587" fillType="color" speed="3.000000" mediaFillMode="stretch" s=".rect">
    <transform lockAspectRatio="false">
      <location value="1556.667236,752.000000,0.000000" />
      <scale value="17.066668,9.600000" />
      <opacity>
        <kf t="1.158254" v="0.447266" />
        <kf t="0.000000" v="0.773438" />
        <kf t="1.000000" v="0.000000" />
      </opacity>
    </transform>
    <fillColor value="#ffcef6ac" />
    <effect id="com.alightcreative.effects.lift" locallyApplied="false">
      <property name="fill" type="float" value="0.000000" />
    </effect>
    <effect id="com.alightcreative.effects.tile" locallyApplied="false">
      <property name="scale" type="float">
        <kf t="0.000000" v="1.200000" />
        <kf t="0.863574" v="1.550000" e="cubicBezier 0.0 1.0 0.58 1.0" />
      </property>
      <property name="phase" type="float" value="0.120000" />
      <property name="mirror" type="bool" value="true" />
      <property name="vertoffs" type="bool" value="false" />
      <property name="angle" type="float" value="0.000000" />
    </effect>
    <effect id="com.alightcreative.effects.invert" locallyApplied="false">
      <property name="invertRed" type="bool" value="true" />
      <property name="invertGreen" type="bool" value="true" />
      <property name="invertBlue" type="bool" value="true" />
    </effect>
    <effect id="com.alightcreative.effects.satvib" locallyApplied="false">
      <property name="saturation" type="float" value="-1.000000" />
      <property name="vib" type="float" value="1.000000" />
    </effect>
    <property name="size" type="vec2" value="100.000000,100.000000" />
  </shape>
  <text id="6370155" startTime="15854" endTime="17499" fillType="color" mediaFillMode="fill" size="18.000000" font="imported?name=Fighting Spirit 2 bold.ttf" wrapWidth="512" align="left">
    <transform>
      <location value="1180.000000,1266.500000,0.000000" />
      <scale value="1.609375,1.609375" />
    </transform>
    <content>9 PUMPS </content>
  </text>
  <text id="6370154" startTime="14104" endTime="15874" fillType="color" mediaFillMode="fill" size="18.000000" font="imported?name=Fighting Spirit 2 bold.ttf" wrapWidth="512" align="left">
    <transform>
      <location value="1180.000000,1266.500000,0.000000" />
      <scale value="1.609375,1.609375" />
    </transform>
    <content>8 PUMPS </content>
  </text>
</scene>