<?xml version='1.0' encoding='UTF-8' ?><!--
Created by Alight Motion (http://alightmotion.com)
Exported: 2025-07-17 08:11 PM
5.0.275 (1002592)
a34a6c0 (Oct 7, 2024 3:17:29 PM)
-->
<scene title="top 20 XML PUMPS &#128293;" width="1920" height="1080" exportWidth="1920" exportHeight="1080" precompose="dynamicResolution" bgcolor="#ff000000" totalTime="36665" fps="30" modifiedTime="1752765081359" amver="1002592" ffver="106" am="com.alightcreative.motion/5.0.275" amplatform="android" templateLink="content://com.whatsapp.w4b.provider.media/item/16d113e6-d350-43d1-b773-5d7baef45b5c" retime="freeze" retimeAdaptFPS="false">
  <shape id="6182413" label="Screenshot_2022-11-12-11-39-20-50.png" startTime="0" endTime="36600" fillType="media" fillImage="content://media/external/images/media/515585" mediaFillMode="stretch" s=".rect">
    <transform>
      <location value="960.000000,540.000000,0.000000" />
    </transform>
    <property name="size" type="vec2" value="960.000000,521.500000" />
  </shape>
  <shape id="6182398" label="Pumps Effect" startTime="0" endTime="1189" fillType="color" speed="0.700000" mediaFillMode="stretch" s=".roundrect">
    <transform>
      <location value="960.000000,513.227051,0.000000" />
      <scale value="9.600000,9.600000" />
    </transform>
    <fillColor value="#fff678ab" />
    <effect id="com.alightcreative.effects.lift" locallyApplied="true">
      <property name="fill" type="float" value="0.000000" />
    </effect>
    <effect id="com.alightcreative.effects.tile" locallyApplied="true">
      <property name="scale" type="float">
        <kf t="0.000000" v="1.000000" />
        <kf t="1.000000" v="1.000000" e="cubicBezier 0.0 0.7088236 0.2504975 1.0" />
        <kf t="0.489183" v="2.310000" e="cubicBezier 0.8171642 0.0 0.9920398 0.31042776" />
      </property>
      <property name="phase" type="float" value="0.000000" />
      <property name="mirror" type="bool" value="true" />
      <property name="vertoffs" type="bool" value="true" />
      <property name="angle" type="float" value="0.000000" />
    </effect>
    <effect id="com.alightcreative.effects.exposure" locallyApplied="true">
      <property name="exposure" type="float">
        <kf t="0.000000" v="0.000000" />
        <kf t="1.000000" v="0.000000" e="cubicBezier 0.0 0.6700224 0.21467662 1.0" />
        <kf t="0.489183" v="1.000000" e="cubicBezier 0.7355721 0.0 1.0 0.39385027" />
      </property>
      <property name="gamma" type="float" value="1.000000" />
      <property name="offset" type="float" value="0.000000" />
    </effect>
    <effect id="com.alightcreative.effects.jitter" locallyApplied="true">
      <property name="angle" type="float" value="180.000000" />
      <property name="freq" type="float" value="29.200001" />
      <property name="mag" type="float" value="235.000000" />
      <property name="seed" type="float" value="0.000000" />
      <property name="slack" type="float" value="0.000000" />
      <property name="zjitter" type="float" value="0.000000" />
    </effect>
    <property name="size" type="vec2" value="100.000000,100.000000" />
    <property name="cornerRadius" type="float" value="25.000000" />
  </shape>
  <shape id="6182399" label="Pumps Effect" startTime="0" endTime="1189" fillType="color" speed="0.700000" mediaFillMode="stretch" s=".roundrect">
    <transform>
      <location value="960.000000,540.000000,0.000000" />
      <scale value="9.600000,9.600000" />
    </transform>
    <fillColor value="#fff678ab" />
    <effect id="com.alightcreative.effects.lift" locallyApplied="true">
      <property name="fill" type="float" value="0.000000" />
    </effect>
    <effect id="com.alightcreative.effects.circularripple2" locallyApplied="true">
      <property name="frequency" type="float" value="1.100000" />
      <property name="strength" type="float">
        <kf t="0.000000" v="0.000000" />
        <kf t="0.491587" v="0.200000" e="cubicBezier 0.70373136 0.0 1.0 0.47727272" />
        <kf t="1.000000" v="0.000000" e="cubicBezier 0.0 0.5868984 0.30323386 1.0" />
      </property>
      <property name="phase" type="float" value="0.000000" />
      <property name="radius" type="float" value="0.800000" />
      <property name="feather" type="float" value="0.100000" />
    </effect>
    <effect id="com.alightcreative.effects.zoomblur3" locallyApplied="true">
      <property name="strength" type="float">
        <kf t="0.000000" v="0.000000" />
        <kf t="0.490385" v="0.300000" e="cubicBezier 0.75945276 0.0 1.0 0.37459892" />
        <kf t="1.000000" v="0.000000" e="cubicBezier 0.0 0.64144385 0.2415055 1.0" />
      </property>
      <property name="adaptive" type="bool" value="true" />
    </effect>
    <effect id="com.alightcreative.effects.rgbsep" locallyApplied="true">
      <property name="strength" type="float">
        <kf t="0.000000" v="0.000000" />
        <kf t="0.490385" v="0.160000" e="cubicBezier 0.77139306 0.0 1.0 0.39385027" />
        <kf t="1.000000" v="0.000000" e="cubicBezier 0.0 0.6574867 0.14701492 1.0" />
      </property>
      <property name="angle" type="float" value="0.000000" />
      <property name="centerChannel" type="int" value="1" />
      <property name="mode" type="int" value="2" />
    </effect>
    <property name="size" type="vec2" value="100.000000,100.000000" />
    <property name="cornerRadius" type="float" value="25.000000" />
  </shape>
  <shape id="6182400" label="ghost effect" startTime="634" endTime="1367" fillType="color" speed="3.000000" mediaFillMode="stretch" s=".rect">
    <transform lockAspectRatio="false">
      <location value="960.000000,540.000000,0.000000" />
      <scale value="9.600000,5.400000" />
      <opacity>
        <kf t="1.158254" v="0.447266" />
        <kf t="0.000000" v="0.773438" />
        <kf t="1.000000" v="0.000000" />
      </opacity>
    </transform>
    <fillColor value="#ffcef6ac" />
    <effect id="com.alightcreative.effects.lift" locallyApplied="false">
      <property name="fill" type="float" value="0.000000" />
    </effect>
    <effect id="com.alightcreative.effects.tile" locallyApplied="false">
      <property name="scale" type="float">
        <kf t="0.000000" v="1.200000" />
        <kf t="0.863574" v="1.550000" e="cubicBezier 0.0 1.0 0.58 1.0" />
      </property>
      <property name="phase" type="float" value="0.120000" />
      <property name="mirror" type="bool" value="true" />
      <property name="vertoffs" type="bool" value="false" />
      <property name="angle" type="float" value="0.000000" />
    </effect>
    <effect id="com.alightcreative.effects.invert" locallyApplied="false">
      <property name="invertRed" type="bool" value="true" />
      <property name="invertGreen" type="bool" value="true" />
      <property name="invertBlue" type="bool" value="true" />
    </effect>
    <effect id="com.alightcreative.effects.satvib" locallyApplied="false">
      <property name="saturation" type="float" value="-1.000000" />
      <property name="vib" type="float" value="1.000000" />
    </effect>
    <property name="size" type="vec2" value="100.000000,100.000000" />
  </shape>
  <shape id="6182401" label="turb" startTime="666" endTime="2198" fillType="color" mediaFillMode="stretch" s=".rect">
    <transform>
      <location value="960.000000,540.000000,0.000000" />
      <scale>
        <kf t="0.010444" v="0.132949,0.132949" />
        <kf t="1.000000" v="11.075535,11.075535" e="cubicBezier 0.0 0.0 0.3019858 1.0" />
      </scale>
    </transform>
    <fillColor value="#ffeb6096" />
    <effect id="com.alightcreative.effects.tile" locallyApplied="false">
      <property name="mirror" type="bool" value="true" />
      <property name="scale" type="float" value="1.000000" />
      <property name="phase" type="float" value="0.000000" />
      <property name="vertoffs" type="bool" value="false" />
      <property name="angle" type="float" value="0.000000" />
    </effect>
    <effect id="com.alightcreative.effects.lift" locallyApplied="false">
      <property name="fill" type="float" value="0.000000" />
    </effect>
    <effect id="com.alightcreative.effects.fractalwarp4" locallyApplied="false">
      <property name="mag" type="float">
        <kf t="0.007874" v="0.200000" />
        <kf t="0.992126" v="0.005000" e="cubicBezier 0.0 0.69369745 0.17127657 1.0" />
      </property>
      <property name="octaves" type="float" value="1.000000" />
      <property name="scale" type="float" value="4.000000" />
      <property name="intensity" type="float" value="0.500000" />
      <property name="screenSpace" type="bool" value="false" />
    </effect>
    <property name="size" type="vec2" value="100.000000,100.000000" />
  </shape>
  <shape id="6182402" label="Pumps Effect" startTime="3434" endTime="4623" fillType="color" speed="0.700000" mediaFillMode="stretch" s=".roundrect">
    <transform>
      <location value="960.000000,530.258179,0.000000" />
      <scale value="9.599999,9.599999" />
    </transform>
    <fillColor value="#fff678ab" />
    <effect id="com.alightcreative.effects.lift" locallyApplied="true">
      <property name="fill" type="float" value="0.000000" />
    </effect>
    <effect id="com.alightcreative.effects.tile" locallyApplied="true">
      <property name="scale" type="float">
        <kf t="0.000000" v="1.000000" />
        <kf t="1.000000" v="1.000000" e="cubicBezier 0.0 0.7088236 0.2504975 1.0" />
        <kf t="0.489183" v="2.310000" e="cubicBezier 0.8171642 0.0 0.9920398 0.31042776" />
      </property>
      <property name="phase" type="float" value="0.000000" />
      <property name="mirror" type="bool" value="true" />
      <property name="vertoffs" type="bool" value="true" />
      <property name="angle" type="float" value="0.000000" />
    </effect>
    <effect id="com.alightcreative.effects.exposure" locallyApplied="true">
      <property name="exposure" type="float">
        <kf t="0.000000" v="0.000000" />
        <kf t="1.000000" v="0.000000" e="cubicBezier 0.0 0.6700224 0.21467662 1.0" />
        <kf t="0.489183" v="1.000000" e="cubicBezier 0.7355721 0.0 1.0 0.39385027" />
      </property>
      <property name="gamma" type="float" value="1.000000" />
      <property name="offset" type="float" value="0.000000" />
    </effect>
    <effect id="com.alightcreative.effects.jitter" locallyApplied="true">
      <property name="angle" type="float" value="180.000000" />
      <property name="freq" type="float" value="29.200001" />
      <property name="mag" type="float" value="235.000000" />
      <property name="seed" type="float" value="0.000000" />
      <property name="slack" type="float" value="0.000000" />
      <property name="zjitter" type="float" value="0.000000" />
    </effect>
    <property name="size" type="vec2" value="100.000000,100.000000" />
    <property name="cornerRadius" type="float" value="25.000000" />
  </shape>
  <shape id="6182403" label="Pumps Effect" startTime="3167" endTime="5034" fillType="color" speed="0.700000" mediaFillMode="stretch" s=".roundrect">
    <transform>
      <location value="960.000000,540.000000,0.000000" />
      <scale value="9.600000,9.600000" />
    </transform>
    <fillColor value="#fff678ab" />
    <effect id="com.alightcreative.effects.lift" locallyApplied="true">
      <property name="fill" type="float" value="0.000000" />
    </effect>
    <effect id="com.alightcreative.effects.circularripple2" locallyApplied="true">
      <property name="frequency" type="float" value="1.100000" />
      <property name="strength" type="float">
        <kf t="0.000000" v="0.000000" />
        <kf t="0.456078" v="0.200000" e="cubicBezier 0.70373136 0.0 1.0 0.47727272" />
        <kf t="1.000000" v="0.000000" e="cubicBezier 0.0 0.5868984 0.30323386 1.0" />
      </property>
      <property name="phase" type="float" value="0.000000" />
      <property name="radius" type="float" value="0.800000" />
      <property name="feather" type="float" value="0.100000" />
    </effect>
    <effect id="com.alightcreative.effects.zoomblur3" locallyApplied="true">
      <property name="strength" type="float">
        <kf t="0.000000" v="0.000000" />
        <kf t="0.455312" v="0.300000" e="cubicBezier 0.75945276 0.0 1.0 0.37459892" />
        <kf t="1.000000" v="0.000000" e="cubicBezier 0.0 0.64144385 0.2415055 1.0" />
      </property>
      <property name="adaptive" type="bool" value="true" />
    </effect>
    <effect id="com.alightcreative.effects.rgbsep" locallyApplied="true">
      <property name="strength" type="float">
        <kf t="0.000000" v="0.000000" />
        <kf t="0.455312" v="0.160000" e="cubicBezier 0.77139306 0.0 1.0 0.39385027" />
        <kf t="1.000000" v="0.000000" e="cubicBezier 0.0 0.6574867 0.14701492 1.0" />
      </property>
      <property name="angle" type="float" value="0.000000" />
      <property name="centerChannel" type="int" value="1" />
      <property name="mode" type="int" value="2" />
    </effect>
    <property name="size" type="vec2" value="100.000000,100.000000" />
    <property name="cornerRadius" type="float" value="25.000000" />
  </shape>
  <shape id="6182404" label="Rounded Rectangle 2" startTime="4000" endTime="5633" fillType="color" mediaFillMode="stretch" s=".roundrect">
    <transform>
      <location value="960.000000,540.000000,0.000000" />
      <scale value="9.599999,9.599999" />
    </transform>
    <fillColor value="#ffac7c8b" />
    <effect id="com.alightcreative.effects.lift" locallyApplied="true">
      <property name="fill" type="float" value="0.000000" />
    </effect>
    <effect id="com.alightcreative.effects.stripes" locallyApplied="true">
      <property name="amount" type="float">
        <kf t="0.009798" v="14.200000" />
        <kf t="0.989590" v="0.500000" />
      </property>
      <property name="width" type="float">
        <kf t="0.009798" v="0.510000" />
        <kf t="0.989590" v="0.500000" />
      </property>
      <property name="angle" type="float" value="180.000000" />
      <property name="phase" type="float" value="0.000000" />
      <property name="color" type="color" value="#ff000000" />
      <property name="punchout" type="bool" value="false" />
      <property name="smoothing" type="float" value="0.137000" />
      <property name="screenSpace" type="bool" value="true" />
    </effect>
    <property name="size" type="vec2" value="100.000000,100.000000" />
    <property name="cornerRadius" type="float" value="25.000000" />
  </shape>
  <shape id="6182405" label="Rounded Rectangle 3" startTime="4000" endTime="5667" fillType="color" mediaFillMode="stretch" s=".roundrect">
    <transform>
      <location value="960.000000,540.000000,0.000000" />
      <scale value="9.600000,9.600000" />
    </transform>
    <fillColor value="#ff454c6a" />
    <effect id="com.alightcreative.effects.lift" locallyApplied="true">
      <property name="fill" type="float" value="0.000000" />
    </effect>
    <effect id="com.alightcreative.effects.colortemperature" locallyApplied="true">
      <property name="temperature" type="float">
        <kf t="0.000000" v="1.000000" />
        <kf t="1.000000" v="6.500000" />
      </property>
      <property name="strength" type="float" value="1.000000" />
    </effect>
    <property name="size" type="vec2" value="100.000000,100.000000" />
    <property name="cornerRadius" type="float" value="25.000000" />
  </shape>
  <shape id="6182406" label="Rounded Rectangle 4" startTime="4000" endTime="6033" fillType="color" mediaFillMode="stretch" s=".roundrect">
    <transform>
      <location value="960.000000,540.000000,0.000000" />
      <scale value="9.599998,9.599998" />
    </transform>
    <fillColor value="#ff845ee6" />
    <effect id="com.alightcreative.effects.lift" locallyApplied="true">
      <property name="fill" type="float" value="0.000000" />
    </effect>
    <effect id="com.alightcreative.effects.wavewarp2" locallyApplied="true">
      <property name="phase" type="float" value="0.000000" />
      <property name="a1d" type="float">
        <kf t="0.975898" v="0.000000" />
        <kf t="0.008362" v="-352.000000" />
      </property>
      <property name="m1" type="float">
        <kf t="0.975898" v="0.000000" />
        <kf t="0.008362" v="34.100002" />
      </property>
      <property name="m2" type="float" value="4.000000" />
      <property name="a2d" type="float" value="90.000000" />
      <property name="damping" type="float" value="0.000000" />
      <property name="dampingSpace" type="float" value="0.000000" />
      <property name="dampingOrigin" type="float" value="0.500000" />
      <property name="screenSpace" type="bool" value="false" />
    </effect>
    <property name="size" type="vec2" value="100.000000,100.000000" />
    <property name="cornerRadius" type="float" value="25.000000" />
  </shape>
  <shape id="6182407" label="Rounded Rectangle 1" startTime="4000" endTime="6032" fillType="color" mediaFillMode="stretch" s=".roundrect">
    <transform>
      <location value="960.000000,540.000000,0.000000" />
      <scale value="9.599999,9.599999" />
    </transform>
    <fillColor value="#fff0d3e4" />
    <effect id="com.alightcreative.effects.lift" locallyApplied="true">
      <property name="fill" type="float" value="0.000000" />
    </effect>
    <effect id="com.alightcreative.effects.wavewarp2" locallyApplied="true">
      <property name="phase" type="float" value="0.000000" />
      <property name="a1d" type="float">
        <kf t="0.008366" v="-359.000000" />
        <kf t="1.000000" v="0.000000" />
      </property>
      <property name="m1" type="float">
        <kf t="0.008366" v="22.800001" />
        <kf t="1.000000" v="0.000000" />
      </property>
      <property name="m2" type="float" value="4.000000" />
      <property name="a2d" type="float" value="90.000000" />
      <property name="damping" type="float" value="0.000000" />
      <property name="dampingSpace" type="float" value="0.000000" />
      <property name="dampingOrigin" type="float" value="0.500000" />
      <property name="screenSpace" type="bool" value="false" />
    </effect>
    <property name="size" type="vec2" value="100.000000,100.000000" />
    <property name="cornerRadius" type="float" value="25.000000" />
  </shape>
  <shape id="6182414" label="Rounded Rectangle 5" startTime="6800" endTime="7883" fillType="color" mediaFillMode="stretch" s=".roundrect">
    <transform>
      <location value="993.302490,573.302490,0.000000" />
      <scale value="19.355001,10.887187" />
    </transform>
    <fillColor value="#ff82d246" />
    <effect id="com.alightcreative.effects.lift" locallyApplied="true">
      <property name="fill" type="float" value="0.000000" />
    </effect>
    <effect id="com.alightcreative.effects.lift" locallyApplied="true">
      <property name="fill" type="float" value="0.000000" />
    </effect>
    <effect id="com.alightcreative.effects.lift" locallyApplied="true">
      <property name="fill" type="float" value="0.000000" />
    </effect>
    <effect id="com.alightcreative.effects.exposure" locallyApplied="true">
      <property name="exposure" type="float">
        <kf t="0.044173" v="0.000000" />
        <kf t="1.000000" v="0.000000" e="cubicBezier 0.0 0.42005348 0.0 1.0" />
        <kf t="0.535837" v="1.090000" e="cubicBezier 0.78430974 0.0 1.0 0.0" />
      </property>
      <property name="gamma" type="float" value="1.000000" />
      <property name="offset" type="float" value="0.000000" />
    </effect>
    <effect id="com.alightcreative.effects.rgbsep" locallyApplied="true">
      <property name="strength" type="float">
        <kf t="0.060942" v="0.000000" />
        <kf t="0.545707" v="-0.750000" e="cubicBezier 0.9325871 0.0 1.0 0.0" />
        <kf t="1.000000" v="0.000000" e="cubicBezier 0.0 1.0 0.0 1.0" />
      </property>
      <property name="angle" type="float" value="0.000000" />
      <property name="centerChannel" type="int" value="1" />
      <property name="mode" type="int" value="2" />
    </effect>
    <effect id="com.alightcreative.effects.pinchbulge2" locallyApplied="true">
      <property name="strength" type="float">
        <kf t="0.000000" v="0.000000" />
        <kf t="0.530933" v="1.000000" e="cubicBezier 0.9982587 0.0 1.0 0.0" />
        <kf t="1.000000" v="0.000000" e="cubicBezier 0.0 1.0 0.0 1.0" />
      </property>
      <property name="radius" type="float">
        <kf t="0.000000" v="2.500000" />
        <kf t="1.000000" v="2.500000" />
      </property>
      <property name="centerPoint" type="vec2" value="-75.000000,-564.000000" />
    </effect>
    <effect id="com.alightcreative.effects.tile" locallyApplied="true">
      <property name="scale" type="float">
        <kf t="0.000000" v="1.000000" />
        <kf t="0.515235" v="1.735000" e="cubicBezier 1.0 0.0 1.0 0.0" />
        <kf t="1.000000" v="1.000000" e="cubicBezier 0.007960199 1.0 0.0 1.0" />
      </property>
      <property name="phase" type="float" value="0.000000" />
      <property name="mirror" type="bool" value="false" />
      <property name="vertoffs" type="bool" value="false" />
      <property name="angle" type="float" value="0.000000" />
    </effect>
    <effect id="com.alightcreative.effects.jitter" locallyApplied="true">
      <property name="angle" type="float" value="45.000000" />
      <property name="freq" type="float" value="30.000000" />
      <property name="mag" type="float" value="628.000000" />
      <property name="seed" type="float" value="0.000000" />
      <property name="slack" type="float" value="0.000000" />
      <property name="zjitter" type="float" value="0.000000" />
    </effect>
    <property name="size" type="vec2" value="100.000000,100.000000" />
    <property name="cornerRadius" type="float" value="25.000000" />
  </shape>
  <shape id="6182415" label="Rounded Rectangle 5 Copy" startTime="6850" endTime="7867" fillType="color" mediaFillMode="stretch" s=".roundrect">
    <transform>
      <location value="959.999939,540.000000,0.000000" />
      <scale value="12.240001,6.885001" />
    </transform>
    <fillColor value="#ff82d246" />
    <effect id="com.alightcreative.effects.lift" locallyApplied="true">
      <property name="fill" type="float" value="0.000000" />
    </effect>
    <effect id="com.alightcreative.effects.lift" locallyApplied="true">
      <property name="fill" type="float" value="0.000000" />
    </effect>
    <effect id="com.alightcreative.effects.lift" locallyApplied="true">
      <property name="fill" type="float" value="0.000000" />
    </effect>
    <effect id="com.alightcreative.effects.circularripple2" locallyApplied="true">
      <property name="frequency" type="float" value="1.900000" />
      <property name="strength" type="float">
        <kf t="0.000000" v="0.000000" />
        <kf t="0.516224" v="0.162000" e="cubicBezier 0.98805964 0.0 1.0 0.0" />
        <kf t="0.974805" v="0.000000" e="cubicBezier 0.0 0.9582888 0.0 1.0" />
      </property>
      <property name="phase" type="float" value="0.000000" />
      <property name="radius" type="float" value="0.800000" />
      <property name="feather" type="float" value="0.100000" />
    </effect>
    <effect id="com.alightcreative.effects.tile" locallyApplied="true">
      <property name="scale" type="float">
        <kf t="0.000000" v="1.000000" />
        <kf t="0.499508" v="1.645000" e="cubicBezier 1.0 0.0 1.0 0.70320857" />
        <kf t="0.985003" v="1.000000" e="cubicBezier 0.0 1.0 0.2577114 1.0" />
      </property>
      <property name="phase" type="float" value="0.000000" />
      <property name="mirror" type="bool" value="true" />
      <property name="vertoffs" type="bool" value="false" />
      <property name="angle" type="float" value="0.000000" />
    </effect>
    <property name="size" type="vec2" value="100.000000,100.000000" />
    <property name="cornerRadius" type="float" value="25.000000" />
  </shape>
  <shape id="6182416" label="Rounded Rectangle 1" startTime="8533" endTime="10117" fillType="color" mediaFillMode="stretch" s=".roundrect">
    <transform>
      <location value="995.230164,575.230286,0.000000" />
      <scale value="11.585000,6.516562" />
    </transform>
    <fillColor value="#ffd355c8" />
    <effect id="com.alightcreative.effects.lift" locallyApplied="true">
      <property name="fill" type="float" value="0.000000" />
    </effect>
    <effect id="com.alightcreative.effects.lift" locallyApplied="true">
      <property name="fill" type="float" value="0.000000" />
    </effect>
    <effect id="com.alightcreative.effects.pinchbulge2" locallyApplied="true">
      <property name="strength" type="float">
        <kf t="-0.017857" v="0.000000" />
        <kf t="0.505715" v="1.000000" e="cubicBezier 0.81293535 0.0 1.0 0.0" />
        <kf t="1.000000" v="0.000000" e="cubicBezier 0.0 0.4497326 0.0 1.0" />
      </property>
      <property name="radius" type="float" value="2.500000" />
      <property name="centerPoint" type="vec2" value="-20.000000,-320.000000" />
    </effect>
    <effect id="com.alightcreative.effects.exposure" locallyApplied="true">
      <property name="exposure" type="float">
        <kf t="-0.017857" v="0.000000" />
        <kf t="1.000000" v="0.000000" e="cubicBezier 0.0 0.42005348 0.0 1.0" />
        <kf t="0.505715" v="1.080000" e="cubicBezier 0.55646765 0.0 1.0 0.0" />
      </property>
      <property name="gamma" type="float" value="1.000000" />
      <property name="offset" type="float" value="0.000000" />
    </effect>
    <effect id="com.alightcreative.effects.jitter" locallyApplied="true">
      <property name="angle" type="float" value="180.000000" />
      <property name="freq" type="float" value="32.500000" />
      <property name="mag" type="float" value="246.000000" />
      <property name="seed" type="float" value="0.000000" />
      <property name="slack" type="float" value="0.000000" />
      <property name="zjitter" type="float" value="0.000000" />
    </effect>
    <property name="size" type="vec2" value="100.000000,100.000000" />
    <property name="cornerRadius" type="float" value="25.000000" />
  </shape>
  <shape id="6182417" label="Rounded Rectangle 4" startTime="8666" endTime="9766" fillType="color" mediaFillMode="stretch" s=".roundrect">
    <transform>
      <location value="960.000000,540.000000,0.000000" />
      <scale value="11.440000,6.435000" />
    </transform>
    <fillColor value="#ffdcc5f8" />
    <effect id="com.alightcreative.effects.lift" locallyApplied="true">
      <property name="fill" type="float" value="0.000000" />
    </effect>
    <effect id="com.alightcreative.effects.lift" locallyApplied="true">
      <property name="fill" type="float" value="0.000000" />
    </effect>
    <effect id="com.alightcreative.effects.circularripple2" locallyApplied="true">
      <property name="frequency" type="float" value="1.900000" />
      <property name="strength" type="float">
        <kf t="0.000000" v="0.000000" />
        <kf t="0.614877" v="0.162000" e="cubicBezier 1.0 0.0 1.0 1.0" />
        <kf t="0.974805" v="0.000000" e="cubicBezier 0.007960199 1.0 1.0 1.0" />
      </property>
      <property name="phase" type="float" value="0.000000" />
      <property name="radius" type="float" value="0.800000" />
      <property name="feather" type="float" value="0.100000" />
      <property name="centerPoint" type="vec2" value="-50.000000,0.000000" />
    </effect>
    <effect id="com.alightcreative.effects.tile" locallyApplied="true">
      <property name="scale" type="float">
        <kf t="0.000000" v="1.000000" />
        <kf t="0.614877" v="1.645000" e="cubicBezier 1.0 0.0 1.0 1.0" />
        <kf t="0.985003" v="1.000000" e="cubicBezier 0.0 1.0 1.0 1.0" />
      </property>
      <property name="phase" type="float" value="0.000000" />
      <property name="mirror" type="bool" value="true" />
      <property name="vertoffs" type="bool" value="false" />
      <property name="angle" type="float" value="0.000000" />
    </effect>
    <property name="size" type="vec2" value="100.000000,100.000000" />
    <property name="cornerRadius" type="float" value="25.000000" />
  </shape>
  <shape id="6182418" label="Rounded Rectangle 2" startTime="10250" endTime="11216" fillType="color" mediaFillMode="stretch" s=".roundrect">
    <transform>
      <location value="960.000000,540.000000,0.000000" />
      <scale value="15.995000,15.995000" />
    </transform>
    <fillColor value="#ff3ae1f7" />
    <effect id="com.alightcreative.effects.lift" locallyApplied="true">
      <property name="fill" type="float" value="0.000000" />
    </effect>
    <effect id="com.alightcreative.effects.tile" locallyApplied="true">
      <property name="scale" type="float">
        <kf t="0.000000" v="1.000000" />
        <kf t="0.525880" v="2.095000" e="cubicBezier 0.8251244 0.0 1.0 0.0" />
        <kf t="1.000000" v="1.000000" e="cubicBezier 0.0 0.6093583 0.0 1.0" />
      </property>
      <property name="phase" type="float" value="0.000000" />
      <property name="mirror" type="bool" value="false" />
      <property name="vertoffs" type="bool" value="false" />
      <property name="angle" type="float" value="0.000000" />
    </effect>
    <effect id="com.alightcreative.effects.dblur" locallyApplied="true">
      <property name="strength" type="float">
        <kf t="0.000000" v="0.000000" />
        <kf t="0.543478" v="0.090000" e="cubicBezier 1.0 0.0 1.0 1.0" />
        <kf t="1.000000" v="0.000000" e="cubicBezier 0.0 0.0 0.0 1.0" />
      </property>
      <property name="angle" type="float" value="0.000000" />
    </effect>
    <effect id="com.alightcreative.effects.exposure" locallyApplied="true">
      <property name="exposure" type="float">
        <kf t="0.000000" v="0.000000" />
        <kf t="1.000000" v="0.000000" e="cubicBezier 0.0 0.6639037 0.0 1.0" />
        <kf t="0.525880" v="2.000000" e="cubicBezier 1.0 0.0 1.0 1.0" />
      </property>
      <property name="gamma" type="float" value="1.000000" />
      <property name="offset" type="float" value="0.000000" />
    </effect>
    <effect id="com.alightcreative.effects.shake2" locallyApplied="true">
      <property name="mag" type="float" value="414.000000" />
      <property name="freq" type="float" value="5.760000" />
      <property name="evolution" type="float" value="1.320000" />
      <property name="seed" type="float" value="0.000000" />
      <property name="angle" type="float" value="45.000000" />
      <property name="slack" type="float" value="0.250000" />
      <property name="zshake" type="float" value="0.000000" />
    </effect>
    <property name="size" type="vec2" value="100.000000,100.000000" />
    <property name="cornerRadius" type="float" value="25.000000" />
  </shape>
  <shape id="6182419" label="Rounded Rectangle 5" startTime="11733" endTime="12483" fillType="color" mediaFillMode="stretch" s=".roundrect">
    <transform>
      <location value="993.302490,573.302490,0.000000" />
      <scale value="12.434999,6.994689" />
    </transform>
    <fillColor value="#ff82d246" />
    <effect id="com.alightcreative.effects.lift" locallyApplied="true">
      <property name="fill" type="float" value="0.000000" />
    </effect>
    <effect id="com.alightcreative.effects.exposure" locallyApplied="true">
      <property name="exposure" type="float">
        <kf t="-0.010667" v="0.000000" />
        <kf t="0.922667" v="0.000000" e="cubicBezier 0.0 0.42005348 0.0 1.0" />
        <kf t="0.440415" v="2.000000" e="cubicBezier 0.8032338 0.0 1.0 0.0" />
      </property>
      <property name="gamma" type="float" value="1.000000" />
      <property name="offset" type="float" value="0.000000" />
    </effect>
    <effect id="com.alightcreative.effects.jitter" locallyApplied="true">
      <property name="angle" type="float" value="45.000000" />
      <property name="freq" type="float" value="30.000000" />
      <property name="mag" type="float" value="130.000000" />
      <property name="seed" type="float" value="0.000000" />
      <property name="slack" type="float" value="0.000000" />
      <property name="zjitter" type="float" value="0.000000" />
    </effect>
    <effect id="com.alightcreative.effects.rgbsep" locallyApplied="true">
      <property name="strength" type="float">
        <kf t="0.033333" v="0.000000" />
        <kf t="0.900000" v="0.000000" e="cubicBezier 0.0 0.63823533 0.0 1.0" />
        <kf t="0.454667" v="0.110000" e="cubicBezier 1.0 0.0 1.0 1.0" />
      </property>
      <property name="angle" type="float" value="0.000000" />
      <property name="centerChannel" type="int" value="1" />
      <property name="mode" type="int" value="2" />
    </effect>
    <effect id="com.alightcreative.effects.pinchbulge2" locallyApplied="true">
      <property name="strength" type="float">
        <kf t="0.056000" v="0.000000" />
        <kf t="0.945333" v="0.000000" e="cubicBezier 0.0 0.7312834 0.0 1.0" />
        <kf t="0.433334" v="1.000000" e="cubicBezier 0.8589552 0.0 1.0 0.0" />
      </property>
      <property name="radius" type="float">
        <kf t="0.078667" v="2.500000" />
        <kf t="0.945333" v="2.500000" />
      </property>
      <property name="centerPoint" type="vec2" value="-75.000000,-564.000000" />
    </effect>
    <effect id="com.alightcreative.effects.tile" locallyApplied="true">
      <property name="scale" type="float">
        <kf t="0.078667" v="1.000000" />
        <kf t="0.410666" v="1.735000" e="cubicBezier 0.7664179 0.0 1.0 0.0" />
        <kf t="0.945333" v="1.000000" e="cubicBezier 0.0 0.763369 0.07338309 1.0" />
      </property>
      <property name="phase" type="float" value="0.000000" />
      <property name="mirror" type="bool" value="false" />
      <property name="vertoffs" type="bool" value="false" />
      <property name="angle" type="float" value="0.000000" />
    </effect>
    <property name="size" type="vec2" value="100.000000,100.000000" />
    <property name="cornerRadius" type="float" value="25.000000" />
  </shape>
  <shape id="6182420" label="Rounded Rectangle 5 Copy" startTime="11733" endTime="12433" fillType="color" mediaFillMode="stretch" s=".roundrect">
    <transform>
      <location value="959.999939,540.000000,0.000000" />
      <scale value="12.240001,6.885001" />
    </transform>
    <fillColor value="#ff82d246" />
    <effect id="com.alightcreative.effects.lift" locallyApplied="true">
      <property name="fill" type="float" value="0.000000" />
    </effect>
    <effect id="com.alightcreative.effects.lift" locallyApplied="true">
      <property name="fill" type="float" value="0.000000" />
    </effect>
    <effect id="com.alightcreative.effects.lift" locallyApplied="true">
      <property name="fill" type="float" value="0.000000" />
    </effect>
    <effect id="com.alightcreative.effects.circularripple2" locallyApplied="true">
      <property name="frequency" type="float" value="1.900000" />
      <property name="strength" type="float">
        <kf t="-0.035714" v="0.000000" />
        <kf t="0.440000" v="0.162000" e="cubicBezier 0.9840796 0.0 1.0 0.61497325" />
        <kf t="0.964286" v="0.000000" e="cubicBezier 0.0 0.9582888 0.32238805 1.0" />
      </property>
      <property name="phase" type="float" value="0.000000" />
      <property name="radius" type="float" value="0.800000" />
      <property name="feather" type="float" value="0.100000" />
    </effect>
    <effect id="com.alightcreative.effects.tile" locallyApplied="true">
      <property name="scale" type="float">
        <kf t="-0.035714" v="1.000000" />
        <kf t="0.415714" v="1.645000" e="cubicBezier 1.0 0.0 1.0 0.70320857" />
        <kf t="1.011429" v="1.000000" e="cubicBezier 0.0 1.0 0.2577114 1.0" />
      </property>
      <property name="phase" type="float" value="0.000000" />
      <property name="mirror" type="bool" value="true" />
      <property name="vertoffs" type="bool" value="false" />
      <property name="angle" type="float" value="0.000000" />
    </effect>
    <property name="size" type="vec2" value="100.000000,100.000000" />
    <property name="cornerRadius" type="float" value="25.000000" />
  </shape>
  <shape id="6182421" label="Rounded Rectangle 1" startTime="12800" endTime="14384" fillType="color" mediaFillMode="stretch" s=".roundrect">
    <transform>
      <location value="957.297363,537.297363,0.000000" />
      <scale value="15.344999,8.631567" />
    </transform>
    <fillColor value="#ffd355c8" />
    <effect id="com.alightcreative.effects.lift" locallyApplied="true">
      <property name="fill" type="float" value="0.000000" />
    </effect>
    <effect id="com.alightcreative.effects.lift" locallyApplied="true">
      <property name="fill" type="float" value="0.000000" />
    </effect>
    <effect id="com.alightcreative.effects.pinchbulge2" locallyApplied="true">
      <property name="strength" type="float">
        <kf t="-0.017857" v="0.000000" />
        <kf t="0.505715" v="1.000000" e="cubicBezier 0.81293535 0.0 1.0 0.0" />
        <kf t="1.000000" v="0.000000" e="cubicBezier 0.0 0.4497326 0.0 1.0" />
      </property>
      <property name="radius" type="float" value="2.500000" />
    </effect>
    <effect id="com.alightcreative.effects.exposure" locallyApplied="true">
      <property name="exposure" type="float">
        <kf t="-0.017857" v="0.000000" />
        <kf t="1.000000" v="0.000000" e="cubicBezier 0.0 0.42005348 0.0 1.0" />
        <kf t="0.505715" v="1.080000" e="cubicBezier 0.55646765 0.0 1.0 0.0" />
      </property>
      <property name="gamma" type="float" value="1.000000" />
      <property name="offset" type="float" value="0.000000" />
    </effect>
    <effect id="com.alightcreative.effects.jitter" locallyApplied="true">
      <property name="angle" type="float" value="45.000000" />
      <property name="freq" type="float" value="30.000000" />
      <property name="mag" type="float" value="130.000000" />
      <property name="seed" type="float" value="0.000000" />
      <property name="slack" type="float" value="0.000000" />
      <property name="zjitter" type="float" value="0.000000" />
    </effect>
    <effect id="com.alightcreative.fourcolorgradient" locallyApplied="true">
      <property name="color1" type="color">
        <kf t="0.047348" v="#ffff0000" />
      </property>
      <property name="offset1" type="vec2" value="-233.000000,-500.000000" />
      <property name="color2" type="color" value="#ff00ff00" />
      <property name="offset2" type="vec2" value="419.000000,-500.000000" />
      <property name="color3" type="color" value="#ff0000ff" />
      <property name="offset3" type="vec2" value="-1106.000000,0.000000" />
      <property name="color4" type="color" value="#ffff00ff" />
      <property name="offset4" type="vec2" value="390.000000,0.000000" />
      <property name="blend" type="float" value="2.000000" />
      <property name="alpha" type="float">
        <kf t="0.000000" v="0.000000" />
        <kf t="0.499369" v="1.000000" e="cubicBezier 1.0 0.0 1.0 1.0" />
        <kf t="1.000000" v="0.000000" e="cubicBezier 0.06169154 0.0 0.0 1.0" />
      </property>
      <property name="blendMode" type="int" value="1" />
    </effect>
    <property name="size" type="vec2" value="100.000000,100.000000" />
    <property name="cornerRadius" type="float" value="25.000000" />
  </shape>
  <shape id="6182422" label="Rounded Rectangle 4" startTime="12933" endTime="14033" fillType="color" mediaFillMode="stretch" s=".roundrect">
    <transform>
      <location value="960.000000,540.000000,0.000000" />
      <scale value="13.210000,7.430626" />
    </transform>
    <fillColor value="#ffdcc5f8" />
    <effect id="com.alightcreative.effects.lift" locallyApplied="true">
      <property name="fill" type="float" value="0.000000" />
    </effect>
    <effect id="com.alightcreative.effects.lift" locallyApplied="true">
      <property name="fill" type="float" value="0.000000" />
    </effect>
    <effect id="com.alightcreative.effects.circularripple2" locallyApplied="true">
      <property name="frequency" type="float" value="1.900000" />
      <property name="strength" type="float">
        <kf t="0.000000" v="0.000000" />
        <kf t="0.614877" v="0.162000" e="cubicBezier 1.0 0.0 1.0 1.0" />
        <kf t="0.974805" v="0.000000" e="cubicBezier 0.007960199 1.0 1.0 1.0" />
      </property>
      <property name="phase" type="float" value="0.000000" />
      <property name="radius" type="float" value="0.800000" />
      <property name="feather" type="float" value="0.100000" />
    </effect>
    <effect id="com.alightcreative.effects.tile" locallyApplied="true">
      <property name="scale" type="float">
        <kf t="0.000000" v="1.000000" />
        <kf t="0.614877" v="1.645000" e="cubicBezier 1.0 0.0 1.0 1.0" />
        <kf t="0.985003" v="1.000000" e="cubicBezier 0.0 1.0 1.0 1.0" />
      </property>
      <property name="phase" type="float" value="0.000000" />
      <property name="mirror" type="bool" value="true" />
      <property name="vertoffs" type="bool" value="false" />
      <property name="angle" type="float" value="0.000000" />
    </effect>
    <property name="size" type="vec2" value="100.000000,100.000000" />
    <property name="cornerRadius" type="float" value="25.000000" />
  </shape>
  <shape id="6182423" label="Rounded Rectangle 6" startTime="14666" endTime="16316" fillType="color" mediaFillMode="stretch" s=".roundrect">
    <transform>
      <location value="960.000000,540.000000,0.000000" />
      <scale value="16.160000,16.160000" />
    </transform>
    <fillColor value="#ff4644f4" />
    <effect id="com.alightcreative.effects.lift" locallyApplied="true">
      <property name="fill" type="float" value="0.000000" />
    </effect>
    <effect id="com.alightcreative.effects.tile" locallyApplied="true">
      <property name="scale" type="float">
        <kf t="1.000000" v="1.000000" e="cubicBezier 0.0 1.0 0.0 1.0" />
        <kf t="0.000000" v="1.000000" e="cubicBezier 0.1628588 0.9766984 0.0 1.0" />
        <kf t="0.560606" v="3.420000" e="cubicBezier 0.95621884 0.0 1.0 0.0" />
      </property>
      <property name="phase" type="float" value="0.000000" />
      <property name="mirror" type="bool" value="false" />
      <property name="vertoffs" type="bool" value="false" />
      <property name="angle" type="float" value="0.000000" />
    </effect>
    <effect id="com.alightcreative.effects.streaks-zoom" locallyApplied="true">
      <property name="centerPoint" type="vec2" value="-14.000000,0.000000" />
      <property name="strength" type="float">
        <kf t="0.192121" v="0.000000" />
        <kf t="0.838182" v="0.000000" e="cubicBezier 0.0 0.76016045 0.0 1.0" />
        <kf t="0.560606" v="1.000000" e="cubicBezier 1.0 0.0 1.0 0.0" />
      </property>
      <property name="alpha" type="float" value="1.000000" />
      <property name="bias" type="float" value="0.000000" />
      <property name="adaptive" type="bool" value="true" />
      <property name="rmode" type="int" value="1" />
      <property name="gmode" type="int" value="1" />
      <property name="bmode" type="int" value="1" />
      <property name="amode" type="int" value="1" />
    </effect>
    <effect id="com.alightcreative.effects.oscillate3" locallyApplied="true">
      <property name="direction" type="int" value="0" />
      <property name="angle" type="float" value="168.300003" />
      <property name="freq" type="float" value="7.860000" />
      <property name="mag" type="float" value="588.000000" />
      <property name="type" type="int" value="0" />
      <property name="phase" type="float" value="0.000000" />
    </effect>
    <effect id="com.alightcreative.effects.oscillate3" locallyApplied="true">
      <property name="direction" type="int" value="0" />
      <property name="angle" type="float" value="45.000000" />
      <property name="freq" type="float" value="7.860000" />
      <property name="mag" type="float" value="588.000000" />
      <property name="type" type="int" value="0" />
      <property name="phase" type="float" value="0.000000" />
    </effect>
    <property name="size" type="vec2" value="100.000000,100.000000" />
    <property name="cornerRadius" type="float" value="25.000000" />
  </shape>
  <shape id="6182424" label="Rounded Rectangle 1" startTime="16900" endTime="17799" fillType="color" mediaFillMode="stretch" s=".roundrect">
    <transform>
      <location value="1054.239136,525.262695,0.000000" />
      <scale value="0.667849,0.667849" />
    </transform>
    <fillColor value="#fff79466" />
    <effect id="com.alightcreative.effects.lift" locallyApplied="true">
      <property name="fill" type="float" value="0.000000" />
    </effect>
    <effect id="com.alightcreative.effects.tile" locallyApplied="true">
      <property name="scale" type="float">
        <kf t="0.027809" v="1.000000" />
        <kf t="0.973304" v="1.000000" e="cubicBezier 0.0 1.0 0.0 1.0" />
        <kf t="0.380423" v="4.905000" e="cubicBezier 1.0 0.0 1.0 0.27" />
      </property>
      <property name="phase" type="float" value="0.000000" />
      <property name="mirror" type="bool" value="true" />
      <property name="vertoffs" type="bool" value="false" />
      <property name="angle" type="float" value="0.000000" />
    </effect>
    <effect id="com.alightcreative.effects.circularripple" locallyApplied="true">
      <property name="frequency" type="float" value="2.460000" />
      <property name="radius" type="float" value="0.800000" />
      <property name="strength" type="float">
        <kf t="-1.039983" v="0.000000" />
        <kf t="0.021988" v="0.000000" />
        <kf t="0.980769" v="-0.001000" e="cubicBezier 0.0 1.0 0.0 1.0" />
        <kf t="0.380423" v="0.271000" e="cubicBezier 1.0 0.0 1.0 0.27" />
      </property>
      <property name="phase" type="float" value="0.000000" />
      <property name="feather" type="float" value="0.100000" />
    </effect>
    <effect id="com.alightcreative.effects.brightcont2" locallyApplied="true">
      <property name="brightness" type="float">
        <kf t="0.027809" v="0.000000" />
        <kf t="0.380423" v="-0.150000" e="cubicBezier 1.0 0.0 1.0 0.27" />
        <kf t="0.973304" v="0.000000" e="cubicBezier 0.018030524 1.0 0.0 1.0" />
      </property>
      <property name="contrast" type="float">
        <kf t="0.027809" v="0.000000" />
        <kf t="0.380423" v="3.000000" e="cubicBezier 1.0 0.0 1.0 0.27" />
        <kf t="0.973304" v="0.000000" e="cubicBezier 0.0 1.0 0.0 1.0" />
      </property>
    </effect>
    <effect id="com.alightcreative.effects.jitter" locallyApplied="true">
      <property name="angle" type="float" value="45.000000" />
      <property name="freq" type="float">
        <kf t="0.027809" v="27.500000" />
        <kf t="0.973304" v="27.500000" />
        <kf t="0.380423" v="40.000000" />
      </property>
      <property name="mag" type="float">
        <kf t="0.027809" v="25.000000" />
        <kf t="0.973304" v="25.000000" />
        <kf t="0.380423" v="85.000000" />
      </property>
      <property name="seed" type="float" value="0.000000" />
      <property name="slack" type="float" value="0.000000" />
      <property name="zjitter" type="float" value="0.000000" />
    </effect>
    <effect id="com.alightcreative.effects.rgbsep" locallyApplied="true">
      <property name="strength" type="float">
        <kf t="0.027809" v="0.000000" />
        <kf t="0.380423" v="0.170000" e="cubicBezier 1.0 0.0 1.0 0.27" />
        <kf t="0.973304" v="0.000000" e="cubicBezier 0.0 1.0 0.0 1.0" />
      </property>
      <property name="angle" type="float" value="0.000000" />
      <property name="centerChannel" type="int" value="1" />
      <property name="mode" type="int" value="2" />
    </effect>
    <effect id="com.alightcreative.effects.wavewarp2" locallyApplied="true">
      <property name="phase" type="float" value="0.470000" />
      <property name="a1d" type="float" value="56.000000" />
      <property name="m1" type="float" value="10.500000" />
      <property name="m2" type="float">
        <kf t="0.027809" v="0.000000" />
        <kf t="0.324805" v="0.000000" />
        <kf t="0.380423" v="6.100000" />
        <kf t="0.973304" v="0.000000" e="cubicBezier 0.0 0.8067226 0.34389746 1.0" />
      </property>
      <property name="a2d" type="float" value="90.000000" />
      <property name="damping" type="float" value="0.610000" />
      <property name="dampingSpace" type="float" value="0.000000" />
      <property name="dampingOrigin" type="float" value="0.500000" />
      <property name="screenSpace" type="bool" value="false" />
    </effect>
    <property name="size" type="vec2" value="1658.838135,957.800659" />
    <property name="cornerRadius" type="float" value="25.000000" />
  </shape>
  <shape id="6182425" label="Rounded Rectangle 3" startTime="18133" endTime="19466" fillType="color" mediaFillMode="stretch" s=".roundrect">
    <transform>
      <location>
        <kf t="0.006002" v="953.974121,533.974121,0.000000" />
        <kf t="0.981245" v="953.974121,533.974121,0.000000" e="cubicBezier 0.0 1.0 0.0010402203 1.0" />
        <kf t="0.431358" v="513.766357,102.342712,0.000000" e="cubicBezier 0.0 0.0 1.0 0.0" />
      </location>
    </transform>
    <fillColor value="#ff534f9e" />
    <effect id="com.alightcreative.effects.lift" locallyApplied="true">
      <property name="fill" type="float" value="0.000000" />
    </effect>
    <effect id="com.alightcreative.effects.tile" locallyApplied="true">
      <property name="scale" type="float" value="1.000000" />
      <property name="phase" type="float" value="0.000000" />
      <property name="mirror" type="bool" value="true" />
      <property name="vertoffs" type="bool" value="false" />
      <property name="angle" type="float" value="0.000000" />
    </effect>
    <effect id="com.alightcreative.effects.tile" locallyApplied="true">
      <property name="scale" type="float">
        <kf t="0.012003" v="1.000000" />
        <kf t="0.987247" v="1.000000" e="cubicBezier 0.0 1.0 0.0 1.0" />
        <kf t="0.437359" v="3.850000" e="cubicBezier 0.6797066 0.0 1.0 0.0" />
      </property>
      <property name="phase" type="float" value="0.000000" />
      <property name="mirror" type="bool" value="true" />
      <property name="vertoffs" type="bool" value="false" />
      <property name="angle" type="float" value="0.000000" />
    </effect>
    <effect id="com.alightcreative.effects.pinchbulge" locallyApplied="true">
      <property name="strength" type="float" value="0.000000" />
      <property name="radius" type="float" value="2.500000" />
    </effect>
    <effect id="com.alightcreative.effects.randomdisplace" locallyApplied="true">
      <property name="mag" type="float" value="264.000000" />
      <property name="evolution" type="float">
        <kf t="0.012003" v="7.700000" />
        <kf t="0.987247" v="7.700000" e="cubicBezier 0.0 0.867165 0.0043689013 1.0" />
        <kf t="0.437359" v="10.660000" e="cubicBezier 0.0 0.0 1.0 0.0" />
      </property>
      <property name="seed" type="float">
        <kf t="0.012003" v="0.000000" />
        <kf t="0.987247" v="0.000000" e="cubicBezier 0.0 1.0 0.04098475 1.0" />
        <kf t="0.437359" v="0.000000" />
      </property>
      <property name="scatter" type="float" value="0.000000" />
    </effect>
    <property name="size" type="vec2" value="1226.802490,1226.802490" />
    <property name="cornerRadius" type="float" value="25.000000" />
  </shape>
  <shape id="6182426" label="Rounded Rectangle 1" startTime="19533" endTime="20933" fillType="color" mediaFillMode="stretch" s=".roundrect">
    <transform>
      <location value="920.280090,497.371460,0.000000" />
    </transform>
    <fillColor value="#ff7dd8b3" />
    <effect id="com.alightcreative.effects.lift" locallyApplied="true">
      <property name="fill" type="float" value="0.000000" />
    </effect>
    <effect id="com.alightcreative.effects.tile" locallyApplied="true">
      <property name="scale" type="float" value="1.000000" />
      <property name="phase" type="float" value="0.000000" />
      <property name="mirror" type="bool" value="true" />
      <property name="vertoffs" type="bool" value="false" />
      <property name="angle" type="float" value="0.000000" />
    </effect>
    <effect id="com.alightcreative.effects.tile" locallyApplied="true">
      <property name="scale" type="float">
        <kf t="-0.005714" v="1.000000" />
        <kf t="0.422857" v="1.610000" e="cubicBezier 0.0 0.0 1.0 0.0" />
        <kf t="0.994286" v="1.000000" e="cubicBezier 0.0 1.0 0.0 1.0" />
      </property>
      <property name="phase" type="float" value="0.000000" />
      <property name="mirror" type="bool" value="true" />
      <property name="vertoffs" type="bool" value="false" />
      <property name="angle" type="float">
        <kf t="-0.005714" v="0.000000" />
        <kf t="0.994286" v="0.000000" e="cubicBezier 0.0 1.0 0.0 1.0" />
        <kf t="0.422857" v="-22.000000" e="cubicBezier 0.0 0.0 1.0 0.0" />
      </property>
    </effect>
    <effect id="com.alightcreative.effects.pinchbulge2" locallyApplied="true">
      <property name="strength" type="float">
        <kf t="-0.005714" v="0.000000" />
        <kf t="0.994286" v="0.000000" e="cubicBezier 0.0 1.0 0.0 1.0" />
        <kf t="0.422857" v="-0.630000" e="cubicBezier 0.0 0.0 1.0 0.0" />
      </property>
      <property name="radius" type="float" value="1.150000" />
    </effect>
    <property name="size" type="vec2" value="1122.579712,855.271545" />
    <property name="cornerRadius" type="float" value="25.000000" />
  </shape>
  <shape id="6182427" label="Rounded Rectangle 1" startTime="21233" endTime="23500" fillType="color" mediaFillMode="stretch" s=".roundrect">
    <transform>
      <location value="1002.870117,509.810547,0.000000" />
    </transform>
    <fillColor value="#ff7dd8b3" />
    <effect id="com.alightcreative.effects.lift" locallyApplied="true">
      <property name="fill" type="float" value="0.000000" />
    </effect>
    <effect id="com.alightcreative.effects.tile" locallyApplied="true">
      <property name="scale" type="float">
        <kf t="-0.003529" v="1.000000" />
        <kf t="0.996471" v="1.000000" e="cubicBezier 0.0 1.0 0.0 1.0" />
        <kf t="0.297750" v="3.620000" e="cubicBezier 0.779265 0.0 1.0 0.0" />
        <kf t="0.481694" v="1.000000" e="cubicBezier 0.0 1.0 0.0 1.0" />
      </property>
      <property name="phase" type="float" value="0.000000" />
      <property name="mirror" type="bool" value="true" />
      <property name="vertoffs" type="bool" value="false" />
      <property name="angle" type="float">
        <kf t="-0.003529" v="0.000000" />
        <kf t="0.996471" v="0.000000" e="cubicBezier 0.0 1.0 0.0 1.0" />
        <kf t="0.297750" v="6.000000" e="cubicBezier 0.66574204 0.0 1.0 0.0" />
      </property>
    </effect>
    <effect id="com.alightcreative.effects.fractalwarp4" locallyApplied="true">
      <property name="offs" type="vec2">
        <kf t="0.996471" v="1055.000000,0.000000" />
        <kf t="0.297750" v="0.000000,0.000000" />
      </property>
      <property name="parr" type="vec2">
        <kf t="0.297750" v="189.000000,0.000000" />
        <kf t="0.996471" v="1511.000000,0.000000" />
      </property>
      <property name="mag" type="float">
        <kf t="-0.003529" v="0.000000" />
        <kf t="0.290693" v="0.000000" />
        <kf t="0.297750" v="0.405000" />
        <kf t="0.996471" v="0.000000" e="cubicBezier 0.0 1.0 1.0 1.0" />
      </property>
      <property name="scale" type="float" value="1.000000" />
      <property name="intensity" type="float" value="0.500000" />
      <property name="screenSpace" type="bool" value="false" />
      <property name="octaves" type="float" value="6.000000" />
    </effect>
    <property name="size" type="vec2" value="1034.661133,855.271545" />
    <property name="cornerRadius" type="float" value="25.000000" />
  </shape>
  <shape id="6182428" label="Velocity&#129316;" startTime="23800" endTime="24808" fillType="color" speed="2.000000" mediaFillMode="stretch" s=".roundrect">
    <transform>
      <location value="1062.697021,674.734558,0.000000" />
    </transform>
    <fillColor value="#fff99af0" />
    <effect id="com.alightcreative.effects.lift" locallyApplied="true">
      <property name="fill" type="float" value="0.000000" />
    </effect>
    <effect id="com.alightcreative.effects.pinchbulge2" locallyApplied="true">
      <property name="strength" type="float">
        <kf t="0.000000" v="0.000000" />
        <kf t="0.508929" v="0.500000" e="cubicBezier 1.0 0.0 1.0 1.0" />
        <kf t="1.000000" v="0.000000" e="cubicBezier 0.0 0.0 0.0 1.0" />
      </property>
      <property name="radius" type="float" value="2.500000" />
    </effect>
    <effect id="com.alightcreative.effects.tile" locallyApplied="true">
      <property name="scale" type="float" value="1.000000" />
      <property name="phase" type="float" value="0.000000" />
      <property name="mirror" type="bool" value="true" />
      <property name="vertoffs" type="bool" value="false" />
      <property name="angle" type="float">
        <kf t="0.000000" v="0.000000" />
        <kf t="1.000000" v="0.000000" e="cubicBezier 0.0 0.72 0.0 1.0" />
        <kf t="0.508929" v="6.500000" e="cubicBezier 1.0 0.0 1.0 0.28" />
      </property>
    </effect>
    <effect id="com.alightcreative.effects.oscillate3" locallyApplied="true">
      <property name="direction" type="int" value="0" />
      <property name="angle" type="float" value="0.000000" />
      <property name="freq" type="float">
        <kf t="0.000000" v="0.000000" />
        <kf t="1.000000" v="0.000000" />
        <kf t="0.508929" v="4.000000" />
      </property>
      <property name="mag" type="float" value="350.000000" />
      <property name="type" type="int" value="0" />
      <property name="phase" type="float" value="0.000000" />
    </effect>
    <effect id="com.alightcreative.effects.exposure" locallyApplied="true">
      <property name="exposure" type="float">
        <kf t="0.000000" v="0.000000" />
        <kf t="1.000000" v="0.000000" />
        <kf t="0.508929" v="0.300000" />
      </property>
      <property name="gamma" type="float" value="1.000000" />
      <property name="offset" type="float" value="0.000000" />
    </effect>
    <effect id="com.alightcreative.effects.zoomblur3" locallyApplied="true">
      <property name="strength" type="float">
        <kf t="0.000000" v="0.000000" />
        <kf t="0.508929" v="0.200000" e="cubicBezier 1.0 0.0 1.0 1.0" />
        <kf t="1.000000" v="0.000000" e="cubicBezier 0.0 0.0 0.0 1.0" />
      </property>
      <property name="adaptive" type="bool" value="true" />
    </effect>
    <effect id="com.alightcreative.effects.oscillate3" locallyApplied="true">
      <property name="direction" type="int" value="0" />
      <property name="angle" type="float" value="90.000000" />
      <property name="freq" type="float" value="4.000000" />
      <property name="mag" type="float">
        <kf t="0.483631" v="0.000000" />
        <kf t="1.004464" v="0.000000" />
        <kf t="0.508929" v="301.000000" />
      </property>
      <property name="type" type="int" value="0" />
      <property name="phase" type="float" value="0.000000" />
    </effect>
    <property name="size" type="vec2" value="1614.964844,1063.562012" />
    <property name="cornerRadius" type="float" value="25.000000" />
  </shape>
  <shape id="6182430" label="middle pump" startTime="25000" endTime="26584" fillType="color" mediaFillMode="stretch" s=".roundrect">
    <transform>
      <location value="973.940002,566.034302,0.000000" />
      <scale value="12.800000,7.200000" />
    </transform>
    <fillColor value="#ffd355c8" />
    <effect id="com.alightcreative.effects.lift" locallyApplied="true">
      <property name="fill" type="float" value="0.000000" />
    </effect>
    <effect id="com.alightcreative.effects.lift" locallyApplied="true">
      <property name="fill" type="float" value="0.000000" />
    </effect>
    <effect id="com.alightcreative.effects.pinchbulge2" locallyApplied="true">
      <property name="strength" type="float">
        <kf t="-0.017857" v="0.000000" />
        <kf t="0.505715" v="1.000000" e="cubicBezier 0.81293535 0.0 1.0 0.0" />
        <kf t="1.000000" v="0.000000" e="cubicBezier 0.0 0.4497326 0.0 1.0" />
      </property>
      <property name="radius" type="float" value="2.500000" />
    </effect>
    <effect id="com.alightcreative.effects.exposure" locallyApplied="true">
      <property name="exposure" type="float">
        <kf t="-0.017857" v="0.000000" />
        <kf t="1.000000" v="0.000000" e="cubicBezier 0.0 0.42005348 0.0 1.0" />
        <kf t="0.505715" v="1.080000" e="cubicBezier 0.55646765 0.0 1.0 0.0" />
      </property>
      <property name="gamma" type="float" value="1.000000" />
      <property name="offset" type="float" value="0.000000" />
    </effect>
    <effect id="com.alightcreative.effects.jitter" locallyApplied="true">
      <property name="angle" type="float" value="45.000000" />
      <property name="freq" type="float" value="30.000000" />
      <property name="mag" type="float" value="130.000000" />
      <property name="seed" type="float" value="0.000000" />
      <property name="slack" type="float" value="0.000000" />
      <property name="zjitter" type="float" value="0.000000" />
    </effect>
    <property name="size" type="vec2" value="100.000000,100.000000" />
    <property name="cornerRadius" type="float" value="25.000000" />
  </shape>
  <shape id="6182431" label="middle pumps" startTime="25200" endTime="26300" fillType="color" mediaFillMode="stretch" s=".roundrect">
    <transform>
      <location value="949.511108,607.700195,0.000000" />
      <scale value="12.800001,7.200000" />
    </transform>
    <fillColor value="#ffdcc5f8" />
    <effect id="com.alightcreative.effects.lift" locallyApplied="true">
      <property name="fill" type="float" value="0.000000" />
    </effect>
    <effect id="com.alightcreative.effects.lift" locallyApplied="true">
      <property name="fill" type="float" value="0.000000" />
    </effect>
    <effect id="com.alightcreative.effects.circularripple2" locallyApplied="true">
      <property name="frequency" type="float" value="1.900000" />
      <property name="strength" type="float">
        <kf t="0.000000" v="0.000000" />
        <kf t="0.614877" v="0.162000" e="cubicBezier 1.0 0.0 1.0 1.0" />
        <kf t="0.974805" v="0.000000" e="cubicBezier 0.007960199 1.0 1.0 1.0" />
      </property>
      <property name="phase" type="float" value="0.000000" />
      <property name="radius" type="float" value="0.800000" />
      <property name="feather" type="float" value="0.100000" />
    </effect>
    <effect id="com.alightcreative.effects.tile" locallyApplied="true">
      <property name="scale" type="float">
        <kf t="0.000000" v="1.000000" />
        <kf t="0.614877" v="1.645000" e="cubicBezier 1.0 0.0 1.0 1.0" />
        <kf t="0.985003" v="1.000000" e="cubicBezier 0.0 1.0 1.0 1.0" />
      </property>
      <property name="phase" type="float" value="0.000000" />
      <property name="mirror" type="bool" value="true" />
      <property name="vertoffs" type="bool" value="false" />
      <property name="angle" type="float" value="0.000000" />
    </effect>
    <property name="size" type="vec2" value="100.000000,100.000000" />
    <property name="cornerRadius" type="float" value="25.000000" />
  </shape>
  <shape id="6182433" label="Rounded Rectangle 2" startTime="27033" endTime="28800" fillType="color" mediaFillMode="stretch" s=".roundrect">
    <transform>
      <location value="1005.125183,456.075745,0.000000" />
      <scale value="14.969999,8.420623" />
    </transform>
    <fillColor value="#ffd446dc" />
    <effect id="com.alightcreative.effects.lift" locallyApplied="true">
      <property name="fill" type="float" value="0.000000" />
    </effect>
    <effect id="com.alightcreative.effects.pinchbulge2" locallyApplied="true">
      <property name="strength" type="float">
        <kf t="0.000000" v="0.000000" />
        <kf t="1.000000" v="0.000000" e="cubicBezier 0.0 1.0 1.0 1.0" />
        <kf t="0.608376" v="1.000000" e="cubicBezier 0.65174127 0.0064171124 1.0 0.0" />
      </property>
      <property name="radius" type="float" value="2.500000" />
    </effect>
    <effect id="com.alightcreative.effects.exposure" locallyApplied="true">
      <property name="exposure" type="float">
        <kf t="0.000000" v="0.000000" />
        <kf t="1.000000" v="0.000000" e="cubicBezier 0.0 0.42005348 0.0 1.0" />
        <kf t="0.608376" v="1.080000" e="cubicBezier 0.55646765 0.0 1.0 0.0" />
      </property>
      <property name="gamma" type="float" value="1.000000" />
      <property name="offset" type="float" value="0.000000" />
    </effect>
    <effect id="com.alightcreative.effects.jitter" locallyApplied="true">
      <property name="angle" type="float" value="45.000000" />
      <property name="freq" type="float" value="30.000000" />
      <property name="mag" type="float" value="302.000000" />
      <property name="seed" type="float" value="0.000000" />
      <property name="slack" type="float" value="0.000000" />
      <property name="zjitter" type="float" value="0.000000" />
    </effect>
    <property name="size" type="vec2" value="100.000000,100.000000" />
    <property name="cornerRadius" type="float" value="25.000000" />
  </shape>
  <shape id="6182434" label="Rounded Rectangle 5" startTime="29200" endTime="29917" fillType="color" mediaFillMode="stretch" s=".roundrect">
    <transform>
      <location value="993.302490,573.302490,0.000000" />
      <scale value="18.840000,10.597493" />
    </transform>
    <fillColor value="#ff82d246" />
    <effect id="com.alightcreative.effects.lift" locallyApplied="true">
      <property name="fill" type="float" value="0.000000" />
    </effect>
    <effect id="com.alightcreative.effects.exposure" locallyApplied="true">
      <property name="exposure" type="float">
        <kf t="-0.011158" v="0.000000" />
        <kf t="0.530420" v="2.000000" e="cubicBezier 0.75547266 0.0 1.0 0.0" />
        <kf t="1.011158" v="0.000000" e="cubicBezier 0.015920399 0.6639038 0.0 1.0" />
      </property>
      <property name="gamma" type="float" value="1.000000" />
      <property name="offset" type="float" value="0.000000" />
    </effect>
    <effect id="com.alightcreative.effects.jitter" locallyApplied="true">
      <property name="angle" type="float" value="45.000000" />
      <property name="freq" type="float" value="29.500000" />
      <property name="mag" type="float" value="328.000000" />
      <property name="seed" type="float" value="0.000000" />
      <property name="slack" type="float" value="0.000000" />
      <property name="zjitter" type="float" value="0.000000" />
    </effect>
    <effect id="com.alightcreative.effects.pinchbulge2" locallyApplied="true">
      <property name="strength" type="float">
        <kf t="0.058577" v="0.000000" />
        <kf t="0.941423" v="0.000000" e="cubicBezier 0.0 0.7312834 0.0 1.0" />
        <kf t="0.523013" v="1.000000" e="cubicBezier 0.8589552 0.0 1.0 0.0" />
      </property>
      <property name="radius" type="float">
        <kf t="0.034868" v="2.500000" />
        <kf t="1.011158" v="2.500000" />
      </property>
      <property name="centerPoint" type="vec2" value="-79.000000,-227.000000" />
    </effect>
    <effect id="com.alightcreative.effects.tile" locallyApplied="true">
      <property name="scale" type="float">
        <kf t="0.058577" v="1.000000" />
        <kf t="0.499302" v="1.735000" e="cubicBezier 0.7664179 0.0 1.0 0.0" />
        <kf t="0.941423" v="1.000000" e="cubicBezier 0.0 0.763369 0.07338309 1.0" />
      </property>
      <property name="phase" type="float" value="0.000000" />
      <property name="mirror" type="bool" value="true" />
      <property name="vertoffs" type="bool" value="false" />
      <property name="angle" type="float">
        <kf t="-0.278940" v="0.000000" />
        <kf t="0.500698" v="4.000000" e="cubicBezier 1.0 0.0 1.0 1.0" />
        <kf t="1.231520" v="0.000000" e="cubicBezier 0.0 0.0 0.0 1.0" />
      </property>
    </effect>
    <property name="size" type="vec2" value="100.000000,100.000000" />
    <property name="cornerRadius" type="float" value="25.000000" />
  </shape>
  <shape id="6182435" label="Rounded Rectangle 2" startTime="30200" endTime="31967" fillType="color" mediaFillMode="stretch" s=".roundrect">
    <transform>
      <location value="960.000000,540.000000,0.000000" />
      <scale value="14.625001,8.226570" />
    </transform>
    <fillColor value="#ffd446dc" />
    <effect id="com.alightcreative.effects.lift" locallyApplied="true">
      <property name="fill" type="float" value="0.000000" />
    </effect>
    <effect id="com.alightcreative.effects.pinchbulge2" locallyApplied="true">
      <property name="strength" type="float">
        <kf t="0.000000" v="0.000000" />
        <kf t="0.608376" v="1.000000" e="cubicBezier 1.0 0.0 1.0 1.0" />
        <kf t="1.000000" v="0.000000" e="cubicBezier 0.0 1.0 1.0 1.0" />
      </property>
      <property name="radius" type="float" value="2.500000" />
    </effect>
    <effect id="com.alightcreative.effects.exposure" locallyApplied="true">
      <property name="exposure" type="float">
        <kf t="0.000000" v="0.000000" />
        <kf t="0.608376" v="2.000000" e="cubicBezier 0.42 0.0 1.0 1.0" />
        <kf t="1.000000" v="0.000000" e="cubicBezier 0.0 0.0 0.58 1.0" />
      </property>
      <property name="gamma" type="float">
        <kf t="0.000000" v="1.000000" />
        <kf t="1.000000" v="1.000000" e="cubicBezier 0.0 0.5311313 0.0 1.0" />
        <kf t="0.608376" v="1.520000" e="cubicBezier 0.6882049 0.0 1.0 0.0" />
      </property>
      <property name="offset" type="float" value="0.000000" />
    </effect>
    <effect id="com.alightcreative.effects.jitter" locallyApplied="true">
      <property name="angle" type="float" value="45.000000" />
      <property name="freq" type="float" value="30.000000" />
      <property name="mag" type="float" value="309.000000" />
      <property name="seed" type="float" value="0.000000" />
      <property name="slack" type="float" value="0.000000" />
      <property name="zjitter" type="float" value="0.000000" />
    </effect>
    <property name="size" type="vec2" value="100.000000,100.000000" />
    <property name="cornerRadius" type="float" value="25.000000" />
  </shape>
  <shape id="6182436" label="Rounded Rectangle 3" startTime="30233" endTime="31900" fillType="color" mediaFillMode="stretch" s=".roundrect">
    <transform>
      <location value="960.000000,540.000000,0.000000" />
      <scale value="13.110000,7.374374" />
    </transform>
    <fillColor value="#ffc24fa9" />
    <effect id="com.alightcreative.effects.lift" locallyApplied="true">
      <property name="fill" type="float" value="0.000000" />
    </effect>
    <effect id="com.alightcreative.effects.circularripple2" locallyApplied="true">
      <property name="frequency" type="float" value="2.000000" />
      <property name="strength" type="float">
        <kf t="0.614877" v="0.170000" />
        <kf t="0.000000" v="0.000000" />
        <kf t="0.974805" v="0.000000" />
      </property>
      <property name="phase" type="float" value="0.000000" />
      <property name="radius" type="float" value="0.800000" />
      <property name="feather" type="float" value="0.100000" />
    </effect>
    <effect id="com.alightcreative.effects.tile" locallyApplied="true">
      <property name="scale" type="float">
        <kf t="0.000000" v="1.000000" />
        <kf t="0.614877" v="1.645000" e="cubicBezier 1.0 0.0 1.0 1.0" />
        <kf t="0.985003" v="1.000000" e="cubicBezier 0.0 1.0 1.0 1.0" />
      </property>
      <property name="phase" type="float" value="0.000000" />
      <property name="mirror" type="bool" value="true" />
      <property name="vertoffs" type="bool" value="false" />
      <property name="angle" type="float" value="0.000000" />
    </effect>
    <property name="size" type="vec2" value="100.000000,100.000000" />
    <property name="cornerRadius" type="float" value="25.000000" />
  </shape>
  <shape id="6182439" label="Rounded Rectangle 1" startTime="32867" endTime="33649" fillType="color" mediaFillMode="stretch" s=".roundrect">
    <transform>
      <location value="960.000000,540.000000,0.000000" />
      <scale value="9.654999,9.654999" />
    </transform>
    <fillColor value="#ffce448d" />
    <effect id="com.alightcreative.effects.lift" locallyApplied="true">
      <property name="fill" type="float" value="0.000000" />
    </effect>
    <effect id="com.alightcreative.effects.tile" locallyApplied="true">
      <property name="mirror" type="bool" value="true" />
      <property name="scale" type="float" value="1.000000" />
      <property name="phase" type="float" value="0.000000" />
      <property name="vertoffs" type="bool" value="false" />
      <property name="angle" type="float" value="0.000000" />
    </effect>
    <effect id="com.alightcreative.effects.turbulentdisplace3" locallyApplied="true">
      <property name="direction" type="int" value="2" />
      <property name="evolution" type="float" value="1.000000" />
      <property name="intensity" type="float">
        <kf t="1.000000" v="0.000000" e="cubicBezier 0.0 0.61249995 0.58 1.0" />
        <kf t="0.000377" v="0.070000" />
      </property>
      <property name="octaves" type="float" value="2.000000" />
      <property name="scale" type="float">
        <kf t="0.000377" v="0.350000" />
        <kf t="1.000000" v="1.000000" e="cubicBezier 0.0 0.4083333 0.58 1.0" />
      </property>
      <property name="screenSpace" type="bool" value="true" />
      <property name="stretch" type="vec2" value="1.000000,1.000000" />
      <property name="seed" type="float" value="0.000000" />
      <property name="singleAxis" type="bool" value="true" />
      <property name="offs" type="float" value="0.000000" />
    </effect>
    <effect id="com.alightcreative.effects.exposure" locallyApplied="true">
      <property name="exposure" type="float">
        <kf t="0.630685" v="0.000000" e="cubicBezier 0.0069444445 0.28333333 0.5625 1.0" />
        <kf t="0.000274" v="0.200000" />
      </property>
      <property name="gamma" type="float" value="1.000000" />
      <property name="offset" type="float" value="0.000000" />
    </effect>
    <property name="size" type="vec2" value="100.000000,100.000000" />
    <property name="cornerRadius" type="float" value="25.000000" />
  </shape>
  <shape id="6182440" label="Rounded Rectangle 1" startTime="32433" endTime="33483" fillType="color" mediaFillMode="stretch" s=".roundrect">
    <transform>
      <location value="960.000000,406.049103,0.000000" />
      <scale value="9.600000,9.600000" />
    </transform>
    <fillColor value="#ff7596f8" />
    <effect id="com.alightcreative.effects.lift" locallyApplied="true">
      <property name="fill" type="float" value="0.000000" />
    </effect>
    <effect id="com.alightcreative.effects.jitter" locallyApplied="true">
      <property name="angle" type="float" value="180.000000" />
      <property name="freq" type="float" value="29.100000" />
      <property name="mag" type="float" value="286.000000" />
      <property name="seed" type="float" value="0.000000" />
      <property name="slack" type="float" value="0.000000" />
      <property name="zjitter" type="float" value="0.000000" />
    </effect>
    <effect id="com.alightcreative.effects.pinchbulge2" locallyApplied="true">
      <property name="strength" type="float">
        <kf t="0.907340" v="0.000000" />
        <kf t="0.124375" v="0.000000" />
        <kf t="0.790625" v="0.000000" e="cubicBezier 0.0 0.39117646 0.070182025 1.0" />
        <kf t="0.457770" v="1.000000" e="cubicBezier 0.81333894 0.0 1.0 0.0" />
      </property>
      <property name="radius" type="float" value="2.500000" />
    </effect>
    <effect id="com.alightcreative.effects.jitter" locallyApplied="true">
      <property name="angle" type="float" value="180.000000" />
      <property name="freq" type="float" value="29.000000" />
      <property name="mag" type="float" value="214.000000" />
      <property name="seed" type="float" value="0.000000" />
      <property name="slack" type="float" value="0.000000" />
      <property name="zjitter" type="float" value="0.000000" />
    </effect>
    <effect id="com.alightcreative.effects.exposure" locallyApplied="true">
      <property name="exposure" type="float">
        <kf t="0.124375" v="0.000000" />
        <kf t="0.790625" v="0.000000" e="cubicBezier 0.0 0.336631 0.024900675 1.0" />
        <kf t="0.475602" v="1.020000" />
      </property>
      <property name="gamma" type="float">
        <kf t="0.124375" v="1.000000" />
        <kf t="0.790625" v="1.000000" e="cubicBezier 0.07089552 0.27566844 0.0 1.0" />
        <kf t="0.475602" v="1.905000" e="cubicBezier 0.65398014 0.0 1.0 0.0" />
      </property>
      <property name="offset" type="float" value="0.000000" />
    </effect>
    <property name="size" type="vec2" value="100.000000,100.000000" />
    <property name="cornerRadius" type="float" value="25.000000" />
  </shape>
  <shape id="6182441" label="Rounded Rectangle 2" startTime="32833" endTime="33415" fillType="color" mediaFillMode="stretch" s=".roundrect">
    <transform>
      <location value="960.000000,540.000000,0.000000" />
      <scale value="9.600000,9.600000" />
    </transform>
    <fillColor value="#ff6560b2" />
    <effect id="com.alightcreative.effects.lift" locallyApplied="true">
      <property name="fill" type="float" value="0.000000" />
    </effect>
    <effect id="com.alightcreative.effects.tile" locallyApplied="false">
      <property name="scale" type="float" value="1.000000" />
      <property name="phase" type="float" value="0.000000" />
      <property name="mirror" type="bool" value="true" />
      <property name="vertoffs" type="bool" value="false" />
      <property name="angle" type="float" value="0.000000" />
    </effect>
    <effect id="com.alightcreative.effects.oscillate" locallyApplied="false">
      <property name="angle" type="float" value="90.000000" />
      <property name="freq" type="float" value="7.314000" />
      <property name="mag" type="float">
        <kf t="-0.015452" v="224.550003" />
        <kf t="0.893491" v="1.000000" e="cubicBezier 0.0 0.5903504 0.2195892 0.99630606" />
      </property>
      <property name="type" type="int" value="0" />
    </effect>
    <effect id="com.alightcreative.effects.oscillate" locallyApplied="false">
      <property name="angle" type="float" value="0.000000" />
      <property name="freq" type="float" value="4.293000" />
      <property name="mag" type="float">
        <kf t="-0.015452" v="224.550003" />
        <kf t="0.893491" v="1.000000" e="cubicBezier 0.0 0.5903504 0.2195892 0.99630606" />
      </property>
      <property name="type" type="int" value="0" />
    </effect>
    <effect id="com.alightcreative.effects.squeeze" locallyApplied="false">
      <property name="strength" type="float">
        <kf t="-0.015452" v="0.370000" />
        <kf t="0.197241" v="-0.190000" />
        <kf t="0.409025" v="0.080000" />
        <kf t="0.651712" v="-0.040000" />
        <kf t="0.984386" v="0.010000" />
      </property>
    </effect>
    <effect id="com.alightcreative.effects.motionblur" locallyApplied="false">
      <property name="tune" type="float" value="1.000000" />
      <property name="usePos" type="bool" value="true" />
      <property name="useScale" type="bool" value="false" />
      <property name="useAngle" type="bool" value="true" />
    </effect>
    <effect id="com.alightcreative.effects.stretch" locallyApplied="false">
      <property name="scale" type="float">
        <kf t="-0.035332" v="1.460000" />
        <kf t="0.678800" v="1.000000" e="cubicBezier 0.0 0.5276545 0.3745652 0.94704545" />
      </property>
      <property name="angle" type="float">
        <kf t="-0.035332" v="0.000000" />
        <kf t="0.821199" v="209.500000" />
      </property>
      <property name="contentOnly" type="bool" value="false" />
    </effect>
    <effect id="com.alightcreative.effects.rgbsep" locallyApplied="false">
      <property name="strength" type="float">
        <kf t="0.010458" v="0.150000" />
        <kf t="0.315033" v="0.000000" />
      </property>
      <property name="angle" type="float" value="0.000000" />
      <property name="centerChannel" type="int" value="2" />
      <property name="mode" type="int" value="2" />
    </effect>
    <property name="size" type="vec2" value="100.000000,100.000000" />
    <property name="cornerRadius" type="float" value="25.000000" />
  </shape>
  <shape id="6182442" label="Rounded Rectangle 5" startTime="34200" endTime="35283" fillType="color" mediaFillMode="stretch" s=".roundrect">
    <transform>
      <location value="993.302490,573.302490,0.000000" />
      <scale value="12.434999,6.994689" />
    </transform>
    <fillColor value="#ff82d246" />
    <effect id="com.alightcreative.effects.lift" locallyApplied="true">
      <property name="fill" type="float" value="0.000000" />
    </effect>
    <effect id="com.alightcreative.effects.lift" locallyApplied="true">
      <property name="fill" type="float" value="0.000000" />
    </effect>
    <effect id="com.alightcreative.effects.lift" locallyApplied="true">
      <property name="fill" type="float" value="0.000000" />
    </effect>
    <effect id="com.alightcreative.effects.exposure" locallyApplied="true">
      <property name="exposure" type="float">
        <kf t="0.044173" v="0.000000" />
        <kf t="1.000000" v="0.000000" e="cubicBezier 0.0 0.42005348 0.0 1.0" />
        <kf t="0.535837" v="1.090000" e="cubicBezier 0.78430974 0.0 1.0 0.0" />
      </property>
      <property name="gamma" type="float" value="1.000000" />
      <property name="offset" type="float" value="0.000000" />
    </effect>
    <effect id="com.alightcreative.effects.jitter" locallyApplied="true">
      <property name="angle" type="float" value="45.000000" />
      <property name="freq" type="float" value="30.000000" />
      <property name="mag" type="float" value="130.000000" />
      <property name="seed" type="float" value="0.000000" />
      <property name="slack" type="float" value="0.000000" />
      <property name="zjitter" type="float" value="0.000000" />
    </effect>
    <effect id="com.alightcreative.effects.rgbsep" locallyApplied="true">
      <property name="strength" type="float">
        <kf t="0.060942" v="0.000000" />
        <kf t="1.000000" v="0.000000" e="cubicBezier 0.0 0.63823533 0.0 1.0" />
        <kf t="0.545707" v="0.110000" e="cubicBezier 1.0 0.0 1.0 1.0" />
      </property>
      <property name="angle" type="float" value="0.000000" />
      <property name="centerChannel" type="int" value="1" />
      <property name="mode" type="int" value="2" />
    </effect>
    <effect id="com.alightcreative.effects.pinchbulge2" locallyApplied="true">
      <property name="strength" type="float">
        <kf t="0.000000" v="0.000000" />
        <kf t="1.000000" v="0.000000" e="cubicBezier 0.0 0.7312834 0.0 1.0" />
        <kf t="0.530933" v="1.000000" e="cubicBezier 0.8589552 0.0 1.0 0.0" />
      </property>
      <property name="radius" type="float">
        <kf t="0.000000" v="2.500000" />
        <kf t="1.000000" v="2.500000" />
      </property>
      <property name="centerPoint" type="vec2" value="-75.000000,-564.000000" />
    </effect>
    <effect id="com.alightcreative.effects.tile" locallyApplied="true">
      <property name="scale" type="float">
        <kf t="0.000000" v="1.000000" />
        <kf t="0.515235" v="1.735000" e="cubicBezier 0.7664179 0.0 1.0 0.0" />
        <kf t="1.000000" v="1.000000" e="cubicBezier 0.0 0.763369 0.07338309 1.0" />
      </property>
      <property name="phase" type="float" value="0.000000" />
      <property name="mirror" type="bool" value="false" />
      <property name="vertoffs" type="bool" value="false" />
      <property name="angle" type="float" value="0.000000" />
    </effect>
    <effect id="com.alightcreative.effects.colorize" locallyApplied="true">
      <property name="tint" type="vec3">
        <kf t="0.000000" v="0.000000,0.000000,0.000000" />
        <kf t="1.000000" v="0.000000,0.000000,0.000000" e="cubicBezier 0.0 1.0 0.0 1.0" />
        <kf t="0.515235" v="-59.610954,1.000000,0.000000" e="cubicBezier 0.9027363 0.0 1.0 0.0" />
      </property>
    </effect>
    <property name="size" type="vec2" value="100.000000,100.000000" />
    <property name="cornerRadius" type="float" value="25.000000" />
  </shape>
  <shape id="6182443" label="Rounded Rectangle 5 Copy" startTime="34250" endTime="35267" fillType="color" mediaFillMode="stretch" s=".roundrect">
    <transform>
      <location value="959.999939,540.000000,0.000000" />
      <scale value="12.240001,6.885001" />
    </transform>
    <fillColor value="#ff82d246" />
    <effect id="com.alightcreative.effects.lift" locallyApplied="true">
      <property name="fill" type="float" value="0.000000" />
    </effect>
    <effect id="com.alightcreative.effects.lift" locallyApplied="true">
      <property name="fill" type="float" value="0.000000" />
    </effect>
    <effect id="com.alightcreative.effects.lift" locallyApplied="true">
      <property name="fill" type="float" value="0.000000" />
    </effect>
    <effect id="com.alightcreative.effects.circularripple2" locallyApplied="true">
      <property name="frequency" type="float" value="1.900000" />
      <property name="strength" type="float">
        <kf t="0.000000" v="0.000000" />
        <kf t="0.516224" v="0.162000" e="cubicBezier 0.9840796 0.0 1.0 0.61497325" />
        <kf t="0.974805" v="0.000000" e="cubicBezier 0.0 0.9582888 0.32238805 1.0" />
      </property>
      <property name="phase" type="float" value="0.000000" />
      <property name="radius" type="float" value="0.800000" />
      <property name="feather" type="float" value="0.100000" />
    </effect>
    <effect id="com.alightcreative.effects.tile" locallyApplied="true">
      <property name="scale" type="float">
        <kf t="0.000000" v="1.000000" />
        <kf t="0.499508" v="1.645000" e="cubicBezier 1.0 0.0 1.0 0.70320857" />
        <kf t="0.985003" v="1.000000" e="cubicBezier 0.0 1.0 0.2577114 1.0" />
      </property>
      <property name="phase" type="float" value="0.000000" />
      <property name="mirror" type="bool" value="true" />
      <property name="vertoffs" type="bool" value="false" />
      <property name="angle" type="float" value="0.000000" />
    </effect>
    <property name="size" type="vec2" value="100.000000,100.000000" />
    <property name="cornerRadius" type="float" value="25.000000" />
  </shape>
  <shape id="6182444" label="Rounded Rectangle 5 Copy 2" startTime="35566" endTime="36649" fillType="color" mediaFillMode="stretch" s=".roundrect">
    <transform>
      <location value="993.302490,573.302490,0.000000" />
      <scale value="12.434999,6.994689" />
    </transform>
    <fillColor value="#ff82d246" />
    <effect id="com.alightcreative.effects.lift" locallyApplied="true">
      <property name="fill" type="float" value="0.000000" />
    </effect>
    <effect id="com.alightcreative.effects.lift" locallyApplied="true">
      <property name="fill" type="float" value="0.000000" />
    </effect>
    <effect id="com.alightcreative.effects.lift" locallyApplied="true">
      <property name="fill" type="float" value="0.000000" />
    </effect>
    <effect id="com.alightcreative.effects.exposure" locallyApplied="true">
      <property name="exposure" type="float">
        <kf t="0.044173" v="0.000000" />
        <kf t="1.000000" v="0.000000" e="cubicBezier 0.0 0.42005348 0.0 1.0" />
        <kf t="0.535837" v="1.090000" e="cubicBezier 0.78430974 0.0 1.0 0.0" />
      </property>
      <property name="gamma" type="float" value="1.000000" />
      <property name="offset" type="float" value="0.000000" />
    </effect>
    <effect id="com.alightcreative.effects.pinchbulge2" locallyApplied="true">
      <property name="strength" type="float">
        <kf t="0.000000" v="0.000000" />
        <kf t="0.530933" v="1.000000" e="cubicBezier 0.8139304 0.0 1.0 0.0" />
        <kf t="1.000000" v="0.000000" e="cubicBezier 0.0 0.48770055 0.0 1.0" />
      </property>
      <property name="radius" type="float">
        <kf t="0.000000" v="2.500000" />
        <kf t="1.000000" v="2.500000" />
      </property>
      <property name="centerPoint" type="vec2" value="-48.000000,-231.000000" />
    </effect>
    <effect id="com.alightcreative.effects.tile" locallyApplied="true">
      <property name="scale" type="float">
        <kf t="0.000000" v="1.000000" />
        <kf t="0.515235" v="1.735000" e="cubicBezier 1.0 0.0 1.0 0.0" />
        <kf t="1.000000" v="1.000000" e="cubicBezier 0.007960199 1.0 0.0 1.0" />
      </property>
      <property name="phase" type="float" value="0.000000" />
      <property name="mirror" type="bool" value="false" />
      <property name="vertoffs" type="bool" value="false" />
      <property name="angle" type="float" value="0.000000" />
    </effect>
    <property name="size" type="vec2" value="100.000000,100.000000" />
    <property name="cornerRadius" type="float" value="25.000000" />
  </shape>
  <shape id="6182445" label="Rounded Rectangle 1" startTime="35566" endTime="36665" fillType="color" blending="overlay" mediaFillMode="stretch" s=".roundrect">
    <transform>
      <location value="960.000000,540.000000,0.000000" />
      <scale value="9.600000,9.600000" />
      <opacity>
        <kf t="0.000000" v="0.000000" />
        <kf t="1.000000" v="0.000000" e="cubicBezier 1.0 0.0 0.0 1.0" />
        <kf t="0.523203" v="1.000000" e="cubicBezier 0.0 0.0 1.0 1.0" />
      </opacity>
    </transform>
    <fillColor value="#ffff0000" />
    <effect id="com.alightcreative.effects.hueshift" locallyApplied="true">
      <property name="hue" type="float">
        <kf t="0.000000" v="0.000000" />
        <kf t="0.508644" v="1167.000000" e="cubicBezier 1.0 0.0 1.0 1.0" />
        <kf t="1.000000" v="0.000000" e="cubicBezier 0.0 0.0 0.0 1.0" />
      </property>
    </effect>
    <property name="size" type="vec2" value="100.000000,100.000000" />
    <property name="cornerRadius" type="float" value="25.000000" />
  </shape>
</scene>