<?xml version='1.0' encoding='UTF-8' ?><!--
Created by Alight Motion (http://alightmotion.com)
Exported: 2025-06-09 10:39 PM
5.0.270.1002578 (1002351)
6dff462 (Apr 11, 2024 5:47:55 PM)
-->
<scene title="ZAID RARE PUMP" width="1920" height="1080" exportWidth="1920" exportHeight="1080" precompose="dynamicResolution" bgcolor="#ff000000" totalTime="2162" fps="30" modifiedTime="1749490772438" amver="1002351" ffver="106" am="com.alightcreative.motion/5.0.270.1002578" amplatform="android" retime="freeze" retimeAdaptFPS="false">
  <media uri="content://media/external/images/media/1000390686" filename="20250609_000714.jpg" title="20250609_000714.jpg" type="image/jpeg" size="3626812" orientation="0" infoUpdated="1749484951008" width="3264" height="3264" />
  <shape id="10257796" label="20250609_000714.jpg" startTime="0" endTime="2032" fillType="media" fillImage="content://media/external/images/media/1000390686" mediaFillMode="fill" s=".rect">
    <transform>
      <location value="960.000000,540.000000,0.000000" />
      <scale value="1.777778,1.777778" />
    </transform>
    <property name="size" type="vec2" value="540.000000,540.000000" />
  </shape>
  <shape id="10257797" label="Rectangle 4" startTime="433" endTime="1595" fillType="color" speed="3.000000" mediaFillMode="stretch" s=".rect">
    <transform>
      <location value="1280.000000,720.000000,0.000000" />
      <scale value="1.400367,1.400367" />
    </transform>
    <fillColor value="#ffe7566f" />
    <effect id="com.alightcreative.effects.lift" locallyApplied="false">
      <property name="fill" type="float" value="0.000000" />
    </effect>
    <effect id="com.alightcreative.effects.wavewarp2" hidden="true" locallyApplied="false">
      <property name="a1d" type="float" value="36.500000" />
      <property name="a2d" type="float" value="45.000000" />
      <property name="m1" type="float" value="8.800000" />
      <property name="m2" type="float">
        <kf t="0.000000" v="4.500000" />
        <kf t="0.998502" v="0.000000" e="cubicBezier 0.0 0.43292835 0.56921506 1.0270058" />
      </property>
      <property name="phase" type="float">
        <kf t="0.000000" v="1.000000" />
        <kf t="0.998502" v="0.000000" e="cubicBezier 0.0 0.4590609 0.5010241 0.9851936" />
      </property>
      <property name="damping" type="float" value="0.000000" />
      <property name="dampingSpace" type="float" value="0.000000" />
      <property name="dampingOrigin" type="float" value="0.500000" />
      <property name="screenSpace" type="bool" value="false" />
    </effect>
    <effect id="com.alightcreative.effects.wavewarp2" hidden="true" locallyApplied="false">
      <property name="a1d" type="float" value="-38.000000" />
      <property name="a2d" type="float" value="45.000000" />
      <property name="m1" type="float" value="9.500000" />
      <property name="m2" type="float">
        <kf t="0.000000" v="4.500000" />
        <kf t="0.998502" v="0.000000" e="cubicBezier 0.0 0.43292835 0.56921506 1.0270058" />
      </property>
      <property name="phase" type="float">
        <kf t="0.000000" v="1.000000" />
        <kf t="0.998502" v="0.000000" e="cubicBezier 0.0 0.4590609 0.5010241 0.9851936" />
      </property>
      <property name="damping" type="float" value="0.000000" />
      <property name="dampingSpace" type="float" value="0.000000" />
      <property name="dampingOrigin" type="float" value="0.500000" />
      <property name="screenSpace" type="bool" value="false" />
    </effect>
    <effect id="com.alightcreative.effects.wavewarp2" locallyApplied="false">
      <property name="a1d" type="float" value="-38.000000" />
      <property name="a2d" type="float" value="45.000000" />
      <property name="m1" type="float" value="9.500000" />
      <property name="m2" type="float">
        <kf t="0.000000" v="4.500000" />
        <kf t="0.998502" v="0.000000" e="cubicBezier 0.0 0.43292835 0.56921506 1.0270058" />
      </property>
      <property name="phase" type="float">
        <kf t="0.000000" v="1.000000" />
        <kf t="0.998502" v="0.000000" e="cubicBezier 0.0 0.4590609 0.5010241 0.9851936" />
      </property>
      <property name="damping" type="float" value="0.000000" />
      <property name="dampingSpace" type="float" value="0.000000" />
      <property name="dampingOrigin" type="float" value="0.500000" />
      <property name="screenSpace" type="bool" value="false" />
    </effect>
    <effect id="com.alightcreative.effects.wavewarp2" hidden="true" locallyApplied="false">
      <property name="a1d" type="float" value="36.500000" />
      <property name="a2d" type="float" value="45.000000" />
      <property name="m1" type="float" value="8.800000" />
      <property name="m2" type="float">
        <kf t="0.000000" v="4.500000" />
        <kf t="0.998502" v="0.000000" e="cubicBezier 0.0 0.43292835 0.56921506 1.0270058" />
      </property>
      <property name="phase" type="float">
        <kf t="0.000000" v="1.000000" />
        <kf t="0.998502" v="0.000000" e="cubicBezier 0.0 0.4590609 0.5010241 0.9851936" />
      </property>
      <property name="damping" type="float" value="0.000000" />
      <property name="dampingSpace" type="float" value="0.000000" />
      <property name="dampingOrigin" type="float" value="0.500000" />
      <property name="screenSpace" type="bool" value="false" />
    </effect>
    <effect id="com.alightcreative.effects.exposure" locallyApplied="true">
      <property name="exposure" type="float">
        <kf t="0.014630" v="2.000000" />
        <kf t="0.989673" v="0.000000" e="cubicBezier 0.0 0.0 0.0 1.0" />
      </property>
      <property name="gamma" type="float" value="1.000000" />
      <property name="offset" type="float" value="0.000000" />
    </effect>
    <property name="size" type="vec2" value="1091.500000,1091.500000" />
  </shape>
  <shape id="10257798" label="Rectangle 4" startTime="1000" endTime="2162" fillType="color" speed="3.000000" mediaFillMode="stretch" s=".rect">
    <transform>
      <location value="1280.000000,720.000000,0.000000" />
      <scale value="1.400367,1.400367" />
    </transform>
    <fillColor value="#ffe7566f" />
    <effect id="com.alightcreative.effects.lift" locallyApplied="false">
      <property name="fill" type="float" value="0.000000" />
    </effect>
    <effect id="com.alightcreative.effects.wavewarp2" hidden="true" locallyApplied="false">
      <property name="a1d" type="float" value="36.500000" />
      <property name="a2d" type="float" value="45.000000" />
      <property name="m1" type="float" value="8.800000" />
      <property name="m2" type="float">
        <kf t="0.000000" v="4.500000" />
        <kf t="0.998502" v="0.000000" e="cubicBezier 0.0 0.43292835 0.56921506 1.0270058" />
      </property>
      <property name="phase" type="float">
        <kf t="0.000000" v="1.000000" />
        <kf t="0.998502" v="0.000000" e="cubicBezier 0.0 0.4590609 0.5010241 0.9851936" />
      </property>
      <property name="damping" type="float" value="0.000000" />
      <property name="dampingSpace" type="float" value="0.000000" />
      <property name="dampingOrigin" type="float" value="0.500000" />
      <property name="screenSpace" type="bool" value="false" />
    </effect>
    <effect id="com.alightcreative.effects.wavewarp2" hidden="true" locallyApplied="false">
      <property name="a1d" type="float" value="-38.000000" />
      <property name="a2d" type="float" value="45.000000" />
      <property name="m1" type="float" value="9.500000" />
      <property name="m2" type="float">
        <kf t="0.000000" v="4.500000" />
        <kf t="0.998502" v="0.000000" e="cubicBezier 0.0 0.43292835 0.56921506 1.0270058" />
      </property>
      <property name="phase" type="float">
        <kf t="0.000000" v="1.000000" />
        <kf t="0.998502" v="0.000000" e="cubicBezier 0.0 0.4590609 0.5010241 0.9851936" />
      </property>
      <property name="damping" type="float" value="0.000000" />
      <property name="dampingSpace" type="float" value="0.000000" />
      <property name="dampingOrigin" type="float" value="0.500000" />
      <property name="screenSpace" type="bool" value="false" />
    </effect>
    <effect id="com.alightcreative.effects.wavewarp2" locallyApplied="false">
      <property name="a1d" type="float" value="-38.000000" />
      <property name="a2d" type="float" value="45.000000" />
      <property name="m1" type="float" value="9.500000" />
      <property name="m2" type="float">
        <kf t="0.000000" v="4.500000" />
        <kf t="0.998502" v="0.000000" e="cubicBezier 0.0 0.43292835 0.56921506 1.0270058" />
      </property>
      <property name="phase" type="float">
        <kf t="0.000000" v="1.000000" />
        <kf t="0.998502" v="0.000000" e="cubicBezier 0.0 0.4590609 0.5010241 0.9851936" />
      </property>
      <property name="damping" type="float" value="0.000000" />
      <property name="dampingSpace" type="float" value="0.000000" />
      <property name="dampingOrigin" type="float" value="0.500000" />
      <property name="screenSpace" type="bool" value="false" />
    </effect>
    <effect id="com.alightcreative.effects.wavewarp2" hidden="true" locallyApplied="false">
      <property name="a1d" type="float" value="36.500000" />
      <property name="a2d" type="float" value="45.000000" />
      <property name="m1" type="float" value="8.800000" />
      <property name="m2" type="float">
        <kf t="0.000000" v="4.500000" />
        <kf t="0.998502" v="0.000000" e="cubicBezier 0.0 0.43292835 0.56921506 1.0270058" />
      </property>
      <property name="phase" type="float">
        <kf t="0.000000" v="1.000000" />
        <kf t="0.998502" v="0.000000" e="cubicBezier 0.0 0.4590609 0.5010241 0.9851936" />
      </property>
      <property name="damping" type="float" value="0.000000" />
      <property name="dampingSpace" type="float" value="0.000000" />
      <property name="dampingOrigin" type="float" value="0.500000" />
      <property name="screenSpace" type="bool" value="false" />
    </effect>
    <effect id="com.alightcreative.effects.exposure" locallyApplied="true">
      <property name="exposure" type="float">
        <kf t="0.014630" v="2.000000" />
        <kf t="0.989673" v="0.000000" e="cubicBezier 0.0 0.0 0.0 1.0" />
      </property>
      <property name="gamma" type="float" value="1.000000" />
      <property name="offset" type="float" value="0.000000" />
    </effect>
    <property name="size" type="vec2" value="1091.500000,1091.500000" />
  </shape>
</scene>