<?xml version='1.0' encoding='UTF-8' ?><!--
Created by Alight Motion (http://alightmotion.com)
Exported: 2025-06-14 06:15 PM
5.0.270.1002578 (1002351)
6dff462 (Apr 11, 2024 5:47:55 PM)
-->
<scene title="Best transition by virus 89&#129392;&#129392;✅" width="2560" height="1440" exportWidth="2560" exportHeight="1440" precompose="dynamicResolution" bgcolor="#ff000000" totalTime="4832" fps="60" modifiedTime="1749906916628" amver="1002351" ffver="106" am="com.alightcreative.motioo/5.0.270.1002578" amplatform="android" retime="freeze" retimeAdaptFPS="false">
  <media uri="content://media/external/video/media/1000045060" filename="NEON OFFICIAL_7511718212392766742-no-watermark.mp4" title="NEON OFFICIAL_7511718212392766742-no-watermark.mp4" type="video/mp4" duration="34667000" size="6060321" fps="0.30" orientation="0" infoUpdated="1749906662161" width="1246" height="576" />
  <media uri="content://media/external/images/media/1000042930" filename="Screenshot_20250611-124543.jpg" title="Screenshot_20250611-124543.jpg" type="image/jpeg" size="1403793" orientation="0" infoUpdated="1749906662161" width="2460" height="1080" />
  <media uri="content://media/external/images/media/1000023256" filename="download.png" title="download.png" type="image/png" size="138" orientation="0" infoUpdated="1749906662161" width="188" height="145" />
  <media uri="content://media/external/video/media/1000013475" filename="broken screen.mp4" title="broken screen.mp4" type="video/mp4" duration="28133333" size="77505727" fps="0.60" orientation="0" infoUpdated="1749906662161" width="1920" height="1080" />
  <media uri="content://media/external/video/media/1000006080" filename="Golden_3D_Arena_║_Glowing_Sparks_-_Beautiful_Edits_Overlay_║_Relaxation___Me.mp4" title="Golden_3D_Arena_║_Glowing_Sparks_-_Beautiful_Edits_Overlay_║_Relaxation___Me.mp4" type="video/mp4" duration="180048000" size="74596237" fps="0.60" orientation="0" infoUpdated="1749906662161" width="1280" height="720" />
  <media uri="content://media/external/video/media/1000004895" filename="New_Project_126__5FD4760_.mp4" title="New_Project_126__5FD4760_.mp4" type="video/mp4" duration="3300000" size="10524466" fps="0.60" orientation="0" infoUpdated="1749906662161" width="2560" height="1440" />
  <media uri="content://media/external/video/media/1000042908" filename="4k Dynamic Neon Rhythm Background Video.mp4" title="4k Dynamic Neon Rhythm Background Video.mp4" type="video/mp4" duration="20063000" size="11478909" fps="0.24" orientation="0" infoUpdated="1749906662161" width="1920" height="1080" />
  <media uri="content://media/external/images/media/1000045431" type="image/png" duration="0" orientation="0" infoUpdated="1749906662161" width="0" height="0" />
  <media uri="content://media/external/images/media/1000045417" filename="2025061314575826.png" title="2025061314575826.png" type="image/png" size="393570" orientation="0" infoUpdated="1749906662161" width="490" height="1080" />
  <bookmark t="4825" />
  <bookmark t="1275" />
  <bookmark t="2608" />
  <bookmark t="2625" />
  <bookmark t="1291" />
  <bookmark t="491" />
  <bookmark t="875" />
  <bookmark t="1958" />
  <bookmark t="3741" />
  <bookmark t="3758" />
  <shape id="10257790" label="NEON OFFICIAL_7511718212392766742-no-watermark.mp4" hidden="true" startTime="0" endTime="4832" fillType="media" fillVideo="content://media/external/video/media/1000045060" inTime="1400" outTime="6232" mediaFillMode="fill" s=".rect">
    <transform>
      <location value="2101.250000,229.937500,0.000000" />
      <scale value="0.369141,0.369141" />
    </transform>
    <property name="size" type="vec2" value="1280.000000,591.500000" />
  </shape>
  <shape id="10257791" label="Screenshot_20250611-124543.jpg" startTime="0" endTime="4832" fillType="media" fillImage="content://media/external/images/media/1000042930" mediaFillMode="fill" s=".rect">
    <transform>
      <location value="1280.000000,720.000000,0.000000" />
      <scale value="1.282280,1.282280" />
      <opacity value="0.529297" />
    </transform>
    <effect id="com.alightcreative.effects.tile" locallyApplied="true">
      <property name="scale" type="float" value="1.000000" />
      <property name="phase" type="float" value="0.000000" />
      <property name="mirror" type="bool" value="true" />
      <property name="vertoffs" type="bool" value="false" />
      <property name="angle" type="float" value="0.000000" />
    </effect>
    <property name="size" type="vec2" value="1280.000000,561.500000" />
  </shape>
  <shape id="10257792" label="download.png" startTime="0" endTime="1282" fillType="media" blending="darken" fillImage="content://media/external/images/media/1000023256" mediaFillMode="fill" s=".rect">
    <transform>
      <location value="1280.000000,720.000000,0.000000" />
      <scale value="1.371184,1.371184" />
    </transform>
    <effect id="com.alightcreative.replacecolor" locallyApplied="true">
      <property name="oldcolor" type="color" value="#ff00ff00" />
      <property name="newcolor" type="color" value="#ffd00000" />
      <property name="threshold" type="float" value="0.250000" />
      <property name="feather" type="float" value="0.250000" />
      <property name="alpha" type="float" value="1.000000" />
      <property name="lockLuminance" type="bool" value="false" />
    </effect>
    <effect id="com.alightcreative.effects.tile" locallyApplied="true">
      <property name="scale" type="float" value="1.000000" />
      <property name="phase" type="float" value="0.000000" />
      <property name="mirror" type="bool" value="true" />
      <property name="vertoffs" type="bool" value="false" />
      <property name="angle" type="float" value="0.000000" />
    </effect>
    <property name="size" type="vec2" value="933.500000,720.000000" />
  </shape>
  <shape id="10257864" label="broken screen.mp4" startTime="0" endTime="1282" fillType="media" blending="lighten" fillVideo="content://media/external/video/media/1000013475" inTime="17968" outTime="19250" mediaFillMode="fill" s=".rect">
    <transform>
      <location value="1280.000000,720.000000,0.000000" />
    </transform>
    <effect id="com.alightcreative.effects.satvib" locallyApplied="true">
      <property name="saturation" type="float" value="1.000000" />
      <property name="vib" type="float" value="1.000000" />
    </effect>
    <property name="size" type="vec2" value="1280.000000,720.000000" />
  </shape>
  <embedScene id="10257795" label="Group 1" startTime="0" endTime="1282" fillType="intrinsic" outTime="1282" mediaFillMode="fill">
    <transform>
      <location>
        <kf t="0.006240" v="-740.062500,720.000000,0.000000" />
        <kf t="0.773011" v="1776.000000,720.500000,0.000000" e="cubicBezier 0.42 0.0 1.0 1.0" />
        <kf t="0.253510" v="922.875000,720.000000,0.000000" e="cubicBezier 0.0 0.0 0.58 1.0" />
        <kf t="0.994540" v="3228.312744,726.407043,0.000000" e="cubicBezier 0.0 0.0 0.58 1.0" />
      </location>
      <pivot value="-276.864746,-19.716431" />
    </transform>
    <fillColor value="#ff000000" />
    <scene title="" width="2560" height="1440" exportWidth="2560" exportHeight="1440" precompose="dynamicResolution" bgcolor="#00000000" totalTime="1282" fps="60" modifiedTime="0" amver="1002351" ffver="106" am="com.alightcreative.motioo/5.0.270.1002578" amplatform="android" retime="off" retimeAdaptFPS="false">
      <embedScene id="10257798" label="Group and Mask 1 Copy" startTime="0" endTime="1282" fillType="intrinsic" outTime="1282" mediaFillMode="fill">
        <transform>
          <location>
            <kf t="0.382995" v="1891.400391,702.875000,0.000000" />
          </location>
          <pivot value="-270.754761,-2.591431" />
        </transform>
        <fillColor value="#ff000000" />
        <scene title="" width="2560" height="1440" exportWidth="2560" exportHeight="1440" precompose="dynamicResolution" bgcolor="#00000000" totalTime="1032" fps="60" modifiedTime="0" amver="1002351" ffver="106" am="com.alightcreative.motioo/5.0.270.1002578" amplatform="android" retime="off" retimeAdaptFPS="false">
          <shape id="10257717" label="Screenshot_20250611-124543.jpg Copy" startTime="0" endTime="1032" fillType="media" fillImage="content://media/external/images/media/1000042930" mediaFillMode="fill" s=".rect">
            <transform>
              <location value="701.625000,747.750000,0.000000" />
              <scale value="1.564062,1.564062" />
            </transform>
            <property name="size" type="vec2" value="1280.000000,561.500000" />
          </shape>
          <shape id="10257716" label="Arrow 2 1" startTime="0" endTime="1032" fillType="color" blending="mask" mediaFillMode="fill" s="com.alightcreative.arrow2">
            <transform lockAspectRatio="false">
              <location value="1009.590088,836.862488,0.000000" />
              <scale value="1.034848,1.838889" />
            </transform>
            <fillColor value="#ffeead56" />
            <effect id="com.alightcreative.effects.lift" locallyApplied="true">
              <property name="fill" type="float" value="0.000000" />
            </effect>
            <path-stroke direction="centered" enabled="false" end-size="1.500000">
              <color value="#ffffffff" />
            </path-stroke>
            <property name="p1" type="vec2" value="-330.333191,-194.959854" />
            <property name="p2" type="vec2" value="-0.333171,-424.959839" />
            <property name="p3" type="vec2" value="329.666809,-194.959854" />
            <property name="p4" type="vec2" value="329.666809,295.040161" />
            <property name="p5" type="vec2" value="1.665921,224.799255" />
            <property name="p6" type="vec2" value="-330.333191,295.040161" />
            <property name="closed" type="bool" value="true" />
          </shape>
        </scene>
      </embedScene>
      <text id="10257794" startTime="0" endTime="1282" fillType="color" mediaFillMode="fill" size="18.000000" font="imported?name=Zenzai Itacha.ttf" wrapWidth="110" align="left">
        <transform>
          <location value="708.948853,450.731445,0.000000" />
          <scale value="5.264423,5.264423" />
        </transform>
        <effect id="com.alightcreative.effects.ridges2" locallyApplied="true">
          <property name="parr" type="vec2" value="80.000000,0.000000" />
          <property name="evolution" type="float">
            <kf t="0.000000" v="1.600000" />
            <kf t="0.997856" v="5.570000" />
          </property>
          <property name="scale" type="float">
            <kf t="0.000000" v="0.900000" />
            <kf t="0.997856" v="2.430000" />
          </property>
          <property name="stretch" type="vec2" value="1.000000,1.000000" />
          <property name="intensity" type="float" value="1.500000" />
          <property name="seed" type="float" value="0.020000" />
          <property name="color1" type="color" value="#ffffffff" />
          <property name="color2" type="color">
            <kf t="0.027778" v="#ff17e1e1" />
            <kf t="0.194444" v="#ffff4444" />
            <kf t="0.379444" v="#fffae965" />
            <kf t="0.620556" v="#ff3d4cf5" />
            <kf t="0.879444" v="#ff1ed91e" />
          </property>
          <property name="octaves" type="float" value="2.000000" />
        </effect>
        <effect id="com.alightcreative.effects.rays" locallyApplied="true">
          <property name="centerPoint" type="vec2">
            <kf t="0.003970" v="-215.000000,0.000000" />
            <kf t="0.996526" v="219.000000,0.000000" />
          </property>
          <property name="strength" type="float" value="0.240000" />
          <property name="intensity" type="float" value="1.100000" />
          <property name="threshold" type="float" value="0.000000" />
          <property name="thresholdColor" type="color" value="#ff000000" />
          <property name="fillColor" type="color" value="#ff000000" />
          <property name="blend" type="float" value="0.000000" />
          <property name="quality" type="float" value="150.000000" />
        </effect>
        <effect id="com.alightcreative.effects.deepglow" locallyApplied="true">
          <property name="strength" type="float" value="0.150000" />
          <property name="rrr" type="float" value="1.500000" />
          <property name="satvib" type="vec2" value="0.000000,1.000000" />
          <property name="hue" type="float" value="360.000000" />
          <property name="oalpha" type="float" value="1.000000" />
          <property name="calpha" type="float" value="1.000000" />
          <property name="sshadow" type="bool" value="false" />
          <property name="power" type="float" value="0.150000" />
          <property name="alphaa" type="float" value="0.750000" />
          <property name="cblend" type="bool" value="false" />
          <property name="color" type="color" value="#ffaa0000" />
          <property name="alpb" type="float" value="0.500000" />
          <property name="thrs" type="bool" value="false" />
          <property name="lowThreshold" type="float" value="0.000000" />
          <property name="highThreshold" type="float" value="1.000000" />
          <property name="feather" type="float" value="3.000000" />
          <property name="iter" type="float" value="1.000000" />
        </effect>
        <path-stroke direction="centered" end-size="1.500000">
          <color value="#ffffffff" />
        </path-stroke>
        <content>Ahmad</content>
      </text>
      <text id="10257796" label="Ahmad Copy" startTime="0" endTime="1282" fillType="color" mediaFillMode="fill" size="18.000000" font="imported?name=Zenzai Itacha.ttf" wrapWidth="110" align="left">
        <transform>
          <location value="708.948853,1199.981445,0.000000" />
          <scale value="5.264423,5.264423" />
        </transform>
        <effect id="com.alightcreative.effects.ridges2" locallyApplied="true">
          <property name="parr" type="vec2" value="80.000000,0.000000" />
          <property name="evolution" type="float">
            <kf t="0.000000" v="1.600000" />
            <kf t="0.997856" v="5.570000" />
          </property>
          <property name="scale" type="float">
            <kf t="0.000000" v="0.900000" />
            <kf t="0.997856" v="2.430000" />
          </property>
          <property name="stretch" type="vec2" value="1.000000,1.000000" />
          <property name="intensity" type="float" value="1.500000" />
          <property name="seed" type="float" value="0.020000" />
          <property name="color1" type="color" value="#ffffffff" />
          <property name="color2" type="color">
            <kf t="0.027778" v="#ff17e1e1" />
            <kf t="0.194444" v="#ffff4444" />
            <kf t="0.379444" v="#fffae965" />
            <kf t="0.620556" v="#ff3d4cf5" />
            <kf t="0.879444" v="#ff1ed91e" />
          </property>
          <property name="octaves" type="float" value="2.000000" />
        </effect>
        <effect id="com.alightcreative.effects.rays" locallyApplied="true">
          <property name="centerPoint" type="vec2">
            <kf t="0.003970" v="-215.000000,0.000000" />
            <kf t="0.996526" v="219.000000,0.000000" />
          </property>
          <property name="strength" type="float" value="0.240000" />
          <property name="intensity" type="float" value="1.100000" />
          <property name="threshold" type="float" value="0.000000" />
          <property name="thresholdColor" type="color" value="#ff000000" />
          <property name="fillColor" type="color" value="#ff000000" />
          <property name="blend" type="float" value="0.000000" />
          <property name="quality" type="float" value="150.000000" />
        </effect>
        <effect id="com.alightcreative.effects.deepglow" locallyApplied="true">
          <property name="strength" type="float" value="0.150000" />
          <property name="rrr" type="float" value="1.500000" />
          <property name="satvib" type="vec2" value="0.000000,1.000000" />
          <property name="hue" type="float" value="360.000000" />
          <property name="oalpha" type="float" value="1.000000" />
          <property name="calpha" type="float" value="1.000000" />
          <property name="sshadow" type="bool" value="false" />
          <property name="power" type="float" value="0.150000" />
          <property name="alphaa" type="float" value="0.750000" />
          <property name="cblend" type="bool" value="false" />
          <property name="color" type="color" value="#ffaa0000" />
          <property name="alpb" type="float" value="0.500000" />
          <property name="thrs" type="bool" value="false" />
          <property name="lowThreshold" type="float" value="0.000000" />
          <property name="highThreshold" type="float" value="1.000000" />
          <property name="feather" type="float" value="3.000000" />
          <property name="iter" type="float" value="1.000000" />
        </effect>
        <content>Ahmad</content>
      </text>
      <text id="10257797" label="Ahmad Copy 2" startTime="0" endTime="1282" fillType="color" mediaFillMode="fill" size="18.000000" font="imported?name=Zenzai Itacha.ttf" wrapWidth="110" align="left">
        <transform>
          <location value="708.948853,832.168945,0.000000" />
          <scale value="5.264423,5.264423" />
        </transform>
        <effect id="com.alightcreative.effects.ridges2" locallyApplied="true">
          <property name="parr" type="vec2" value="80.000000,0.000000" />
          <property name="evolution" type="float">
            <kf t="0.000000" v="1.600000" />
            <kf t="0.997856" v="5.570000" />
          </property>
          <property name="scale" type="float">
            <kf t="0.000000" v="0.900000" />
            <kf t="0.997856" v="2.430000" />
          </property>
          <property name="stretch" type="vec2" value="1.000000,1.000000" />
          <property name="intensity" type="float" value="1.500000" />
          <property name="seed" type="float" value="0.020000" />
          <property name="color1" type="color" value="#ffffffff" />
          <property name="color2" type="color">
            <kf t="0.027778" v="#ff17e1e1" />
            <kf t="0.194444" v="#ffff4444" />
            <kf t="0.379444" v="#fffae965" />
            <kf t="0.620556" v="#ff3d4cf5" />
            <kf t="0.879444" v="#ff1ed91e" />
          </property>
          <property name="octaves" type="float" value="2.000000" />
        </effect>
        <effect id="com.alightcreative.effects.rays" locallyApplied="true">
          <property name="centerPoint" type="vec2">
            <kf t="0.003970" v="-215.000000,0.000000" />
            <kf t="0.996526" v="219.000000,0.000000" />
          </property>
          <property name="strength" type="float" value="0.240000" />
          <property name="intensity" type="float" value="1.100000" />
          <property name="threshold" type="float" value="0.000000" />
          <property name="thresholdColor" type="color" value="#ff000000" />
          <property name="fillColor" type="color" value="#ff000000" />
          <property name="blend" type="float" value="0.000000" />
          <property name="quality" type="float" value="150.000000" />
        </effect>
        <effect id="com.alightcreative.effects.deepglow" locallyApplied="true">
          <property name="strength" type="float" value="0.150000" />
          <property name="rrr" type="float" value="1.500000" />
          <property name="satvib" type="vec2" value="0.000000,1.000000" />
          <property name="hue" type="float" value="360.000000" />
          <property name="oalpha" type="float" value="1.000000" />
          <property name="calpha" type="float" value="1.000000" />
          <property name="sshadow" type="bool" value="false" />
          <property name="power" type="float" value="0.150000" />
          <property name="alphaa" type="float" value="0.750000" />
          <property name="cblend" type="bool" value="false" />
          <property name="color" type="color" value="#ffaa0000" />
          <property name="alpb" type="float" value="0.500000" />
          <property name="thrs" type="bool" value="false" />
          <property name="lowThreshold" type="float" value="0.000000" />
          <property name="highThreshold" type="float" value="1.000000" />
          <property name="feather" type="float" value="3.000000" />
          <property name="iter" type="float" value="1.000000" />
        </effect>
        <content>Ahmad</content>
      </text>
    </scene>
  </embedScene>
  <shape id="10257799" label="Golden_3D_Arena_║_Glowing_Sparks_-_Beautiful_Edits_Overlay_║_Relaxation___Me.mp4" startTime="1283" endTime="2615" fillType="media" fillVideo="content://media/external/video/media/1000006080" inTime="33" outTime="1365" mediaFillMode="fill" s=".rect">
    <transform>
      <location value="1280.000000,720.000000,0.000000" />
    </transform>
    <effect id="com.alightcreative.effects.hueshift" locallyApplied="true">
      <property name="hue" type="float" value="84.500000" />
    </effect>
    <property name="size" type="vec2" value="1280.000000,720.000000" />
  </shape>
  <shape id="10257865" label="New_Project_126__5FD4760_.mp4" startTime="1283" endTime="2615" fillType="media" blending="linear-dodge" fillVideo="content://media/external/video/media/1000004895" inTime="17" outTime="1349" mediaFillMode="fill" s=".rect">
    <transform>
      <location value="1280.000000,720.000000,0.000000" />
    </transform>
    <property name="size" type="vec2" value="1280.000000,720.000000" />
  </shape>
  <shape id="10257866" label="download.png" startTime="1283" endTime="2615" fillType="media" blending="darken" fillImage="content://media/external/images/media/1000023256" mediaFillMode="fill" s=".rect">
    <transform>
      <location value="1280.000000,720.000000,0.000000" />
      <scale value="1.371184,1.371184" />
    </transform>
    <effect id="com.alightcreative.replacecolor" locallyApplied="true">
      <property name="oldcolor" type="color" value="#ff00ff00" />
      <property name="newcolor" type="color" value="#ffd00000" />
      <property name="threshold" type="float" value="0.250000" />
      <property name="feather" type="float" value="0.250000" />
      <property name="alpha" type="float" value="1.000000" />
      <property name="lockLuminance" type="bool" value="false" />
    </effect>
    <effect id="com.alightcreative.effects.tile" locallyApplied="true">
      <property name="scale" type="float" value="1.000000" />
      <property name="phase" type="float" value="0.000000" />
      <property name="mirror" type="bool" value="true" />
      <property name="vertoffs" type="bool" value="false" />
      <property name="angle" type="float" value="0.000000" />
    </effect>
    <effect id="com.alightcreative.effects.hueshift" locallyApplied="true">
      <property name="hue" type="float" value="244.500000" />
    </effect>
    <property name="size" type="vec2" value="933.500000,720.000000" />
  </shape>
  <embedScene id="10257806" label="Group 2" startTime="1283" endTime="2615" fillType="intrinsic" outTime="1332" mediaFillMode="fill">
    <transform>
      <location>
        <kf t="0.506757" v="1280.000000,720.000000,0.000000" e="cubicBezier 0.0 0.0 0.58 1.0" />
        <kf t="0.006006" v="1280.000000,1905.187500,0.000000" />
      </location>
    </transform>
    <fillColor value="#ff000000" />
    <scene title="" width="2560" height="1440" exportWidth="2560" exportHeight="1440" precompose="dynamicResolution" bgcolor="#00000000" totalTime="1332" fps="60" modifiedTime="0" amver="1002351" ffver="106" am="com.alightcreative.motioo/5.0.270.1002578" amplatform="android" retime="off" retimeAdaptFPS="false">
      <shape id="10257805" label="4k Dynamic Neon Rhythm Background Video.mp4 Copy" startTime="0" endTime="1332" fillType="media" fillVideo="content://media/external/video/media/1000042908" outTime="2664" speed="2.000000" mediaFillMode="fill" s=".rect">
        <transform>
          <location value="1280.000000,720.000000,0.000000" />
          <scale value="0.417969,0.417969" />
        </transform>
        <effect id="com.alightcreative.effects.colorize" locallyApplied="true">
          <property name="tint" type="vec3" value="46.984882,1.000000,0.000000" />
        </effect>
        <path-stroke direction="centered" end-size="1.500000">
          <color value="#ffffffff" />
        </path-stroke>
        <property name="size" type="vec2" value="1280.000000,720.000000" />
      </shape>
      <shape id="10257807" label="2025061314575826.png Copy" startTime="0" endTime="1332" fillType="media" fillImage="content://media/external/images/media/1000045417" mediaFillMode="fill" s=".rect">
        <transform>
          <location>
            <kf t="0.506757" v="1280.000000,720.000000,0.000000" />
          </location>
          <scale value="0.647222,0.647222" />
        </transform>
        <property name="size" type="vec2" value="326.500000,720.000000" />
      </shape>
    </scene>
  </embedScene>
  <text id="10257808" startTime="1283" endTime="2615" fillType="color" mediaFillMode="fill" size="18.000000" font="imported?name=Zenzai Itacha.ttf" wrapWidth="439" align="left">
    <transform lockAspectRatio="false">
      <location>
        <kf t="0.506757" v="1597.875000,488.750000,0.000000" e="cubicBezier 0.0 0.0 0.58 1.0" />
        <kf t="0.006006" v="1599.500000,-230.000000,0.000000" />
      </location>
      <scale value="6.353077,5.333384" />
    </transform>
    <content>Nika                Para</content>
  </text>
  <shape id="10257867" label="broken screen.mp4" startTime="2616" endTime="3749" fillType="media" blending="lighten" fillVideo="content://media/external/video/media/1000013475" inTime="17968" outTime="19101" mediaFillMode="fill" s=".rect">
    <transform>
      <location value="1280.000000,720.000000,0.000000" />
    </transform>
    <effect id="com.alightcreative.effects.satvib" locallyApplied="true">
      <property name="saturation" type="float" value="1.000000" />
      <property name="vib" type="float" value="1.000000" />
    </effect>
    <property name="size" type="vec2" value="1280.000000,720.000000" />
  </shape>
  <shape id="10257868" label="download.png" startTime="2616" endTime="3749" fillType="media" blending="darken" fillImage="content://media/external/images/media/1000023256" mediaFillMode="fill" s=".rect">
    <transform>
      <location value="1280.000000,720.000000,0.000000" />
      <scale value="1.371184,1.371184" />
    </transform>
    <effect id="com.alightcreative.replacecolor" locallyApplied="true">
      <property name="oldcolor" type="color" value="#ff00ff00" />
      <property name="newcolor" type="color" value="#ffd00000" />
      <property name="threshold" type="float" value="0.250000" />
      <property name="feather" type="float" value="0.250000" />
      <property name="alpha" type="float" value="1.000000" />
      <property name="lockLuminance" type="bool" value="false" />
    </effect>
    <effect id="com.alightcreative.effects.tile" locallyApplied="true">
      <property name="scale" type="float" value="1.000000" />
      <property name="phase" type="float" value="0.000000" />
      <property name="mirror" type="bool" value="true" />
      <property name="vertoffs" type="bool" value="false" />
      <property name="angle" type="float" value="0.000000" />
    </effect>
    <property name="size" type="vec2" value="933.500000,720.000000" />
  </shape>
  <embedScene id="10257810" label="Group 1" startTime="2616" endTime="3749" fillType="intrinsic" outTime="1246" speed="1.100000" mediaFillMode="fill">
    <transform>
      <location>
        <kf t="0.006415" v="-740.062500,720.000000,0.000000" />
        <kf t="0.794716" v="1776.000000,720.500000,0.000000" e="cubicBezier 0.42 0.0 1.0 1.0" />
        <kf t="0.260627" v="922.875000,720.000000,0.000000" e="cubicBezier 0.0 0.0 0.58 1.0" />
        <kf t="1.022465" v="3228.312744,726.407043,0.000000" e="cubicBezier 0.0 0.0 0.58 1.0" />
      </location>
      <pivot value="-276.864746,-19.716431" />
    </transform>
    <fillColor value="#ff000000" />
    <scene title="" width="2560" height="1440" exportWidth="2560" exportHeight="1440" precompose="dynamicResolution" bgcolor="#00000000" totalTime="1246" fps="60" modifiedTime="0" amver="1002351" ffver="106" am="com.alightcreative.motioo/5.0.270.1002578" amplatform="android" retime="off" retimeAdaptFPS="false">
      <embedScene id="10257811" label="Group and Mask 1 Copy 4" startTime="0" endTime="1246" fillType="intrinsic" outTime="1246" mediaFillMode="fill">
        <transform>
          <location value="1891.400391,702.875000,0.000000" />
          <pivot value="-270.754761,-2.591431" />
        </transform>
        <fillColor value="#ff000000" />
        <scene title="" width="2560" height="1440" exportWidth="2560" exportHeight="1440" precompose="dynamicResolution" bgcolor="#00000000" totalTime="2015" fps="60" modifiedTime="0" amver="1002351" ffver="106" am="com.alightcreative.motioo/5.0.270.1002578" amplatform="android" retime="off" retimeAdaptFPS="false">
          <shape id="10257717" label="Screenshot_20250611-124543.jpg Copy" startTime="0" endTime="2015" fillType="media" fillImage="content://media/external/images/media/1000042930" mediaFillMode="fill" s=".rect">
            <transform>
              <location value="1280.000000,720.000000,0.000000" />
              <scale value="1.282280,1.282280" />
            </transform>
            <property name="size" type="vec2" value="1280.000000,561.500000" />
          </shape>
          <shape id="10257716" label="Arrow 2 1" startTime="0" endTime="2015" fillType="color" blending="mask" mediaFillMode="fill" s="com.alightcreative.arrow2">
            <transform lockAspectRatio="false">
              <location value="1009.590088,836.862488,0.000000" />
              <scale value="1.034848,1.838889" />
            </transform>
            <fillColor value="#ffeead56" />
            <effect id="com.alightcreative.effects.lift" locallyApplied="true">
              <property name="fill" type="float" value="0.000000" />
            </effect>
            <path-stroke direction="centered" enabled="false" end-size="1.500000">
              <color value="#ffffffff" />
            </path-stroke>
            <property name="p1" type="vec2" value="-330.333191,-194.959854" />
            <property name="p2" type="vec2" value="-0.333171,-424.959839" />
            <property name="p3" type="vec2" value="329.666809,-194.959854" />
            <property name="p4" type="vec2" value="329.666809,295.040161" />
            <property name="p5" type="vec2" value="1.665921,224.799255" />
            <property name="p6" type="vec2" value="-330.333191,295.040161" />
            <property name="closed" type="bool" value="true" />
          </shape>
        </scene>
      </embedScene>
      <text id="10257813" label="Punisher 3" startTime="0" endTime="1246" fillType="color" mediaFillMode="fill" size="18.000000" font="imported?name=Zenzai Itacha.ttf" wrapWidth="180" align="left">
        <transform lockAspectRatio="false">
          <location value="743.948853,1148.437500,0.000000" />
          <scale value="5.153312,4.613260" />
        </transform>
        <effect id="com.alightcreative.effects.ridges2" locallyApplied="true">
          <property name="parr" type="vec2" value="80.000000,0.000000" />
          <property name="evolution" type="float">
            <kf t="0.000000" v="1.600000" />
            <kf t="1.026686" v="5.570000" />
          </property>
          <property name="scale" type="float">
            <kf t="0.000000" v="0.900000" />
            <kf t="1.026686" v="2.430000" />
          </property>
          <property name="stretch" type="vec2" value="1.000000,1.000000" />
          <property name="intensity" type="float" value="1.500000" />
          <property name="seed" type="float" value="0.020000" />
          <property name="color1" type="color" value="#ffffffff" />
          <property name="color2" type="color">
            <kf t="0.028581" v="#ff17e1e1" />
            <kf t="0.200062" v="#ffff4444" />
            <kf t="0.390407" v="#fffae965" />
            <kf t="0.638485" v="#ff3d4cf5" />
            <kf t="0.904853" v="#ff1ed91e" />
          </property>
          <property name="octaves" type="float" value="2.000000" />
        </effect>
        <effect id="com.alightcreative.effects.rays" locallyApplied="true">
          <property name="centerPoint" type="vec2">
            <kf t="0.004085" v="-215.000000,0.000000" />
            <kf t="1.025318" v="219.000000,0.000000" />
          </property>
          <property name="strength" type="float" value="0.240000" />
          <property name="intensity" type="float" value="1.100000" />
          <property name="threshold" type="float" value="0.000000" />
          <property name="thresholdColor" type="color" value="#ff000000" />
          <property name="fillColor" type="color" value="#ff000000" />
          <property name="blend" type="float" value="0.000000" />
          <property name="quality" type="float" value="150.000000" />
        </effect>
        <effect id="com.alightcreative.effects.deepglow" locallyApplied="true">
          <property name="strength" type="float" value="0.150000" />
          <property name="rrr" type="float" value="1.500000" />
          <property name="satvib" type="vec2" value="0.000000,1.000000" />
          <property name="hue" type="float" value="360.000000" />
          <property name="oalpha" type="float" value="1.000000" />
          <property name="calpha" type="float" value="1.000000" />
          <property name="sshadow" type="bool" value="false" />
          <property name="power" type="float" value="0.150000" />
          <property name="alphaa" type="float" value="0.750000" />
          <property name="cblend" type="bool" value="false" />
          <property name="color" type="color" value="#ffaa0000" />
          <property name="alpb" type="float" value="0.500000" />
          <property name="thrs" type="bool" value="false" />
          <property name="lowThreshold" type="float" value="0.000000" />
          <property name="highThreshold" type="float" value="1.000000" />
          <property name="feather" type="float" value="3.000000" />
          <property name="iter" type="float" value="1.000000" />
        </effect>
        <path-stroke direction="centered" end-size="1.500000">
          <color value="#ffffffff" />
        </path-stroke>
        <content>Punisher</content>
      </text>
      <text id="10257814" label="Punisher 3 Copy" startTime="0" endTime="1246" fillType="color" mediaFillMode="fill" size="18.000000" font="imported?name=Zenzai Itacha.ttf" wrapWidth="180" align="left">
        <transform lockAspectRatio="false">
          <location value="743.948853,720.000000,0.000000" />
          <scale value="5.153312,4.613260" />
        </transform>
        <effect id="com.alightcreative.effects.ridges2" locallyApplied="true">
          <property name="parr" type="vec2" value="80.000000,0.000000" />
          <property name="evolution" type="float">
            <kf t="0.000000" v="1.600000" />
            <kf t="1.026686" v="5.570000" />
          </property>
          <property name="scale" type="float">
            <kf t="0.000000" v="0.900000" />
            <kf t="1.026686" v="2.430000" />
          </property>
          <property name="stretch" type="vec2" value="1.000000,1.000000" />
          <property name="intensity" type="float" value="1.500000" />
          <property name="seed" type="float" value="0.020000" />
          <property name="color1" type="color" value="#ffffffff" />
          <property name="color2" type="color">
            <kf t="0.028581" v="#ff17e1e1" />
            <kf t="0.200062" v="#ffff4444" />
            <kf t="0.390407" v="#fffae965" />
            <kf t="0.638485" v="#ff3d4cf5" />
            <kf t="0.904853" v="#ff1ed91e" />
          </property>
          <property name="octaves" type="float" value="2.000000" />
        </effect>
        <effect id="com.alightcreative.effects.rays" locallyApplied="true">
          <property name="centerPoint" type="vec2">
            <kf t="0.004085" v="-215.000000,0.000000" />
            <kf t="1.025318" v="219.000000,0.000000" />
          </property>
          <property name="strength" type="float" value="0.240000" />
          <property name="intensity" type="float" value="1.100000" />
          <property name="threshold" type="float" value="0.000000" />
          <property name="thresholdColor" type="color" value="#ff000000" />
          <property name="fillColor" type="color" value="#ff000000" />
          <property name="blend" type="float" value="0.000000" />
          <property name="quality" type="float" value="150.000000" />
        </effect>
        <effect id="com.alightcreative.effects.deepglow" locallyApplied="true">
          <property name="strength" type="float" value="0.150000" />
          <property name="rrr" type="float" value="1.500000" />
          <property name="satvib" type="vec2" value="0.000000,1.000000" />
          <property name="hue" type="float" value="360.000000" />
          <property name="oalpha" type="float" value="1.000000" />
          <property name="calpha" type="float" value="1.000000" />
          <property name="sshadow" type="bool" value="false" />
          <property name="power" type="float" value="0.150000" />
          <property name="alphaa" type="float" value="0.750000" />
          <property name="cblend" type="bool" value="false" />
          <property name="color" type="color" value="#ffaa0000" />
          <property name="alpb" type="float" value="0.500000" />
          <property name="thrs" type="bool" value="false" />
          <property name="lowThreshold" type="float" value="0.000000" />
          <property name="highThreshold" type="float" value="1.000000" />
          <property name="feather" type="float" value="3.000000" />
          <property name="iter" type="float" value="1.000000" />
        </effect>
        <path-stroke direction="centered" end-size="1.500000">
          <color value="#ffffffff" />
        </path-stroke>
        <content>Punisher</content>
      </text>
      <text id="10257815" label="Punisher 3 Copy 2" startTime="0" endTime="1246" fillType="color" mediaFillMode="fill" size="18.000000" font="imported?name=Zenzai Itacha.ttf" wrapWidth="180" align="left">
        <transform lockAspectRatio="false">
          <location value="743.948853,302.738800,0.000000" />
          <scale value="5.153312,4.613260" />
        </transform>
        <effect id="com.alightcreative.effects.ridges2" locallyApplied="true">
          <property name="parr" type="vec2" value="80.000000,0.000000" />
          <property name="evolution" type="float">
            <kf t="0.000000" v="1.600000" />
            <kf t="1.026686" v="5.570000" />
          </property>
          <property name="scale" type="float">
            <kf t="0.000000" v="0.900000" />
            <kf t="1.026686" v="2.430000" />
          </property>
          <property name="stretch" type="vec2" value="1.000000,1.000000" />
          <property name="intensity" type="float" value="1.500000" />
          <property name="seed" type="float" value="0.020000" />
          <property name="color1" type="color" value="#ffffffff" />
          <property name="color2" type="color">
            <kf t="0.028581" v="#ff17e1e1" />
            <kf t="0.200062" v="#ffff4444" />
            <kf t="0.390407" v="#fffae965" />
            <kf t="0.638485" v="#ff3d4cf5" />
            <kf t="0.904853" v="#ff1ed91e" />
          </property>
          <property name="octaves" type="float" value="2.000000" />
        </effect>
        <effect id="com.alightcreative.effects.rays" locallyApplied="true">
          <property name="centerPoint" type="vec2">
            <kf t="0.004085" v="-215.000000,0.000000" />
            <kf t="1.025318" v="219.000000,0.000000" />
          </property>
          <property name="strength" type="float" value="0.240000" />
          <property name="intensity" type="float" value="1.100000" />
          <property name="threshold" type="float" value="0.000000" />
          <property name="thresholdColor" type="color" value="#ff000000" />
          <property name="fillColor" type="color" value="#ff000000" />
          <property name="blend" type="float" value="0.000000" />
          <property name="quality" type="float" value="150.000000" />
        </effect>
        <effect id="com.alightcreative.effects.deepglow" locallyApplied="true">
          <property name="strength" type="float" value="0.150000" />
          <property name="rrr" type="float" value="1.500000" />
          <property name="satvib" type="vec2" value="0.000000,1.000000" />
          <property name="hue" type="float" value="360.000000" />
          <property name="oalpha" type="float" value="1.000000" />
          <property name="calpha" type="float" value="1.000000" />
          <property name="sshadow" type="bool" value="false" />
          <property name="power" type="float" value="0.150000" />
          <property name="alphaa" type="float" value="0.750000" />
          <property name="cblend" type="bool" value="false" />
          <property name="color" type="color" value="#ffaa0000" />
          <property name="alpb" type="float" value="0.500000" />
          <property name="thrs" type="bool" value="false" />
          <property name="lowThreshold" type="float" value="0.000000" />
          <property name="highThreshold" type="float" value="1.000000" />
          <property name="feather" type="float" value="3.000000" />
          <property name="iter" type="float" value="1.000000" />
        </effect>
        <path-stroke direction="centered" end-size="1.500000">
          <color value="#ffffffff" />
        </path-stroke>
        <content>Punisher</content>
      </text>
    </scene>
  </embedScene>
  <embedScene id="10257872" label="Group 3" startTime="3750" endTime="4832" fillType="intrinsic" mediaFillMode="fill">
    <transform>
      <location value="1280.000000,720.000000,0.000000" />
    </transform>
    <fillColor value="#ff000000" />
    <effect id="com.alightcreative.effects.colortemperature" locallyApplied="true">
      <property name="temperature" type="float" value="1.000000" />
      <property name="strength" type="float" value="1.000000" />
    </effect>
    <effect id="com.alightcreative.effects.hueshift" locallyApplied="true">
      <property name="hue" type="float" value="153.000000" />
    </effect>
    <scene title="" width="2560" height="1974" exportWidth="2560" exportHeight="1974" precompose="dynamicResolution" bgcolor="#00000000" totalTime="1082" fps="60" modifiedTime="0" amver="1002351" ffver="106" am="com.alightcreative.motioo/5.0.270.1002578" amplatform="android" retime="off" retimeAdaptFPS="false">
      <shape id="10257816" label="Golden_3D_Arena_║_Glowing_Sparks_-_Beautiful_Edits_Overlay_║_Relaxation___Me.mp4" startTime="0" endTime="1079" fillType="media" fillVideo="content://media/external/video/media/1000006080" inTime="33" outTime="1382" speed="1.250000" mediaFillMode="fill" s=".rect">
        <transform>
          <location value="1280.000244,987.252502,0.000000" />
        </transform>
        <effect id="com.alightcreative.effects.hueshift" locallyApplied="true">
          <property name="hue" type="float" value="110.500000" />
        </effect>
        <property name="size" type="vec2" value="1280.000000,720.000000" />
      </shape>
      <shape id="10257870" label="New_Project_126__5FD4760_.mp4" startTime="0" endTime="1082" fillType="media" blending="linear-dodge" fillVideo="content://media/external/video/media/1000004895" inTime="1" outTime="1083" mediaFillMode="fill" s=".rect">
        <transform>
          <location value="1280.000244,987.252502,0.000000" />
        </transform>
        <property name="size" type="vec2" value="1280.000000,720.000000" />
      </shape>
      <shape id="10257871" label="download.png" startTime="0" endTime="1082" fillType="media" blending="darken" fillImage="content://media/external/images/media/1000023256" mediaFillMode="fill" s=".rect">
        <transform>
          <location value="1280.000244,987.252502,0.000000" />
          <scale value="1.371184,1.371184" />
        </transform>
        <effect id="com.alightcreative.replacecolor" locallyApplied="true">
          <property name="oldcolor" type="color" value="#ff00ff00" />
          <property name="newcolor" type="color" value="#ffd00000" />
          <property name="threshold" type="float" value="0.250000" />
          <property name="feather" type="float" value="0.250000" />
          <property name="alpha" type="float" value="1.000000" />
          <property name="lockLuminance" type="bool" value="false" />
        </effect>
        <effect id="com.alightcreative.effects.tile" locallyApplied="true">
          <property name="scale" type="float" value="1.000000" />
          <property name="phase" type="float" value="0.000000" />
          <property name="mirror" type="bool" value="true" />
          <property name="vertoffs" type="bool" value="false" />
          <property name="angle" type="float" value="0.000000" />
        </effect>
        <property name="size" type="vec2" value="933.500000,720.000000" />
      </shape>
    </scene>
  </embedScene>
  <embedScene id="10257817" label="Group 2" startTime="3750" endTime="4829" fillType="intrinsic" outTime="1349" speed="1.250000" mediaFillMode="fill">
    <transform>
      <location>
        <kf t="0.500371" v="1280.000000,720.000000,0.000000" e="cubicBezier 0.0 0.0 0.58 1.0" />
        <kf t="0.005930" v="1280.000000,1905.187500,0.000000" />
      </location>
    </transform>
    <fillColor value="#ff000000" />
    <scene title="" width="2560" height="1440" exportWidth="2560" exportHeight="1440" precompose="dynamicResolution" bgcolor="#00000000" totalTime="1349" fps="60" modifiedTime="0" amver="1002351" ffver="106" am="com.alightcreative.motioo/5.0.270.1002578" amplatform="android" retime="off" retimeAdaptFPS="false">
      <shape id="10257820" label="4k Dynamic Neon Rhythm Background Video.mp4 Copy 2" startTime="0" endTime="1349" fillType="media" fillVideo="content://media/external/video/media/1000042908" outTime="2698" speed="2.000000" mediaFillMode="fill" s=".rect">
        <transform>
          <location value="1280.000000,720.000000,0.000000" />
          <scale value="0.417969,0.417969" />
        </transform>
        <effect id="com.alightcreative.effects.colortemperature" locallyApplied="true">
          <property name="temperature" type="float" value="1.000000" />
          <property name="strength" type="float" value="1.000000" />
        </effect>
        <effect id="com.alightcreative.effects.satvib" locallyApplied="true">
          <property name="saturation" type="float" value="1.000000" />
          <property name="vib" type="float" value="1.000000" />
        </effect>
        <path-stroke direction="centered" end-size="1.500000">
          <color value="#ffffffff" />
        </path-stroke>
        <property name="size" type="vec2" value="1280.000000,720.000000" />
      </shape>
      <shape id="10257819" label="2025061314575826.png Copy 2" startTime="0" endTime="1349" fillType="media" fillImage="content://media/external/images/media/1000045431" mediaFillMode="fill" s=".rect">
        <transform>
          <location>
            <kf t="0.500371" v="1280.000000,720.000000,0.000000" />
          </location>
          <scale value="0.647222,0.647222" />
        </transform>
        <property name="size" type="vec2" value="326.500000,720.000000" />
      </shape>
    </scene>
  </embedScene>
  <text id="10257818" startTime="3750" endTime="4829" fillType="color" speed="1.250000" mediaFillMode="fill" size="18.000000" font="imported?name=Zenzai Itacha.ttf" wrapWidth="439" align="left">
    <transform lockAspectRatio="false">
      <location>
        <kf t="0.500463" v="1597.875000,488.750000,0.000000" e="cubicBezier 0.0 0.0 0.58 1.0" />
        <kf t="0.005561" v="1599.500000,-230.000000,0.000000" />
      </location>
      <scale value="6.353077,5.333384" />
    </transform>
    <content>Vada                Para</content>
  </text>
</scene>