<?xml version='1.0' encoding='UTF-8' ?><!--
Created by Alight Motion (http://alightmotion.com)
Exported: 2025-05-06 11:18 PM
5.0.196.1000570 (1000516)
0418fc7 (29-Sept-2023 3:31:49 pm)
-->
<scene title="cube + flip transition " width="1920" height="1080" exportWidth="1920" exportHeight="1080" precompose="dynamicResolution" bgcolor="#ff000000" totalTime="2215" fps="60" modifiedTime="1746555487490" amver="1000516" ffver="106" am="com.alightcreative.motion/5.0.196.1000570" amplatform="android" retime="freeze" retimeAdaptFPS="false">
  <bookmark t="391" />
  <bookmark t="841" />
  <bookmark t="1608" />
  <bookmark t="1008" />
  <shape id="10114415" label="lv_0_20241026140542.mp4" hidden="true" startTime="0" endTime="2215" fillType="media" fillVideo="content://media/external/video/media/1000057095" inTime="7700" outTime="9915" mediaFillMode="fill" s=".rect">
    <transform>
      <location value="960.000000,540.000000,0.000000" />
      <scale value="1.216216,1.216216" />
    </transform>
    <property name="size" type="vec2" value="960.000000,444.000000" />
  </shape>
  <shape id="10114428" label="New Project 444 [B2B2428].png" startTime="0" endTime="849" fillType="media" fillImage="content://media/external/images/media/1000057933" mediaFillMode="fill" s=".rect">
    <transform>
      <location>
        <kf t="0.637220" v="960.000000,540.000000,0.000000" />
        <kf t="1.000000" v="-806.500000,540.000000,0.000000" e="cubicBezier 1.0 0.0 1.0 1.0" />
      </location>
    </transform>
    <effect id="com.alightcreative.effects.tile" locallyApplied="true">
      <property name="scale" type="float" value="1.000000" />
      <property name="phase" type="float" value="0.000000" />
      <property name="mirror" type="bool" value="true" />
      <property name="vertoffs" type="bool" value="false" />
      <property name="angle" type="float" value="0.000000" />
    </effect>
    <property name="size" type="vec2" value="960.000000,540.000000" />
  </shape>
  <shape id="10114423" label="New Project 444 [B2B2428].png Copy" startTime="0" endTime="849" fillType="media" fillImage="content://media/external/images/media/1000057411" mediaFillMode="fill" s=".rect">
    <transform>
      <location value="960.000000,540.000000,0.000000" />
      <scale value="1.093750,1.093750" />
      <opacity value="0.351563" />
    </transform>
    <effect id="com.alightcreative.effects.cube2" locallyApplied="true">
      <property name="orient" type="quat">
        <kf t="0.637220" v="0.000000,0.000000,0.000000,1.000000" />
        <kf t="1.000000" v="-0.000000,0.793354,-0.000000,0.608761" e="cubicBezier 1.0 0.0 1.0 1.0" />
      </property>
      <property name="rotate" type="vec3">
        <kf t="0.000000" v="21.000000,0.000000,0.000000" />
        <kf t="0.657244" v="-263.000000,0.000000,0.000000" e="cubicBezier 0.0 0.0 0.0 1.0" />
      </property>
      <property name="width" type="float" value="1.000000" />
      <property name="height" type="float" value="1.000000" />
      <property name="depth" type="float" value="1.000000" />
      <property name="texCrop" type="float" value="1.000000" />
      <property name="position" type="vec3" value="0.000000,100.000000,600.000000" />
      <property name="scale" type="float">
        <kf t="0.657244" v="2.000000" e="cubicBezier 0.0 0.0 0.0 1.0" />
        <kf t="0.000000" v="6.570000" />
      </property>
      <property name="shadingType" type="int" value="0" />
      <property name="lightIntensity" type="float" value="1.000000" />
      <property name="shine" type="float" value="0.800000" />
      <property name="spec" type="float" value="30.000000" />
      <property name="ambient" type="float" value="0.100000" />
      <property name="lightColor" type="color" value="#ffffffff" />
      <property name="lightDir" type="vec2" value="75.000000,-75.000000" />
      <property name="lightDepth" type="float" value="100.000000" />
    </effect>
    <path-stroke direction="centered" end-size="1.500000">
      <color value="#ffffffff" />
      <size value="10.000000" />
    </path-stroke>
    <property name="size" type="vec2" value="960.000000,540.000000" />
  </shape>
  <shape id="10114425" label="New Project 444 [B2B2428].png Copy 2" startTime="0" endTime="849" fillType="media" fillImage="content://media/external/images/media/1000057933" mediaFillMode="fill" s=".rect">
    <transform>
      <location value="960.000000,540.000000,0.000000" />
    </transform>
    <effect id="com.alightcreative.effects.cube2" locallyApplied="true">
      <property name="orient" type="quat">
        <kf t="0.637220" v="0.000000,0.000000,0.000000,1.000000" />
        <kf t="1.000000" v="-0.000000,0.793354,-0.000000,0.608761" e="cubicBezier 1.0 0.0 1.0 1.0" />
      </property>
      <property name="rotate" type="vec3">
        <kf t="0.000000" v="21.000000,0.000000,0.000000" />
        <kf t="0.657244" v="-263.000000,0.000000,0.000000" e="cubicBezier 0.0 0.0 0.0 1.0" />
      </property>
      <property name="width" type="float" value="1.000000" />
      <property name="height" type="float" value="1.000000" />
      <property name="depth" type="float" value="1.000000" />
      <property name="texCrop" type="float" value="1.000000" />
      <property name="position" type="vec3" value="0.000000,100.000000,600.000000" />
      <property name="scale" type="float">
        <kf t="0.657244" v="2.000000" e="cubicBezier 0.0 0.0 0.0 1.0" />
        <kf t="0.000000" v="6.570000" />
      </property>
      <property name="shadingType" type="int" value="0" />
      <property name="lightIntensity" type="float" value="1.000000" />
      <property name="shine" type="float" value="0.800000" />
      <property name="spec" type="float" value="30.000000" />
      <property name="ambient" type="float" value="0.100000" />
      <property name="lightColor" type="color" value="#ffffffff" />
      <property name="lightDir" type="vec2" value="75.000000,-75.000000" />
      <property name="lightDepth" type="float" value="100.000000" />
    </effect>
    <path-stroke direction="centered" end-size="1.500000">
      <color value="#ffffffff" />
      <size value="10.000000" />
    </path-stroke>
    <property name="size" type="vec2" value="960.000000,540.000000" />
  </shape>
  <shape id="10114429" label="New Project 444 [F3022CA].png" startTime="833" endTime="1615" fillType="media" fillImage="content://media/external/images/media/1000057934" mediaFillMode="fill" s=".rect">
    <transform>
      <location>
        <kf t="0.649616" v="960.000000,540.000000,0.000000" e="cubicBezier 0.0 0.0 0.0 1.0" />
        <kf t="1.000000" v="960.000000,1357.500000,0.000000" e="cubicBezier 1.0 0.0 1.0 1.0" />
        <kf t="0.000000" v="2677.500000,540.000000,0.000000" />
      </location>
    </transform>
    <effect id="com.alightcreative.effects.tile" locallyApplied="true">
      <property name="scale" type="float" value="1.000000" />
      <property name="phase" type="float" value="0.000000" />
      <property name="mirror" type="bool" value="true" />
      <property name="vertoffs" type="bool" value="false" />
      <property name="angle" type="float" value="0.000000" />
    </effect>
    <property name="size" type="vec2" value="960.000000,540.000000" />
  </shape>
  <shape id="10114424" label="New Project 444 [F3022CA].png" startTime="833" endTime="1615" fillType="media" fillImage="content://media/external/images/media/1000057423" mediaFillMode="fill" s=".rect">
    <transform>
      <location value="960.000000,540.000000,0.000000" />
      <scale value="1.092708,1.092708" />
      <opacity value="0.369141" />
    </transform>
    <effect id="com.alightcreative.effects.cube2" locallyApplied="true">
      <property name="rotate" type="vec3">
        <kf t="0.000000" v="0.000000,138.000000,0.000000" />
        <kf t="0.649616" v="16.000000,0.000000,0.000000" e="cubicBezier 0.0 0.0 0.0 1.0" />
        <kf t="1.000000" v="186.000000,0.000000,0.000000" e="cubicBezier 1.0 0.0 1.0 1.0" />
      </property>
      <property name="width" type="float" value="1.000000" />
      <property name="height" type="float" value="1.000000" />
      <property name="depth" type="float" value="1.000000" />
      <property name="texCrop" type="float" value="1.000000" />
      <property name="position" type="vec3" value="0.000000,100.000000,600.000000" />
      <property name="scale" type="float" value="2.000000" />
      <property name="shadingType" type="int" value="0" />
      <property name="lightIntensity" type="float" value="1.000000" />
      <property name="shine" type="float" value="0.800000" />
      <property name="spec" type="float" value="30.000000" />
      <property name="ambient" type="float" value="0.100000" />
      <property name="lightColor" type="color" value="#ffffffff" />
      <property name="lightDir" type="vec2" value="75.000000,-75.000000" />
      <property name="lightDepth" type="float" value="100.000000" />
    </effect>
    <path-stroke direction="centered" end-size="1.500000">
      <color value="#ffffffff" />
      <size value="11.000000" />
    </path-stroke>
    <property name="size" type="vec2" value="960.000000,540.000000" />
  </shape>
  <shape id="10114426" label="New Project 444 [F3022CA].png Copy" startTime="833" endTime="1615" fillType="media" fillImage="content://media/external/images/media/1000057934" mediaFillMode="fill" s=".rect">
    <transform>
      <location value="960.000000,540.000000,0.000000" />
    </transform>
    <effect id="com.alightcreative.effects.cube2" locallyApplied="true">
      <property name="rotate" type="vec3">
        <kf t="0.000000" v="0.000000,138.000000,0.000000" />
        <kf t="0.649616" v="16.000000,0.000000,0.000000" e="cubicBezier 0.0 0.0 0.0 1.0" />
        <kf t="1.000000" v="186.000000,0.000000,0.000000" e="cubicBezier 1.0 0.0 1.0 1.0" />
      </property>
      <property name="width" type="float" value="1.000000" />
      <property name="height" type="float" value="1.000000" />
      <property name="depth" type="float" value="1.000000" />
      <property name="texCrop" type="float" value="1.000000" />
      <property name="position" type="vec3" value="0.000000,100.000000,600.000000" />
      <property name="scale" type="float" value="2.000000" />
      <property name="shadingType" type="int" value="0" />
      <property name="lightIntensity" type="float" value="1.000000" />
      <property name="shine" type="float" value="0.800000" />
      <property name="spec" type="float" value="30.000000" />
      <property name="ambient" type="float" value="0.100000" />
      <property name="lightColor" type="color" value="#ffffffff" />
      <property name="lightDir" type="vec2" value="75.000000,-75.000000" />
      <property name="lightDepth" type="float" value="100.000000" />
    </effect>
    <path-stroke direction="centered" end-size="1.500000">
      <color value="#ffffffff" />
      <size value="11.000000" />
    </path-stroke>
    <property name="size" type="vec2" value="960.000000,540.000000" />
  </shape>
  <shape id="10114430" label="New Project 444 [0DD3B71].png" startTime="1600" endTime="2215" fillType="media" fillImage="content://media/external/images/media/1000057935" mediaFillMode="fill" s=".rect">
    <transform>
      <location>
        <kf t="0.691057" v="960.000000,540.000000,0.000000" e="cubicBezier 0.0 0.0 0.0 1.0" />
        <kf t="0.000000" v="960.000000,-198.507309,0.000000" />
      </location>
    </transform>
    <effect id="com.alightcreative.effects.tile" locallyApplied="true">
      <property name="scale" type="float" value="1.000000" />
      <property name="phase" type="float" value="0.000000" />
      <property name="mirror" type="bool" value="true" />
      <property name="vertoffs" type="bool" value="false" />
      <property name="angle" type="float" value="0.000000" />
    </effect>
    <property name="size" type="vec2" value="960.000000,540.000000" />
  </shape>
  <shape id="10114427" label="New Project 444 [0DD3B71].png" startTime="1600" endTime="2215" fillType="media" fillImage="content://media/external/images/media/1000057935" mediaFillMode="fill" s=".rect">
    <transform>
      <location value="960.000000,540.000000,0.000000" />
      <scale>
        <kf t="0.717073" v="0.911979,0.911979" e="cubicBezier 0.0 0.0 0.0 1.0" />
        <kf t="0.000000" v="0.000521,0.000521" />
        <kf t="1.000000" v="0.273438,0.273438" e="cubicBezier 1.0 0.0 1.0 1.0" />
      </scale>
    </transform>
    <effect id="com.alightcreative.effects.flip3" locallyApplied="true">
      <property name="angle" type="float">
        <kf t="0.000000" v="-88.599998" />
        <kf t="0.717073" v="388.899994" e="cubicBezier 0.0 0.0 0.0 1.0" />
        <kf t="0.988618" v="79.800003" e="cubicBezier 1.0 0.0 1.0 1.0" />
      </property>
      <property name="axis" type="float" value="90.000000" />
      <property name="crop" type="float" value="1.000000" />
      <property name="zdist" type="float" value="1.321000" />
      <property name="solid" type="bool" value="true" />
      <property name="solidColor" type="color" value="#ff000000" />
      <property name="thickness" type="float" value="1.400000" />
      <property name="enableLight" type="bool" value="false" />
      <property name="lightIntensity" type="float" value="1.000000" />
      <property name="lightColor" type="color" value="#ffffffff" />
      <property name="shine" type="float" value="0.800000" />
      <property name="spec" type="float" value="30.000000" />
      <property name="ambient" type="float" value="0.100000" />
      <property name="lightDir" type="vec2" value="75.000000,-75.000000" />
      <property name="lightDepth" type="float" value="-100.000000" />
    </effect>
    <border direction="inside" id="1" />
    <path-stroke direction="centered" end-size="1.500000">
      <color value="#ffffffff" />
      <size value="6.500000" />
    </path-stroke>
    <property name="size" type="vec2" value="960.000000,540.000000" />
  </shape>
</scene>