<?xml version='1.0' encoding='UTF-8' ?><!--
Created by Alight Motion (http://alightmotion.com)
Exported: 2025-06-15 04:20 PM
5.0.270.1002578 (1002351)
6dff462 (Apr 11, 2024 5:47:55 PM)
-->
<scene title="flip $ character move transition by virus&#129440; 89" width="1920" height="1080" exportWidth="1920" exportHeight="864" precompose="dynamicResolution" bgcolor="#ff000000" totalTime="2015" fps="60" modifiedTime="1749986424461" amver="1002351" ffver="106" am="com.alightcreative.motioo/5.0.270.1002578" amplatform="android" retime="freeze" retimeAdaptFPS="false">
  <media uri="content://media/external/video/media/1000042908" filename="4k Dynamic Neon Rhythm Background Video.mp4" title="4k Dynamic Neon Rhythm Background Video.mp4" type="video/mp4" duration="20063000" size="11478909" fps="0.24" orientation="0" infoUpdated="1749986076965" width="1920" height="1080" />
  <media uri="content://media/external/video/media/1000044808" type="video/mp4" duration="2017000" orientation="0" infoUpdated="1749986076965" width="1920" height="1088" />
  <media uri="content://media/external/images/media/1000040451" filename="2025060820580528.png" title="2025060820580528.png" type="image/png" size="293399" orientation="0" infoUpdated="1749986076965" width="448" height="932" />
  <media uri="content://media/external/images/media/1000040443" filename="2025060820291529.png" title="2025060820291529.png" type="image/png" size="417921" orientation="0" infoUpdated="1749986175597" width="470" height="1080" />
  <shape id="10258320" label="4k Dynamic Neon Rhythm Background Video.mp4" startTime="0" endTime="2015" fillType="media" fillVideo="content://media/external/video/media/1000042908" outTime="2015" mediaFillMode="fill" s=".rect">
    <transform>
      <location value="960.000000,540.000000,0.000000" />
    </transform>
    <effect id="com.alightcreative.effects.colortemperature" locallyApplied="true">
      <property name="temperature" type="float" value="1.000000" />
      <property name="strength" type="float" value="1.000000" />
    </effect>
    <property name="size" type="vec2" value="960.000000,540.000000" />
  </shape>
  <embedScene id="10258318" label="Group 2 Copy" startTime="0" endTime="2015" fillType="intrinsic" outTime="2015" mediaFillMode="fill">
    <transform>
      <location value="972.682068,540.000000,0.000000" />
      <scale value="1.168832,1.168832" />
    </transform>
    <fillColor value="#ff000000" />
    <effect id="com.alightcreative.effects.offset" locallyApplied="true">
      <property name="offset" type="vec2">
        <kf t="0.000000" v="0.000000,0.000000" />
        <kf t="1.000000" v="5000.000000,0.000000" />
      </property>
      <property name="feather" type="float" value="0.000000" />
      <property name="mask" type="bool" value="false" />
    </effect>
    <effect id="com.alightcreative.effects.hueshift" hidden="true" locallyApplied="true">
      <property name="hue" type="float" value="420.500000" />
    </effect>
    <scene title="" width="2020" height="1080" exportWidth="2020" exportHeight="1080" precompose="dynamicResolution" bgcolor="#00000000" totalTime="2015" fps="60" modifiedTime="0" amver="1002351" ffver="106" am="com.alightcreative.motioo/5.0.270.1002578" amplatform="android" retime="off" retimeAdaptFPS="false">
      <shape id="10257886" label="2025060820580528.png" hidden="true" startTime="0" endTime="2015" fillType="media" fillImage="content://media/external/images/media/1000040451" mediaFillMode="fill" s=".rect">
        <transform>
          <location value="1027.034668,540.000000,0.000000" />
          <scale value="1.069444,1.069444" />
        </transform>
        <property name="size" type="vec2" value="207.500000,432.000000" />
      </shape>
      <shape id="10257887" label="2025060820580528.png Copy" hidden="true" startTime="0" endTime="2015" fillType="media" fillImage="content://media/external/images/media/1000040451" mediaFillMode="fill" s=".rect">
        <transform>
          <location value="337.409729,540.000000,0.000000" />
          <scale value="1.069444,1.069444" />
        </transform>
        <property name="size" type="vec2" value="207.500000,432.000000" />
      </shape>
      <shape id="10257888" label="2025060820580528.png Copy 2" hidden="true" startTime="0" endTime="2015" fillType="media" fillImage="content://media/external/images/media/1000040451" mediaFillMode="fill" s=".rect">
        <transform>
          <location value="1657.226074,540.000000,0.000000" />
          <scale value="1.069444,1.069444" />
        </transform>
        <property name="size" type="vec2" value="207.500000,432.000000" />
      </shape>
      <shape id="10258321" label="2025060820291529.png" startTime="0" endTime="2015" fillType="media" fillImage="content://media/external/images/media/1000040443" mediaFillMode="fill" s=".rect">
        <transform>
          <location value="1042.614380,525.257996,0.000000" />
          <scale value="0.747339,0.747339" />
        </transform>
        <property name="size" type="vec2" value="235.000000,540.000000" />
      </shape>
      <shape id="10258322" label="2025060820291529.png Copy" startTime="0" endTime="2015" fillType="media" fillImage="content://media/external/images/media/1000040443" mediaFillMode="fill" s=".rect">
        <transform>
          <location value="568.308289,525.257996,0.000000" />
          <scale value="0.747339,0.747339" />
        </transform>
        <property name="size" type="vec2" value="235.000000,540.000000" />
      </shape>
      <shape id="10258323" label="2025060820291529.png Copy 2" startTime="0" endTime="2015" fillType="media" fillImage="content://media/external/images/media/1000040443" mediaFillMode="fill" s=".rect">
        <transform>
          <location value="1518.412964,525.257996,0.000000" />
          <scale value="0.747339,0.747339" />
        </transform>
        <property name="size" type="vec2" value="235.000000,540.000000" />
      </shape>
    </scene>
  </embedScene>
  <shape id="10258319" label="ssstik.io_@thor4_7_1731982785091.mp4 Copy 2" startTime="0" endTime="2015" fillType="media" fillVideo="content://media/external/video/media/1000044808" speed="0.768735" mediaFillMode="fill" presetId="f016486e-1c6a-4d14-840f-e58a97114395" s=".rect">
    <transform>
      <location value="960.000000,540.000000,0.000000" />
      <scale value="1.250000,1.250000" />
    </transform>
    <effect id="com.alightcreative.effects.flip3" locallyApplied="true">
      <property name="angle" type="float">
        <kf t="0.003160" v="0.000000" />
        <kf t="0.997235" v="0.000000" e="cubicBezier 0.68 0.0 1.0 0.39" />
        <kf t="0.464060" v="-562.500000" e="cubicBezier 0.0 0.61 0.32 1.0" />
      </property>
      <property name="axis" type="float" value="90.000000" />
      <property name="crop" type="float" value="1.000000" />
      <property name="zdist" type="float">
        <kf t="0.003160" v="0.000000" />
        <kf t="0.997235" v="0.000000" e="cubicBezier 0.70689905 0.0 1.0 0.39" />
        <kf t="0.464060" v="3.406000" e="cubicBezier 0.0 0.6063025 0.31717104 1.0" />
      </property>
      <property name="solid" type="bool" value="false" />
      <property name="solidColor" type="color" value="#ffdd4455" />
      <property name="thickness" type="float" value="1.000000" />
      <property name="enableLight" type="bool" value="false" />
      <property name="lightIntensity" type="float" value="1.000000" />
      <property name="lightColor" type="color" value="#ffffffff" />
      <property name="shine" type="float" value="0.800000" />
      <property name="spec" type="float" value="30.000000" />
      <property name="ambient" type="float" value="0.100000" />
      <property name="lightDir" type="vec2" value="75.000000,-75.000000" />
      <property name="lightDepth" type="float" value="-100.000000" />
    </effect>
    <gain value="0.000000" />
    <path-stroke direction="centered" end-size="1.500000">
      <color value="#ffffffff" />
      <size value="17.500000" />
    </path-stroke>
    <property name="size" type="vec2" value="768.000000,432.000000" />
  </shape>
</scene>