<?xml version='1.0' encoding='UTF-8' ?><!--
Created by Alight Motion (http://alightmotion.com)
Exported: 2025-05-23 03:06 PM
5.0.196.1000570 (1000516)
0418fc7 (29-Sept-2023 3:31:49 pm)
-->
<scene title="flip transition by zjr &#128139;" width="1920" height="1080" exportWidth="1920" exportHeight="1080" precompose="dynamicResolution" bgcolor="#ff000000" totalTime="2015" fps="60" modifiedTime="1747994768482" amver="1000516" ffver="106" am="com.alightcreative.motion/5.0.196.1000570" amplatform="android" retime="freeze" retimeAdaptFPS="false">
  <media uri="content://media/external/images/media/1000230492" filename="360_F_783258193_wLKBLRgYMyMG6UgT1Rv9uSqKzezjxcDe.jpg" title="360_F_783258193_wLKBLRgYMyMG6UgT1Rv9uSqKzezjxcDe.jpg" type="image/jpeg" size="67577" orientation="0" infoUpdated="1747994725749" width="643" height="360" />
  <media uri="content://media/external/images/media/1000230491" type="image/jpeg" duration="0" orientation="0" infoUpdated="1747994725749" width="0" height="0" />
  <media uri="content://media/external/images/media/1000230456" type="image/jpeg" duration="0" orientation="0" infoUpdated="1747994725749" width="0" height="0" />
  <bookmark t="508" />
  <bookmark t="1008" />
  <bookmark t="1508" />
  <shape id="10221939" label="layer 1 copy " startTime="0" endTime="2015" fillType="media" fillImage="content://media/external/images/media/1000230492" mediaFillMode="fill" s=".rect">
    <transform>
      <location value="960.000000,540.000000,0.000000" />
      <scale value="1.205208,1.205208" />
      <opacity>
        <kf t="0.260546" v="0.318359" />
        <kf t="0.503722" v="0.000000" />
        <kf t="0.748387" v="0.000000" />
        <kf t="1.000000" v="0.369141" e="cubicBezier 0.0 0.0 0.0 1.0" />
      </opacity>
    </transform>
    <effect id="com.alightcreative.effects.flip3" locallyApplied="true">
      <property name="angle" type="float" value="0.000000" />
      <property name="axis" type="float" value="0.000000" />
      <property name="crop" type="float" value="1.000000" />
      <property name="zdist" type="float">
        <kf t="0.003970" v="0.000000" />
        <kf t="0.255583" v="3.000000" e="cubicBezier 0.0 0.0 0.0 1.0" />
        <kf t="0.748387" v="3.003000" />
        <kf t="1.000000" v="1.967000" e="cubicBezier 0.0 0.0 0.0 1.0" />
      </property>
      <property name="solid" type="bool" value="false" />
      <property name="solidColor" type="color" value="#ffdd4455" />
      <property name="thickness" type="float" value="1.000000" />
      <property name="enableLight" type="bool" value="false" />
      <property name="lightIntensity" type="float" value="1.000000" />
      <property name="lightColor" type="color" value="#ffffffff" />
      <property name="shine" type="float" value="0.800000" />
      <property name="spec" type="float" value="30.000000" />
      <property name="ambient" type="float" value="0.100000" />
      <property name="lightDir" type="vec2" value="75.000000,-75.000000" />
      <property name="lightDepth" type="float" value="-100.000000" />
    </effect>
    <border direction="inside" id="1" />
    <property name="size" type="vec2" value="960.000000,537.000000" />
  </shape>
  <shape id="10221943" label="Layer 1 " startTime="0" endTime="1015" fillType="media" fillImage="content://media/external/images/media/1000230492" mediaFillMode="fill" s=".rect">
    <transform>
      <location value="960.000000,540.000000,0.000000" />
    </transform>
    <effect id="com.alightcreative.effects.flip3" locallyApplied="true">
      <property name="angle" type="float" value="0.000000" />
      <property name="axis" type="float" value="0.000000" />
      <property name="crop" type="float" value="1.000000" />
      <property name="zdist" type="float">
        <kf t="0.007882" v="0.000000" />
        <kf t="0.507389" v="3.000000" e="cubicBezier 0.0 0.0 0.0 1.0" />
      </property>
      <property name="solid" type="bool" value="false" />
      <property name="solidColor" type="color" value="#ffdd4455" />
      <property name="thickness" type="float" value="1.000000" />
      <property name="enableLight" type="bool" value="false" />
      <property name="lightIntensity" type="float" value="1.000000" />
      <property name="lightColor" type="color" value="#ffffffff" />
      <property name="shine" type="float" value="0.800000" />
      <property name="spec" type="float" value="30.000000" />
      <property name="ambient" type="float" value="0.100000" />
      <property name="lightDir" type="vec2" value="75.000000,-75.000000" />
      <property name="lightDepth" type="float" value="-100.000000" />
    </effect>
    <border direction="inside" id="1" />
    <property name="size" type="vec2" value="960.000000,537.000000" />
  </shape>
  <shape id="10221940" label="Layer 2" startTime="500" endTime="1515" fillType="media" fillImage="content://media/external/images/media/1000230491" mediaFillMode="fill" s=".rect">
    <transform>
      <location>
        <kf t="0.507389" v="960.000000,540.000000,0.000000" e="cubicBezier 0.0 0.0 0.0 1.0" />
        <kf t="0.000000" v="2341.500000,540.000000,0.000000" />
      </location>
    </transform>
    <effect id="com.alightcreative.effects.flip3" locallyApplied="true">
      <property name="angle" type="float" value="0.000000" />
      <property name="axis" type="float" value="0.000000" />
      <property name="crop" type="float" value="1.000000" />
      <property name="zdist" type="float" value="3.000000" />
      <property name="solid" type="bool" value="false" />
      <property name="solidColor" type="color" value="#ffdd4455" />
      <property name="thickness" type="float" value="1.000000" />
      <property name="enableLight" type="bool" value="false" />
      <property name="lightIntensity" type="float" value="1.000000" />
      <property name="lightColor" type="color" value="#ffffffff" />
      <property name="shine" type="float" value="0.800000" />
      <property name="spec" type="float" value="30.000000" />
      <property name="ambient" type="float" value="0.100000" />
      <property name="lightDir" type="vec2" value="75.000000,-75.000000" />
      <property name="lightDepth" type="float" value="-100.000000" />
    </effect>
    <border direction="inside" id="1" />
    <property name="size" type="vec2" value="960.000000,537.000000" />
  </shape>
  <shape id="10221941" label="layer 3 " startTime="1000" endTime="1515" fillType="media" fillImage="content://media/external/images/media/1000230456" mediaFillMode="fill" s=".rect">
    <transform>
      <location>
        <kf t="1.000000" v="960.000000,540.000000,0.000000" e="cubicBezier 0.0 0.0 0.0 1.0" />
        <kf t="0.000000" v="-405.500000,540.000000,0.000000" />
      </location>
    </transform>
    <effect id="com.alightcreative.effects.flip3" locallyApplied="true">
      <property name="angle" type="float" value="0.000000" />
      <property name="axis" type="float" value="0.000000" />
      <property name="crop" type="float" value="1.000000" />
      <property name="zdist" type="float" value="3.000000" />
      <property name="solid" type="bool" value="false" />
      <property name="solidColor" type="color" value="#ffdd4455" />
      <property name="thickness" type="float" value="1.000000" />
      <property name="enableLight" type="bool" value="false" />
      <property name="lightIntensity" type="float" value="1.000000" />
      <property name="lightColor" type="color" value="#ffffffff" />
      <property name="shine" type="float" value="0.800000" />
      <property name="spec" type="float" value="30.000000" />
      <property name="ambient" type="float" value="0.100000" />
      <property name="lightDir" type="vec2" value="75.000000,-75.000000" />
      <property name="lightDepth" type="float" value="-100.000000" />
    </effect>
    <border direction="inside" id="1" />
    <property name="size" type="vec2" value="960.000000,537.000000" />
  </shape>
  <shape id="10221942" label="layer 3 " startTime="1500" endTime="2015" fillType="media" fillImage="content://media/external/images/media/1000230456" mediaFillMode="fill" s=".rect">
    <transform>
      <location value="960.000000,540.000000,0.000000" />
    </transform>
    <effect id="com.alightcreative.effects.flip3" locallyApplied="true">
      <property name="angle" type="float">
        <kf t="0.000000" v="0.000000" />
        <kf t="1.000000" v="180.000000" e="cubicBezier 0.0 0.0 0.0 1.0" />
      </property>
      <property name="axis" type="float" value="0.000000" />
      <property name="crop" type="float" value="1.000000" />
      <property name="zdist" type="float" value="3.000000" />
      <property name="solid" type="bool" value="false" />
      <property name="solidColor" type="color" value="#ffdd4455" />
      <property name="thickness" type="float" value="1.000000" />
      <property name="enableLight" type="bool" value="false" />
      <property name="lightIntensity" type="float" value="1.000000" />
      <property name="lightColor" type="color" value="#ffffffff" />
      <property name="shine" type="float" value="0.800000" />
      <property name="spec" type="float" value="30.000000" />
      <property name="ambient" type="float" value="0.100000" />
      <property name="lightDir" type="vec2" value="75.000000,-75.000000" />
      <property name="lightDepth" type="float" value="-100.000000" />
    </effect>
    <border direction="inside" id="1" />
    <property name="size" type="vec2" value="960.000000,537.000000" />
  </shape>
</scene>