<?xml version='1.0' encoding='UTF-8' ?><!--
Created by Alight Motion (http://alightmotion.com)
Exported: 2025-04-28 05:20 PM
5.0.270.1002578 (1002351)
6dff462 (Apr 11, 2024 5:47:55 PM)
-->
<scene title="full transition with null demanding clip by virus 89" width="2560" height="1440" exportWidth="2560" exportHeight="1440" precompose="dynamicResolution" bgcolor="#ff000000" totalTime="1449" fps="60" modifiedTime="1745842852955" amver="1002351" ffver="106" am="com.alightcreative.motioo/5.0.270.1002578" amplatform="android" retime="freeze" retimeAdaptFPS="false">
  <media uri="content://media/external/video/media/1000003045" filename="ssstik.io_@senior___edits_1738266988792.mp4" title="ssstik.io_@senior___edits_1738266988792.mp4" type="video/mp4" duration="53567000" size="3527910" fps="0.30" orientation="0" infoUpdated="1745842569305" width="1028" height="576" />
  <media uri="content://media/external/video/media/1000064771" filename="Elctric Shockwave Portal Green Screen Template.mp4" title="Elctric Shockwave Portal Green Screen Template.mp4" type="video/mp4" duration="5713000" size="612154" fps="0.25" orientation="0" infoUpdated="1745842569305" width="1280" height="720" />
  <media uri="content://media/external/images/media/1000081779" type="image/png" duration="0" orientation="0" infoUpdated="1745842569305" width="0" height="0" />
  <media uri="content://media/external/images/media/1000081781" filename="2025042618332632.png" title="2025042618332632.png" type="image/png" size="588153" orientation="0" infoUpdated="1745842569305" width="908" height="1080" />
  <media uri="content://media/external/images/media/1000081789" filename="2025042618350777.png" title="2025042618350777.png" type="image/png" size="408739" orientation="0" infoUpdated="1745842569305" width="412" height="1079" />
  <shape id="10226910" startTime="0" endTime="1449" fillType="media" fillVideo="content://media/external/video/media/1000003045" outTime="1449" mediaFillMode="fill" parent="10226918" s=".rect">
    <transform />
    <property name="size" type="vec2" value="1280.000000,717.000000" />
  </shape>
  <shape id="10226911" label="Elctric Shockwave Portal Green Screen Template.mp4" startTime="0" endTime="715" fillType="media" fillVideo="content://media/external/video/media/1000064771" inTime="700" outTime="1415" mediaFillMode="fill" parent="10226918" s=".rect">
    <transform>
      <location value="-862.898132,165.018799,0.000000" />
      <scale>
        <kf t="0.337063" v="0.604297,0.604297" />
        <kf t="0.710490" v="0.808984,0.808984" e="cubicBezier 0.45021442 0.0 0.417154 1.0" />
      </scale>
    </transform>
    <effect id="com.alightcreative.effects.chromakey" locallyApplied="true">
      <property name="keyColor" type="color" value="#ff1ed91e" />
      <property name="threshold" type="float" value="0.391000" />
      <property name="feather" type="float" value="0.050000" />
      <property name="defringe" type="bool" value="true" />
      <property name="invert" type="bool" value="false" />
    </effect>
    <property name="size" type="vec2" value="1280.000000,720.000000" />
  </shape>
  <shape id="10226913" label="2025042618313057.png Copy" startTime="233" endTime="715" fillType="media" fillImage="content://media/external/images/media/1000081779" mediaFillMode="fill" parent="10226918" s=".rect">
    <transform>
      <location value="-856.124939,194.858521,0.000000" />
      <scale>
        <kf t="0.016598" v="0.009028,0.009028" />
        <kf t="0.570539" v="0.531250,0.531250" />
      </scale>
    </transform>
    <property name="size" type="vec2" value="299.000000,720.000000" />
  </shape>
  <shape id="10226914" label="Elctric Shockwave Portal Green Screen Template.mp4" startTime="716" endTime="1099" fillType="media" fillVideo="content://media/external/video/media/1000064771" inTime="700" outTime="1083" mediaFillMode="fill" parent="10226918" s=".rect">
    <transform>
      <location value="763.351807,-109.544678,0.000000" />
      <scale>
        <kf t="0.023499" v="0.808984,0.808984" />
        <kf t="0.848564" v="0.969531,0.969531" e="cubicBezier 0.45 0.0 0.42 1.0" />
      </scale>
    </transform>
    <effect id="com.alightcreative.effects.chromakey" locallyApplied="true">
      <property name="keyColor" type="color" value="#ff1ed91e" />
      <property name="threshold" type="float" value="0.391000" />
      <property name="feather" type="float" value="0.050000" />
      <property name="defringe" type="bool" value="true" />
      <property name="invert" type="bool" value="false" />
    </effect>
    <property name="size" type="vec2" value="1280.000000,720.000000" />
  </shape>
  <shape id="10226927" label="2025042618332632.png Copy" startTime="716" endTime="1099" fillType="media" fillImage="content://media/external/images/media/1000081781" mediaFillMode="fill" parent="10226918" s=".rect">
    <transform>
      <location>
        <kf t="0.676240" v="704.447266,-61.255058,0.000000" />
        <kf t="0.023499" v="759.958252,-71.000008,0.000000" />
      </location>
      <scale>
        <kf t="0.023499" v="0.035166,0.035166" />
        <kf t="0.676240" v="0.513889,0.513889" />
      </scale>
    </transform>
    <property name="size" type="vec2" value="605.000000,720.000000" />
  </shape>
  <shape id="10226917" label="2025042618350777.png Copy" startTime="1100" endTime="1449" fillType="media" fillImage="content://media/external/images/media/1000081789" mediaFillMode="fill" parent="10226918" s=".rect">
    <transform>
      <location value="4.198017,-59.959770,0.000000" />
      <scale value="0.279075,0.279075" />
    </transform>
    <property name="size" type="vec2" value="274.500000,720.000000" />
  </shape>
  <nullobj id="10226918" label="Null 1" startTime="0" endTime="1449" mediaFillMode="fill" type="perspective">
    <transform>
      <location>
        <kf t="0.005521" v="1280.000000,720.000000,0.000000" />
        <kf t="0.166322" v="1280.000000,720.000000,0.000000" e="cubicBezier 0.42 0.0 0.58 1.0" />
        <kf t="0.350587" v="2451.000000,354.555054,0.000000" e="cubicBezier 0.42 0.0 0.58 1.0" />
        <kf t="0.534852" v="1280.000000,720.000000,0.000000" e="cubicBezier 0.42 0.0 0.58 1.0" />
        <kf t="0.718427" v="551.062439,703.937500,0.000000" e="cubicBezier 0.42 0.0 0.58 1.0" />
        <kf t="0.752933" v="1500.558105,720.000000,0.000000" e="cubicBezier 0.42 0.0 0.58 1.0" />
        <kf t="0.764665" v="1436.217896,779.250000,0.000000" e="cubicBezier 0.42 0.0 0.58 1.0" />
        <kf t="0.994479" v="1322.750000,906.062500,0.000000" e="cubicBezier 0.42 0.0 0.58 1.0" />
      </location>
      <scale>
        <kf t="0.005521" v="1.000000,1.000000" />
        <kf t="0.166322" v="1.000000,1.000000" e="cubicBezier 0.42 0.0 0.58 1.0" />
        <kf t="0.350587" v="1.980000,1.980000" e="cubicBezier 0.42 0.0 0.58 1.0" />
        <kf t="0.534852" v="1.060000,1.060000" e="cubicBezier 0.42 0.0 0.58 1.0" />
        <kf t="0.718427" v="1.560000,1.560000" e="cubicBezier 0.42 0.0 0.58 1.0" />
        <kf t="0.994479" v="2.840000,2.840000" e="cubicBezier 0.42 0.0 0.58 1.0" />
        <kf t="0.752933" v="2.140000,2.140000" e="cubicBezier 0.42 0.0 0.58 1.0" />
        <kf t="0.764665" v="2.180000,2.180000" e="cubicBezier 0.42 0.0 0.58 1.0" />
      </scale>
    </transform>
  </nullobj>
</scene>