<?xml version='1.0' encoding='UTF-8' ?><!--
Created by Alight Motion (http://alightmotion.com)
Exported: 2025-08-23 05:07 PM
5.0.270.1002578 (1002351)
6dff462 (Apr 11, 2024 5:47:55 PM)
-->
<scene title="Most demanding transition by virus 89" width="2560" height="1440" exportWidth="2560" exportHeight="1440" precompose="dynamicResolution" bgcolor="#ff000000" totalTime="2799" fps="60" modifiedTime="1755950879918" amver="1002351" ffver="106" am="com.alightcreative.motioo/5.0.270.1002578" amplatform="android" retime="freeze" retimeAdaptFPS="false">
  <media uri="content://media/external/video/media/1000006173" filename="Cool_Particle_Overlay(1080p).mp4" title="Cool_Particle_Overlay(1080p).mp4" type="video/mp4" duration="5062000" size="2791668" fps="0.30" orientation="0" infoUpdated="1755594089217" width="1920" height="1080" />
  <media uri="content://media/external/video/media/1000127504" filename="XRecorder_20250818_01.mp4" title="XRecorder_20250818_01.mp4" type="video/mp4" duration="194514600" size="410172695" fps="0.22" orientation="0" infoUpdated="1755594089217" width="2464" height="1088" />
  <shape id="10718713" label="Cool_Particle_Overlay(1080p).mp4" startTime="0" endTime="2799" fillType="media" fillVideo="content://media/external/video/media/1000006173" outTime="2799" mediaFillMode="fill" s=".rect">
    <transform>
      <location value="1280.000000,720.000000,-227.047821" />
    </transform>
    <effect id="com.alightcreative.effects.tile" locallyApplied="true">
      <property name="scale" type="float" value="1.000000" />
      <property name="phase" type="float" value="0.000000" />
      <property name="mirror" type="bool" value="true" />
      <property name="vertoffs" type="bool" value="false" />
      <property name="angle" type="float" value="0.000000" />
    </effect>
    <effect id="com.alightcreative.effects.sharpen" locallyApplied="true">
      <property name="strength" type="float" value="1.000000" />
      <property name="radius" type="float" value="1.000000" />
    </effect>
    <effect id="com.alightcreative.effects.hueshift" locallyApplied="true">
      <property name="hue" type="float" value="88.000000" />
    </effect>
    <gain value="0.000000" />
    <property name="size" type="vec2" value="1280.000000,720.000000" />
  </shape>
  <embedScene id="10718714" label="Group 2" startTime="0" endTime="2799" fillType="intrinsic" outTime="2799" mediaFillMode="fill">
    <transform>
      <location value="1280.000000,720.000000,-227.047821" />
    </transform>
    <fillColor value="#ff000000" />
    <scene title="" width="2560" height="1440" exportWidth="2560" exportHeight="1440" precompose="dynamicResolution" bgcolor="#00000000" totalTime="2799" fps="60" modifiedTime="0" amver="1002351" ffver="106" am="com.alightcreative.motioo/5.0.270.1002578" amplatform="android" retime="off" retimeAdaptFPS="false">
      <embedScene id="10718677" label="Group 1" startTime="0" endTime="2799" fillType="intrinsic" outTime="2799" mediaFillMode="fill">
        <transform lockAspectRatio="false">
          <location value="1280.000000,720.000000,0.000000" />
          <scale value="0.465359,0.508436" />
        </transform>
        <fillColor value="#ff000000" />
        <effect id="com.alightcreative.gradientmap" locallyApplied="true">
          <property name="color1" type="color" value="#ff000000" />
          <property name="color2" type="color" value="#ff888888" />
        </effect>
        <scene title="" width="3262" height="1440" exportWidth="3262" exportHeight="1440" precompose="dynamicResolution" bgcolor="#00000000" totalTime="2782" fps="60" modifiedTime="0" amver="1002351" ffver="106" am="com.alightcreative.motioo/5.0.270.1002578" amplatform="android" retime="off" retimeAdaptFPS="false">
          <shape id="10718672" label="XRecorder_20250818_01.mp4" startTime="0" endTime="1332" fillType="media" fillVideo="content://media/external/video/media/1000127504" inTime="11200" outTime="12532" mediaFillMode="fill" s=".rect">
            <transform>
              <location value="1631.150024,720.000000,0.000000" />
              <scale value="1.274336,1.274336" />
            </transform>
            <gain value="0.000000" />
            <path-stroke direction="centered" end-size="1.500000">
              <color value="#ffffffff" />
              <size value="8.500000" />
            </path-stroke>
            <property name="size" type="vec2" value="1280.000000,565.000000" />
          </shape>
          <shape id="10718673" label="XRecorder_20250818_01.mp4" startTime="1317" endTime="2782" fillType="media" fillVideo="content://media/external/video/media/1000127504" inTime="12517" outTime="13982" mediaFillMode="fill" s=".rect">
            <transform>
              <location value="1631.150024,720.000000,0.000000" />
              <scale value="1.274336,1.274336" />
            </transform>
            <effect id="com.alightcreative.effects.tile" locallyApplied="true">
              <property name="scale" type="float" value="1.000000" />
              <property name="phase" type="float" value="0.000000" />
              <property name="mirror" type="bool" value="true" />
              <property name="vertoffs" type="bool" value="false" />
              <property name="angle" type="float" value="0.000000" />
            </effect>
            <gain value="0.000000" />
            <property name="size" type="vec2" value="1280.000000,565.000000" />
          </shape>
        </scene>
      </embedScene>
      <embedScene id="10718680" label="Group 1 Copy 2" startTime="0" endTime="2799" fillType="intrinsic" outTime="2799" mediaFillMode="fill">
        <transform lockAspectRatio="false">
          <location value="1280.000000,720.000000,0.000000" />
          <scale value="0.414470,0.437949" />
        </transform>
        <fillColor value="#ff000000" />
        <effect id="com.alightcreative.gradientmap" locallyApplied="true">
          <property name="color1" type="color" value="#ff000000" />
          <property name="color2" type="color" value="#ffff0000" />
        </effect>
        <scene title="" width="3262" height="1440" exportWidth="3262" exportHeight="1440" precompose="dynamicResolution" bgcolor="#00000000" totalTime="2782" fps="60" modifiedTime="0" amver="1002351" ffver="106" am="com.alightcreative.motioo/5.0.270.1002578" amplatform="android" retime="off" retimeAdaptFPS="false">
          <shape id="10718672" label="XRecorder_20250818_01.mp4" startTime="0" endTime="1332" fillType="media" fillVideo="content://media/external/video/media/1000127504" inTime="11200" outTime="12532" mediaFillMode="fill" s=".rect">
            <transform>
              <location value="1631.150024,720.000000,0.000000" />
              <scale value="1.274336,1.274336" />
            </transform>
            <gain value="0.000000" />
            <path-stroke direction="centered" end-size="1.500000">
              <color value="#ffffffff" />
              <size value="8.500000" />
            </path-stroke>
            <property name="size" type="vec2" value="1280.000000,565.000000" />
          </shape>
          <shape id="10718673" label="XRecorder_20250818_01.mp4" startTime="1317" endTime="2782" fillType="media" fillVideo="content://media/external/video/media/1000127504" inTime="12517" outTime="13982" mediaFillMode="fill" s=".rect">
            <transform>
              <location value="1631.150024,720.000000,0.000000" />
              <scale value="1.274336,1.274336" />
            </transform>
            <effect id="com.alightcreative.effects.tile" locallyApplied="true">
              <property name="scale" type="float" value="1.000000" />
              <property name="phase" type="float" value="0.000000" />
              <property name="mirror" type="bool" value="true" />
              <property name="vertoffs" type="bool" value="false" />
              <property name="angle" type="float" value="0.000000" />
            </effect>
            <gain value="0.000000" />
            <property name="size" type="vec2" value="1280.000000,565.000000" />
          </shape>
        </scene>
      </embedScene>
      <shape id="10718686" tag="+gray" label="Rectangle 1" startTime="0" endTime="2799" fillType="color" blending="soft-light" mediaFillMode="fill" s=".rect">
        <transform lockAspectRatio="false">
          <location value="1280.000000,720.000000,0.000000" />
          <scale value="1.000000,9.654996" />
          <rotation>
            <kf t="0.002859" v="0.000000" />
            <kf t="0.991426" v="720.000000" />
          </rotation>
        </transform>
        <fillColor value="#ff54cfaf" />
        <effect id="com.alightcreative.effects.lift" locallyApplied="true">
          <property name="fill" type="float" value="0.000000" />
        </effect>
        <effect id="com.alightcreative.solidcolor" locallyApplied="true">
          <property name="color" type="color" value="#ffffffff" />
          <property name="alpha" type="float" value="1.000000" />
          <property name="blendMode" type="int" value="0" />
        </effect>
        <effect id="com.alightcreative.effects.deepglow" locallyApplied="true">
          <property name="strength" type="float" value="0.355000" />
          <property name="rrr" type="float" value="1.700000" />
          <property name="satvib" type="vec2" value="0.000000,1.000000" />
          <property name="hue" type="float" value="360.000000" />
          <property name="oalpha" type="float" value="1.000000" />
          <property name="calpha" type="float" value="1.000000" />
          <property name="sshadow" type="bool" value="false" />
          <property name="power" type="float" value="0.150000" />
          <property name="alphaa" type="float" value="0.750000" />
          <property name="cblend" type="bool" value="false" />
          <property name="color" type="color" value="#ffaa0000" />
          <property name="alpb" type="float" value="0.500000" />
          <property name="thrs" type="bool" value="false" />
          <property name="lowThreshold" type="float" value="0.000000" />
          <property name="highThreshold" type="float" value="1.000000" />
          <property name="feather" type="float" value="3.000000" />
          <property name="iter" type="float" value="1.000000" />
        </effect>
        <effect id="com.alightcreative.effects.gaussianblur" hidden="true" locallyApplied="true">
          <property name="strength" type="float" value="0.320000" />
        </effect>
        <path-stroke direction="centered" enabled="false" end-size="1.500000">
          <color value="#ffffffff" />
        </path-stroke>
        <property name="size" type="vec2" value="100.000000,100.000000" />
      </shape>
    </scene>
  </embedScene>
  <embedScene id="10718715" label="Group 1 Copy" startTime="0" endTime="2799" fillType="intrinsic" outTime="2799" mediaFillMode="fill">
    <transform>
      <location value="1280.000000,720.000000,-227.047821" />
      <scale value="0.380441,0.380441" />
    </transform>
    <fillColor value="#ff000000" />
    <scene title="" width="3262" height="1440" exportWidth="3262" exportHeight="1440" precompose="dynamicResolution" bgcolor="#00000000" totalTime="2782" fps="60" modifiedTime="0" amver="1002351" ffver="106" am="com.alightcreative.motioo/5.0.270.1002578" amplatform="android" retime="off" retimeAdaptFPS="false">
      <shape id="10718672" label="XRecorder_20250818_01.mp4" startTime="0" endTime="1332" fillType="media" fillVideo="content://media/external/video/media/1000127504" inTime="11200" outTime="12532" mediaFillMode="fill" s=".rect">
        <transform>
          <location value="1631.150024,720.000000,0.000000" />
          <scale value="1.274336,1.274336" />
        </transform>
        <gain value="0.000000" />
        <path-stroke direction="centered" end-size="1.500000">
          <color value="#ffffffff" />
          <size value="8.500000" />
        </path-stroke>
        <property name="size" type="vec2" value="1280.000000,565.000000" />
      </shape>
      <shape id="10718673" label="XRecorder_20250818_01.mp4" startTime="1317" endTime="2782" fillType="media" fillVideo="content://media/external/video/media/1000127504" inTime="12517" outTime="13982" mediaFillMode="fill" s=".rect">
        <transform>
          <location value="1631.150024,720.000000,0.000000" />
          <scale value="1.274336,1.274336" />
        </transform>
        <effect id="com.alightcreative.effects.tile" locallyApplied="true">
          <property name="scale" type="float" value="1.000000" />
          <property name="phase" type="float" value="0.000000" />
          <property name="mirror" type="bool" value="true" />
          <property name="vertoffs" type="bool" value="false" />
          <property name="angle" type="float" value="0.000000" />
        </effect>
        <gain value="0.000000" />
        <property name="size" type="vec2" value="1280.000000,565.000000" />
      </shape>
    </scene>
  </embedScene>
</scene>