<?xml version='1.0' encoding='UTF-8' ?><!--
Created by Alight Motion (http://alightmotion.com)
Exported: 2025-06-19 10:02 PM
5.0.249.1002172 (1002172)
eaa988d (Jan 23, 2024 6:44:49 PM)
-->
<scene title="repeat rotation transition by king " width="1920" height="1080" exportWidth="1920" exportHeight="1080" precompose="dynamicResolution" bgcolor="#ff000000" totalTime="1032" fps="60" modifiedTime="1750352541204" amver="1002172" ffver="106" am="com.alightcreative.motion/5.0.249.1002172" amplatform="android" retime="freeze" retimeAdaptFPS="false">
  <media uri="content://media/external/images/media/587729" filename="clocktower_1920x1080.png" title="clocktower_1920x1080.png" type="image/png" size="2788654" orientation="0" infoUpdated="1750317685502" width="1920" height="1080" />
  <shape id="10253287" label="clocktower_1920x1080.png" startTime="0" endTime="1032" fillType="media" fillImage="content://media/external/images/media/587729" mediaFillMode="fill" presetId="9ba49fad-4e63-409e-a940-5715141082ef" s=".rect">
    <transform>
      <location value="960.000000,540.000000,0.000000" />
      <scale>
        <kf t="0.003970" v="1.000000,1.000000" />
        <kf t="0.996526" v="1.000000,1.000000" e="cubicBezier 0.0 0.0 0.0 1.0" />
      </scale>
      <rotation>
        <kf t="0.003970" v="0.000000" />
        <kf t="0.491811" v="90.000000" e="cubicBezier 1.0 0.0 1.0 1.0" />
        <kf t="0.500248" v="-90.000000" e="cubicBezier 0.0 1.0 0.0 1.0" />
        <kf t="0.996526" v="-0.000000" e="cubicBezier 0.0 0.0 0.0 1.0" />
      </rotation>
    </transform>
    <effect id="com.alightcreative.effects.tile" locallyApplied="true">
      <property name="scale" type="float" value="1.000000" />
      <property name="phase" type="float" value="0.000000" />
      <property name="mirror" type="bool" value="true" />
      <property name="vertoffs" type="bool" value="false" />
      <property name="angle" type="float" value="0.000000" />
    </effect>
    <effect id="com.alightcreative.effects.repeat" locallyApplied="true">
      <property name="count" type="float" value="10.000000" />
      <property name="time" type="float" value="0.000000" />
      <property name="angle" type="float">
        <kf t="0.003970" v="0.000000" />
        <kf t="0.491811" v="10.000000" e="cubicBezier 1.0 0.0 1.0 1.0" />
        <kf t="0.500248" v="-10.000000" e="cubicBezier 0.0 1.0 0.0 1.0" />
        <kf t="0.996526" v="0.000000" e="cubicBezier 0.0 0.0 0.0 1.0" />
      </property>
      <property name="scale" type="float" value="0.900000" />
      <property name="alpha" type="float" value="1.000000" />
    </effect>
    <effect id="com.alightcreative.effects.motionblur4" locallyApplied="true">
      <property name="tune" type="float" value="2.000000" />
      <property name="usePos" type="bool" value="true" />
      <property name="useScale" type="bool" value="true" />
      <property name="useAngle" type="bool" value="true" />
    </effect>
    <path-stroke direction="centered" end-size="1.500000">
      <color value="#ffffffff" />
    </path-stroke>
    <property name="size" type="vec2" value="960.000000,540.000000" />
  </shape>
</scene>