<?xml version='1.0' encoding='UTF-8' ?><!--
Created by Alight Motion (http://alightmotion.com)
Exported: 2025-05-26 12:43 PM
5.0.270.1002578 (1002351)
6dff462 (Apr 11, 2024 5:47:55 PM)
-->
<scene title="super transition by virus 89" width="2560" height="1440" exportWidth="2560" exportHeight="1440" precompose="dynamicResolution" bgcolor="#ff000000" totalTime="2015" fps="60" modifiedTime="1748245417986" amver="1002351" ffver="106" am="com.alightcreative.motioo/5.0.270.1002578" amplatform="android" retime="freeze" retimeAdaptFPS="false">
  <media uri="content://media/external/video/media/1000006264" filename="energy_ball_vfx.mp4" title="energy_ball_vfx.mp4" type="video/mp4" duration="16069000" size="5620063" fps="0.30" orientation="0" infoUpdated="1748245309645" width="1920" height="1080" />
  <media uri="content://media/external/images/media/1000021520" filename="2025051719133659.png" title="2025051719133659.png" type="image/png" size="590167" orientation="0" infoUpdated="1748245309645" width="850" height="1080" />
  <media uri="content://media/external/images/media/1000021517" type="image/jpeg" duration="0" orientation="0" infoUpdated="1748245309645" width="0" height="0" />
  <embedScene id="10228148" label="Group and Mask 1" startTime="0" endTime="1015" fillType="intrinsic" outTime="1015" mediaFillMode="fill" presetId="da583c31-b27f-4398-85eb-9929cef2700c">
    <transform>
      <location value="1280.000000,717.250122,0.000000" />
      <scale value="6.230315,6.230316" />
      <rotation>
        <kf t="0.006006" v="0.000000" />
        <kf t="1.000000" v="-90.000000" e="cubicBezier 1.0 -1.021811 1.0 1.0" />
      </rotation>
    </transform>
    <fillColor value="#ff000000" />
    <effect id="com.alightcreative.effects.tile" locallyApplied="true">
      <property name="scale" type="float" value="1.000000" />
      <property name="phase" type="float" value="0.000000" />
      <property name="mirror" type="bool" value="true" />
      <property name="vertoffs" type="bool" value="false" />
      <property name="angle" type="float" value="0.000000" />
    </effect>
    <effect id="com.alightcreative.effects.repeat" locallyApplied="true">
      <property name="count" type="float" value="10.000000" />
      <property name="time" type="float" value="0.000000" />
      <property name="angle" type="float">
        <kf t="0.007881" v="0.000000" />
        <kf t="1.978325" v="0.000000" e="cubicBezier 0.0 0.0 0.0 1.0" />
        <kf t="1.000000" v="-10.000000" e="cubicBezier 1.0 -0.69 1.0 0.0" />
      </property>
      <property name="scale" type="float" value="0.900000" />
      <property name="alpha" type="float" value="1.000000" />
    </effect>
    <effect id="com.alightcreative.effects.motionblur4" locallyApplied="true">
      <property name="tune" type="float" value="2.000000" />
      <property name="usePos" type="bool" value="true" />
      <property name="useScale" type="bool" value="true" />
      <property name="useAngle" type="bool" value="true" />
    </effect>
    <scene title="" width="2350" height="1080" exportWidth="2350" exportHeight="1080" precompose="dynamicResolution" bgcolor="#00000000" totalTime="1015" fps="60" modifiedTime="0" amver="1002351" ffver="106" am="com.alightcreative.motioo/5.0.270.1002578" amplatform="android" retime="off" retimeAdaptFPS="false">
      <shape id="10226451" label="EMOTES.mp4" startTime="0" endTime="999" fillType="media" fillImage="content://media/external/images/media/1000021517" mediaFillMode="fill" s=".rect">
        <transform>
          <location value="1175.000000,540.000000,0.000000" />
          <scale value="0.214133,0.214133" />
        </transform>
        <effect id="com.alightcreative.effects.tile" locallyApplied="true">
          <property name="scale" type="float" value="1.000000" />
          <property name="phase" type="float" value="0.000000" />
          <property name="mirror" type="bool" value="false" />
          <property name="vertoffs" type="bool" value="false" />
          <property name="angle" type="float" value="0.000000" />
        </effect>
        <path-stroke direction="centered" end-size="1.500000">
          <color value="#ffffffff" />
        </path-stroke>
        <property name="size" type="vec2" value="1167.500000,540.000000" />
      </shape>
      <shape id="10226453" label="Rectangle 1" startTime="0" endTime="1015" fillType="color" blending="mask" mediaFillMode="fill" s=".rect">
        <transform>
          <location value="1175.000000,540.000000,0.000000" />
          <scale value="2.525000,1.160426" />
        </transform>
        <fillColor value="#ffbca3ef" />
        <property name="size" type="vec2" value="298.000000,101.000000" />
      </shape>
    </scene>
  </embedScene>
  <embedScene id="10228149" label="Group and Mask 2" startTime="1000" endTime="2015" fillType="intrinsic" outTime="1015" mediaFillMode="fill" presetId="efa3e86c-eb34-4e56-a7e1-7006a5a12cc2">
    <transform>
      <location value="1280.000000,720.000000,0.000000" />
      <scale value="6.091275,6.091275" />
      <rotation>
        <kf t="0.000000" v="90.000000" />
        <kf t="1.000000" v="-0.000000" e="cubicBezier 0.0 0.0 0.0 1.0" />
      </rotation>
    </transform>
    <fillColor value="#ff000000" />
    <effect id="com.alightcreative.effects.tile" locallyApplied="true">
      <property name="scale" type="float" value="1.000000" />
      <property name="phase" type="float" value="0.000000" />
      <property name="mirror" type="bool" value="true" />
      <property name="vertoffs" type="bool" value="false" />
      <property name="angle" type="float" value="0.000000" />
    </effect>
    <effect id="com.alightcreative.effects.repeat" locallyApplied="true">
      <property name="count" type="float" value="10.000000" />
      <property name="time" type="float" value="0.000000" />
      <property name="angle" type="float">
        <kf t="-0.977340" v="0.000000" e="cubicBezier 1.0 -0.69 1.0 0.0" />
        <kf t="0.993103" v="0.000000" e="cubicBezier 0.0 0.0 0.0 1.0" />
        <kf t="0.000000" v="10.000000" e="cubicBezier 1.0 -0.69 1.0 0.0" />
      </property>
      <property name="scale" type="float" value="0.900000" />
      <property name="alpha" type="float" value="1.000000" />
    </effect>
    <effect id="com.alightcreative.effects.motionblur4" locallyApplied="true">
      <property name="tune" type="float" value="2.000000" />
      <property name="usePos" type="bool" value="true" />
      <property name="useScale" type="bool" value="true" />
      <property name="useAngle" type="bool" value="true" />
    </effect>
    <gain value="0.000000" />
    <scene title="" width="2350" height="1080" exportWidth="2350" exportHeight="1080" precompose="dynamicResolution" bgcolor="#00000000" totalTime="1015" fps="60" modifiedTime="0" amver="1002351" ffver="106" am="com.alightcreative.motioo/5.0.270.1002578" amplatform="android" retime="off" retimeAdaptFPS="false">
      <shape id="10226452" label="EMOTES.mp4" startTime="0" endTime="1015" fillType="media" fillImage="content://media/external/images/media/1000021517" mediaFillMode="fill" s=".rect">
        <transform>
          <location value="1175.000000,540.000000,0.000000" />
          <scale value="0.214133,0.214133" />
        </transform>
        <effect id="com.alightcreative.effects.tile" locallyApplied="true">
          <property name="scale" type="float" value="1.000000" />
          <property name="phase" type="float" value="0.000000" />
          <property name="mirror" type="bool" value="false" />
          <property name="vertoffs" type="bool" value="false" />
          <property name="angle" type="float" value="0.000000" />
        </effect>
        <gain value="0.000000" />
        <path-stroke direction="centered" end-size="1.500000">
          <color value="#ffffffff" />
        </path-stroke>
        <property name="size" type="vec2" value="1167.500000,540.000000" />
      </shape>
      <shape id="10226455" label="Rectangle 1" startTime="0" endTime="1015" fillType="color" blending="mask" mediaFillMode="fill" s=".rect">
        <transform>
          <location value="1175.000000,540.000000,0.000000" />
          <scale value="2.500000,1.148936" />
        </transform>
        <fillColor value="#ffa4a375" />
        <property name="size" type="vec2" value="298.000000,101.000000" />
      </shape>
    </scene>
  </embedScene>
  <nullobj id="10228154" label="Null 1" startTime="983" endTime="2015" mediaFillMode="fill" type="perspective">
    <transform>
      <location value="1174.000000,540.000000,0.000000" />
      <rotation>
        <kf t="0.976744" v="0.000000" e="cubicBezier 0.0 0.0 0.0 1.0" />
        <kf t="-0.944767" v="110.000000" />
        <kf t="0.000000" v="180.000000" />
      </rotation>
    </transform>
  </nullobj>
  <shape id="10228730" label="energy_ball_vfx.mp4 Copy 2" startTime="0" endTime="2015" fillType="media" blending="screen" fillVideo="content://media/external/video/media/1000006264" outTime="8060" speed="4.000000" mediaFillMode="fill" s=".rect">
    <transform>
      <location value="1713.562012,462.877441,0.000000" />
      <scale value="1.891507,1.891507" />
    </transform>
    <effect id="com.alightcreative.effects.satvib" locallyApplied="true">
      <property name="saturation" type="float" value="1.000000" />
      <property name="vib" type="float" value="1.000000" />
    </effect>
    <effect id="com.alightcreative.effects.satvib" locallyApplied="true">
      <property name="saturation" type="float" value="1.000000" />
      <property name="vib" type="float" value="1.000000" />
    </effect>
    <property name="size" type="vec2" value="955.851807,437.925781" />
  </shape>
  <embedScene id="10228731" label="Group 1 Copy" startTime="0" endTime="2015" fillType="intrinsic" mediaFillMode="fill">
    <transform>
      <location value="1280.000000,720.000000,0.000000" />
      <pivot value="0.137085,1.872986" />
    </transform>
    <fillColor value="#ff000000" />
    <scene title="" width="2560" height="1440" exportWidth="2560" exportHeight="1440" precompose="dynamicResolution" bgcolor="#00000000" totalTime="2015" fps="60" modifiedTime="0" amver="1002351" ffver="106" am="com.alightcreative.motioo/5.0.270.1002578" amplatform="android" retime="off" retimeAdaptFPS="false">
      <shape id="10228726" label="2025051719133659.png" startTime="0" endTime="2015" fillType="media" fillImage="content://media/external/images/media/1000021520" mediaFillMode="fill" s=".rect">
        <transform>
          <location value="813.082764,721.500000,0.000000" />
          <scale value="0.686111,0.686111" />
        </transform>
        <property name="size" type="vec2" value="566.500000,720.000000" />
      </shape>
      <shape id="10228727" label="2025051719133659.png Copy" startTime="0" endTime="2015" fillType="media" fillImage="content://media/external/images/media/1000021520" mediaFillMode="fill" s=".rect">
        <transform>
          <location value="1747.191406,722.245972,0.000000" />
          <scale value="-0.686111,0.686111" />
        </transform>
        <property name="size" type="vec2" value="566.500000,720.000000" />
      </shape>
    </scene>
  </embedScene>
</scene>