<?xml version='1.0' encoding='UTF-8' ?><!--
Created by Alight Motion (http://alightmotion.com)
Exported: 2025-06-15 11:55 AM
5.0.270.1002578 (1002351)
6dff462 (Apr 11, 2024 5:47:55 PM)
-->
<scene title="Transition " width="1920" height="864" exportWidth="1920" exportHeight="864" precompose="dynamicResolution" bgcolor="#ff000000" totalTime="2015" fps="60" modifiedTime="1749970544764" amver="1002351" ffver="106" am="com.alightcreative.motion/5.0.270.1002578" amplatform="android" retime="freeze" retimeAdaptFPS="false">
  <media uri="content://media/external/images/media/1000054406" filename="New Project 108 [F38A983].png" title="New Project 108 [F38A983].png" type="image/png" size="1730825" orientation="0" infoUpdated="1749916696828" width="1920" height="864" />
  <embedScene id="10250014" label="Group 1" startTime="0" endTime="2015" fillType="intrinsic" outTime="2015" mediaFillMode="fill">
    <transform>
      <location value="1000.466125,483.090637,0.000000" />
      <pivot value="0.000000,1.737427" />
      <scale value="2.723380,2.723380" />
    </transform>
    <fillColor value="#ff000000" />
    <effect id="com.alightcreative.solidcolor" locallyApplied="true">
      <property name="color" type="color" value="#fff90000" />
      <property name="alpha" type="float" value="1.000000" />
      <property name="blendMode" type="int" value="1" />
    </effect>
    <scene title="" width="1920" height="864" exportWidth="1920" exportHeight="864" precompose="dynamicResolution" bgcolor="#00000000" totalTime="2015" fps="60" modifiedTime="0" amver="1002351" ffver="106" am="com.alightcreative.motion/5.0.270.1002578" amplatform="android" retime="off" retimeAdaptFPS="false">
      <bookmark t="1008" />
      <embedScene id="10250021" label="Group 2" startTime="0" endTime="2015" fillType="intrinsic" outTime="2015" mediaFillMode="fill">
        <transform>
          <location>
            <kf t="0.000000" v="960.000000,1024.824707,0.000000" />
            <kf t="1.000000" v="960.000000,1024.824707,0.000000" e="cubicBezier 0.0 0.0 0.0 1.0" />
            <kf t="0.500248" v="960.000000,-668.625122,0.000000" e="cubicBezier 0.0 0.0 0.0 1.0" />
          </location>
          <pivot value="-31.030029,0.000000" />
        </transform>
        <fillColor value="#ff000000" />
        <scene title="" width="1920" height="4567" exportWidth="1920" exportHeight="4567" precompose="dynamicResolution" bgcolor="#00000000" totalTime="2015" fps="60" modifiedTime="0" amver="1002351" ffver="106" am="com.alightcreative.motion/5.0.270.1002578" amplatform="android" retime="off" retimeAdaptFPS="false">
          <embedScene id="10250015" label="Group 1" startTime="0" endTime="2015" fillType="intrinsic" mediaFillMode="fill">
            <transform>
              <location value="928.969910,1289.492188,0.000000" />
              <pivot value="0.000000,-0.711426" />
              <scale value="1.290750,1.290750" />
            </transform>
            <fillColor value="#ff000000" />
            <scene title="" width="1920" height="864" exportWidth="1920" exportHeight="864" precompose="dynamicResolution" bgcolor="#00000000" totalTime="2015" fps="60" modifiedTime="0" amver="1002351" ffver="106" am="com.alightcreative.motion/5.0.270.1002578" amplatform="android" retime="off" retimeAdaptFPS="false">
              <shape id="10250007" label="New Project 108 [F38A983].png Copy" startTime="0" endTime="2015" fillType="media" fillImage="content://media/external/images/media/1000054406" mediaFillMode="fill" s=".rect">
                <transform>
                  <location value="960.000000,568.378662,-802.984863" />
                  <scale value="0.157813,0.157813" />
                </transform>
                <shadow direction="outside" enabled="false">
                  <size value="79.000000" />
                  <offset value="0.000000,0.000000" />
                </shadow>
                <property name="size" type="vec2" value="960.000000,432.000000" />
              </shape>
              <shape id="10250013" label="New Project 108 [F38A983].png Copy 6" startTime="0" endTime="2015" fillType="media" fillImage="content://media/external/images/media/1000054406" mediaFillMode="fill" s=".rect">
                <transform>
                  <location value="960.000000,295.098511,-802.984863" />
                  <scale value="0.159896,0.159896" />
                </transform>
                <shadow direction="outside" enabled="false">
                  <size value="79.000000" />
                  <offset value="0.000000,0.000000" />
                </shadow>
                <property name="size" type="vec2" value="960.000000,432.000000" />
              </shape>
              <shape id="10250012" label="New Project 108 [F38A983].png Copy 5" startTime="0" endTime="2015" fillType="media" fillImage="content://media/external/images/media/1000054406" mediaFillMode="fill" s=".rect">
                <transform>
                  <location value="960.000000,432.000000,-802.984863" />
                  <scale value="0.158854,0.158854" />
                </transform>
                <shadow direction="outside">
                  <size value="79.000000" />
                  <offset value="0.000000,0.000000" />
                </shadow>
                <property name="size" type="vec2" value="960.000000,432.000000" />
              </shape>
            </scene>
          </embedScene>
          <embedScene id="10250016" label="Group 1 Copy" startTime="0" endTime="2015" fillType="intrinsic" mediaFillMode="fill">
            <transform>
              <location value="928.969910,3308.786133,0.000000" />
              <pivot value="0.000000,-0.711426" />
              <scale value="1.265660,1.265660" />
            </transform>
            <fillColor value="#ff000000" />
            <scene title="" width="1920" height="864" exportWidth="1920" exportHeight="864" precompose="dynamicResolution" bgcolor="#00000000" totalTime="2015" fps="60" modifiedTime="0" amver="1002351" ffver="106" am="com.alightcreative.motion/5.0.270.1002578" amplatform="android" retime="off" retimeAdaptFPS="false">
              <shape id="10250007" label="New Project 108 [F38A983].png Copy" startTime="0" endTime="2015" fillType="media" fillImage="content://media/external/images/media/1000054406" mediaFillMode="fill" s=".rect">
                <transform>
                  <location value="960.000000,568.378662,-802.984863" />
                  <scale value="0.157813,0.157813" />
                </transform>
                <shadow direction="outside" enabled="false">
                  <size value="79.000000" />
                  <offset value="0.000000,0.000000" />
                </shadow>
                <property name="size" type="vec2" value="960.000000,432.000000" />
              </shape>
              <shape id="10250013" label="New Project 108 [F38A983].png Copy 6" startTime="0" endTime="2015" fillType="media" fillImage="content://media/external/images/media/1000054406" mediaFillMode="fill" s=".rect">
                <transform>
                  <location value="960.000000,295.098511,-802.984863" />
                  <scale value="0.159896,0.159896" />
                </transform>
                <shadow direction="outside" enabled="false">
                  <size value="79.000000" />
                  <offset value="0.000000,0.000000" />
                </shadow>
                <property name="size" type="vec2" value="960.000000,432.000000" />
              </shape>
              <shape id="10250012" label="New Project 108 [F38A983].png Copy 5" startTime="0" endTime="2015" fillType="media" fillImage="content://media/external/images/media/1000054406" mediaFillMode="fill" s=".rect">
                <transform>
                  <location value="960.000000,432.000000,-802.984863" />
                  <scale value="0.158854,0.158854" />
                </transform>
                <shadow direction="outside">
                  <size value="79.000000" />
                  <offset value="0.000000,0.000000" />
                </shadow>
                <property name="size" type="vec2" value="960.000000,432.000000" />
              </shape>
            </scene>
          </embedScene>
          <embedScene id="10250017" label="Group 1 Copy 2" startTime="0" endTime="2015" fillType="intrinsic" mediaFillMode="fill">
            <transform>
              <location value="928.969910,276.114990,0.000000" />
              <pivot value="0.000000,-0.711426" />
              <scale value="1.311016,1.311016" />
            </transform>
            <fillColor value="#ff000000" />
            <scene title="" width="1920" height="864" exportWidth="1920" exportHeight="864" precompose="dynamicResolution" bgcolor="#00000000" totalTime="2015" fps="60" modifiedTime="0" amver="1002351" ffver="106" am="com.alightcreative.motion/5.0.270.1002578" amplatform="android" retime="off" retimeAdaptFPS="false">
              <shape id="10250007" label="New Project 108 [F38A983].png Copy" startTime="0" endTime="2015" fillType="media" fillImage="content://media/external/images/media/1000054406" mediaFillMode="fill" s=".rect">
                <transform>
                  <location value="960.000000,568.378662,-802.984863" />
                  <scale value="0.157813,0.157813" />
                </transform>
                <shadow direction="outside" enabled="false">
                  <size value="79.000000" />
                  <offset value="0.000000,0.000000" />
                </shadow>
                <property name="size" type="vec2" value="960.000000,432.000000" />
              </shape>
              <shape id="10250013" label="New Project 108 [F38A983].png Copy 6" startTime="0" endTime="2015" fillType="media" fillImage="content://media/external/images/media/1000054406" mediaFillMode="fill" s=".rect">
                <transform>
                  <location value="960.000000,295.098511,-802.984863" />
                  <scale value="0.159896,0.159896" />
                </transform>
                <shadow direction="outside" enabled="false">
                  <size value="79.000000" />
                  <offset value="0.000000,0.000000" />
                </shadow>
                <property name="size" type="vec2" value="960.000000,432.000000" />
              </shape>
              <shape id="10250012" label="New Project 108 [F38A983].png Copy 5" startTime="0" endTime="2015" fillType="media" fillImage="content://media/external/images/media/1000054406" mediaFillMode="fill" s=".rect">
                <transform>
                  <location value="960.000000,432.000000,-802.984863" />
                  <scale value="0.158854,0.158854" />
                </transform>
                <shadow direction="outside">
                  <size value="79.000000" />
                  <offset value="0.000000,0.000000" />
                </shadow>
                <property name="size" type="vec2" value="960.000000,432.000000" />
              </shape>
            </scene>
          </embedScene>
          <embedScene id="10250018" label="Group 1 Copy 3" startTime="0" endTime="2015" fillType="intrinsic" mediaFillMode="fill">
            <transform>
              <location value="932.293579,4314.206543,0.000000" />
              <pivot value="0.000000,-0.711426" />
              <scale value="1.254860,1.254860" />
            </transform>
            <fillColor value="#ff000000" />
            <scene title="" width="1920" height="864" exportWidth="1920" exportHeight="864" precompose="dynamicResolution" bgcolor="#00000000" totalTime="2015" fps="60" modifiedTime="0" amver="1002351" ffver="106" am="com.alightcreative.motion/5.0.270.1002578" amplatform="android" retime="off" retimeAdaptFPS="false">
              <shape id="10250007" label="New Project 108 [F38A983].png Copy" startTime="0" endTime="2015" fillType="media" fillImage="content://media/external/images/media/1000054406" mediaFillMode="fill" s=".rect">
                <transform>
                  <location value="960.000000,568.378662,-802.984863" />
                  <scale value="0.157813,0.157813" />
                </transform>
                <shadow direction="outside" enabled="false">
                  <size value="79.000000" />
                  <offset value="0.000000,0.000000" />
                </shadow>
                <property name="size" type="vec2" value="960.000000,432.000000" />
              </shape>
              <shape id="10250013" label="New Project 108 [F38A983].png Copy 6" startTime="0" endTime="2015" fillType="media" fillImage="content://media/external/images/media/1000054406" mediaFillMode="fill" s=".rect">
                <transform>
                  <location value="960.000000,295.098511,-802.984863" />
                  <scale value="0.159896,0.159896" />
                </transform>
                <shadow direction="outside" enabled="false">
                  <size value="79.000000" />
                  <offset value="0.000000,0.000000" />
                </shadow>
                <property name="size" type="vec2" value="960.000000,432.000000" />
              </shape>
              <shape id="10250012" label="New Project 108 [F38A983].png Copy 5" startTime="0" endTime="2015" fillType="media" fillImage="content://media/external/images/media/1000054406" mediaFillMode="fill" s=".rect">
                <transform>
                  <location value="960.000000,432.000000,-802.984863" />
                  <scale value="0.158854,0.158854" />
                </transform>
                <shadow direction="outside">
                  <size value="79.000000" />
                  <offset value="0.000000,0.000000" />
                </shadow>
                <property name="size" type="vec2" value="960.000000,432.000000" />
              </shape>
            </scene>
          </embedScene>
          <embedScene id="10250019" label="Group 1 Copy 4" startTime="0" endTime="2015" fillType="intrinsic" mediaFillMode="fill">
            <transform>
              <location value="928.969910,2299.137939,0.000000" />
              <pivot value="0.000000,-0.711426" />
              <scale value="1.276459,1.276459" />
            </transform>
            <fillColor value="#ff000000" />
            <scene title="" width="1920" height="864" exportWidth="1920" exportHeight="864" precompose="dynamicResolution" bgcolor="#00000000" totalTime="2015" fps="60" modifiedTime="0" amver="1002351" ffver="106" am="com.alightcreative.motion/5.0.270.1002578" amplatform="android" retime="off" retimeAdaptFPS="false">
              <shape id="10250007" label="New Project 108 [F38A983].png Copy" startTime="0" endTime="2015" fillType="media" fillImage="content://media/external/images/media/1000054406" mediaFillMode="fill" s=".rect">
                <transform>
                  <location value="960.000000,568.378662,-802.984863" />
                  <scale value="0.157813,0.157813" />
                </transform>
                <shadow direction="outside" enabled="false">
                  <size value="79.000000" />
                  <offset value="0.000000,0.000000" />
                </shadow>
                <property name="size" type="vec2" value="960.000000,432.000000" />
              </shape>
              <shape id="10250013" label="New Project 108 [F38A983].png Copy 6" startTime="0" endTime="2015" fillType="media" fillImage="content://media/external/images/media/1000054406" mediaFillMode="fill" s=".rect">
                <transform>
                  <location value="960.000000,295.098511,-802.984863" />
                  <scale value="0.159896,0.159896" />
                </transform>
                <shadow direction="outside" enabled="false">
                  <size value="79.000000" />
                  <offset value="0.000000,0.000000" />
                </shadow>
                <property name="size" type="vec2" value="960.000000,432.000000" />
              </shape>
              <shape id="10250012" label="New Project 108 [F38A983].png Copy 5" startTime="0" endTime="2015" fillType="media" fillImage="content://media/external/images/media/1000054406" mediaFillMode="fill" s=".rect">
                <transform>
                  <location value="960.000000,432.000000,-802.984863" />
                  <scale value="0.158854,0.158854" />
                </transform>
                <shadow direction="outside">
                  <size value="79.000000" />
                  <offset value="0.000000,0.000000" />
                </shadow>
                <property name="size" type="vec2" value="960.000000,432.000000" />
              </shape>
            </scene>
          </embedScene>
        </scene>
      </embedScene>
    </scene>
  </embedScene>
  <embedScene id="10250030" label="Group 1 Copy 5" startTime="0" endTime="2015" fillType="intrinsic" outTime="2015" mediaFillMode="fill">
    <transform>
      <location value="1000.466125,483.090637,-200.000000" />
      <pivot value="0.000000,1.737427" />
      <scale value="2.081018,2.081018" />
    </transform>
    <fillColor value="#ff000000" />
    <effect id="com.alightcreative.effects.satvib" locallyApplied="true">
      <property name="saturation" type="float" value="-1.000000" />
      <property name="vib" type="float" value="1.000000" />
    </effect>
    <scene title="" width="1920" height="864" exportWidth="1920" exportHeight="864" precompose="dynamicResolution" bgcolor="#00000000" totalTime="2015" fps="60" modifiedTime="0" amver="1002351" ffver="106" am="com.alightcreative.motion/5.0.270.1002578" amplatform="android" retime="off" retimeAdaptFPS="false">
      <bookmark t="1008" />
      <embedScene id="10250021" label="Group 2" startTime="0" endTime="2015" fillType="intrinsic" outTime="2015" mediaFillMode="fill">
        <transform>
          <location>
            <kf t="0.000000" v="960.000000,1024.824707,0.000000" />
            <kf t="1.000000" v="960.000000,1024.824707,0.000000" e="cubicBezier 0.0 0.0 0.0 1.0" />
            <kf t="0.500248" v="960.000000,-668.625122,0.000000" e="cubicBezier 0.0 0.0 0.0 1.0" />
          </location>
          <pivot value="-31.030029,0.000000" />
        </transform>
        <fillColor value="#ff000000" />
        <scene title="" width="1920" height="4567" exportWidth="1920" exportHeight="4567" precompose="dynamicResolution" bgcolor="#00000000" totalTime="2015" fps="60" modifiedTime="0" amver="1002351" ffver="106" am="com.alightcreative.motion/5.0.270.1002578" amplatform="android" retime="off" retimeAdaptFPS="false">
          <embedScene id="10250015" label="Group 1" startTime="0" endTime="2015" fillType="intrinsic" mediaFillMode="fill">
            <transform>
              <location value="928.969910,1289.492188,0.000000" />
              <pivot value="0.000000,-0.711426" />
              <scale value="1.290750,1.290750" />
            </transform>
            <fillColor value="#ff000000" />
            <scene title="" width="1920" height="864" exportWidth="1920" exportHeight="864" precompose="dynamicResolution" bgcolor="#00000000" totalTime="2015" fps="60" modifiedTime="0" amver="1002351" ffver="106" am="com.alightcreative.motion/5.0.270.1002578" amplatform="android" retime="off" retimeAdaptFPS="false">
              <shape id="10250007" label="New Project 108 [F38A983].png Copy" startTime="0" endTime="2015" fillType="media" fillImage="content://media/external/images/media/1000054406" mediaFillMode="fill" s=".rect">
                <transform>
                  <location value="960.000000,568.378662,-802.984863" />
                  <scale value="0.157813,0.157813" />
                </transform>
                <shadow direction="outside" enabled="false">
                  <size value="79.000000" />
                  <offset value="0.000000,0.000000" />
                </shadow>
                <property name="size" type="vec2" value="960.000000,432.000000" />
              </shape>
              <shape id="10250013" label="New Project 108 [F38A983].png Copy 6" startTime="0" endTime="2015" fillType="media" fillImage="content://media/external/images/media/1000054406" mediaFillMode="fill" s=".rect">
                <transform>
                  <location value="960.000000,295.098511,-802.984863" />
                  <scale value="0.159896,0.159896" />
                </transform>
                <shadow direction="outside" enabled="false">
                  <size value="79.000000" />
                  <offset value="0.000000,0.000000" />
                </shadow>
                <property name="size" type="vec2" value="960.000000,432.000000" />
              </shape>
              <shape id="10250012" label="New Project 108 [F38A983].png Copy 5" startTime="0" endTime="2015" fillType="media" fillImage="content://media/external/images/media/1000054406" mediaFillMode="fill" s=".rect">
                <transform>
                  <location value="960.000000,432.000000,-802.984863" />
                  <scale value="0.158854,0.158854" />
                </transform>
                <shadow direction="outside">
                  <size value="79.000000" />
                  <offset value="0.000000,0.000000" />
                </shadow>
                <property name="size" type="vec2" value="960.000000,432.000000" />
              </shape>
            </scene>
          </embedScene>
          <embedScene id="10250016" label="Group 1 Copy" startTime="0" endTime="2015" fillType="intrinsic" mediaFillMode="fill">
            <transform>
              <location value="928.969910,3308.786133,0.000000" />
              <pivot value="0.000000,-0.711426" />
              <scale value="1.265660,1.265660" />
            </transform>
            <fillColor value="#ff000000" />
            <scene title="" width="1920" height="864" exportWidth="1920" exportHeight="864" precompose="dynamicResolution" bgcolor="#00000000" totalTime="2015" fps="60" modifiedTime="0" amver="1002351" ffver="106" am="com.alightcreative.motion/5.0.270.1002578" amplatform="android" retime="off" retimeAdaptFPS="false">
              <shape id="10250007" label="New Project 108 [F38A983].png Copy" startTime="0" endTime="2015" fillType="media" fillImage="content://media/external/images/media/1000054406" mediaFillMode="fill" s=".rect">
                <transform>
                  <location value="960.000000,568.378662,-802.984863" />
                  <scale value="0.157813,0.157813" />
                </transform>
                <shadow direction="outside" enabled="false">
                  <size value="79.000000" />
                  <offset value="0.000000,0.000000" />
                </shadow>
                <property name="size" type="vec2" value="960.000000,432.000000" />
              </shape>
              <shape id="10250013" label="New Project 108 [F38A983].png Copy 6" startTime="0" endTime="2015" fillType="media" fillImage="content://media/external/images/media/1000054406" mediaFillMode="fill" s=".rect">
                <transform>
                  <location value="960.000000,295.098511,-802.984863" />
                  <scale value="0.159896,0.159896" />
                </transform>
                <shadow direction="outside" enabled="false">
                  <size value="79.000000" />
                  <offset value="0.000000,0.000000" />
                </shadow>
                <property name="size" type="vec2" value="960.000000,432.000000" />
              </shape>
              <shape id="10250012" label="New Project 108 [F38A983].png Copy 5" startTime="0" endTime="2015" fillType="media" fillImage="content://media/external/images/media/1000054406" mediaFillMode="fill" s=".rect">
                <transform>
                  <location value="960.000000,432.000000,-802.984863" />
                  <scale value="0.158854,0.158854" />
                </transform>
                <shadow direction="outside">
                  <size value="79.000000" />
                  <offset value="0.000000,0.000000" />
                </shadow>
                <property name="size" type="vec2" value="960.000000,432.000000" />
              </shape>
            </scene>
          </embedScene>
          <embedScene id="10250017" label="Group 1 Copy 2" startTime="0" endTime="2015" fillType="intrinsic" mediaFillMode="fill">
            <transform>
              <location value="928.969910,276.114990,0.000000" />
              <pivot value="0.000000,-0.711426" />
              <scale value="1.311016,1.311016" />
            </transform>
            <fillColor value="#ff000000" />
            <scene title="" width="1920" height="864" exportWidth="1920" exportHeight="864" precompose="dynamicResolution" bgcolor="#00000000" totalTime="2015" fps="60" modifiedTime="0" amver="1002351" ffver="106" am="com.alightcreative.motion/5.0.270.1002578" amplatform="android" retime="off" retimeAdaptFPS="false">
              <shape id="10250007" label="New Project 108 [F38A983].png Copy" startTime="0" endTime="2015" fillType="media" fillImage="content://media/external/images/media/1000054406" mediaFillMode="fill" s=".rect">
                <transform>
                  <location value="960.000000,568.378662,-802.984863" />
                  <scale value="0.157813,0.157813" />
                </transform>
                <shadow direction="outside" enabled="false">
                  <size value="79.000000" />
                  <offset value="0.000000,0.000000" />
                </shadow>
                <property name="size" type="vec2" value="960.000000,432.000000" />
              </shape>
              <shape id="10250013" label="New Project 108 [F38A983].png Copy 6" startTime="0" endTime="2015" fillType="media" fillImage="content://media/external/images/media/1000054406" mediaFillMode="fill" s=".rect">
                <transform>
                  <location value="960.000000,295.098511,-802.984863" />
                  <scale value="0.159896,0.159896" />
                </transform>
                <shadow direction="outside" enabled="false">
                  <size value="79.000000" />
                  <offset value="0.000000,0.000000" />
                </shadow>
                <property name="size" type="vec2" value="960.000000,432.000000" />
              </shape>
              <shape id="10250012" label="New Project 108 [F38A983].png Copy 5" startTime="0" endTime="2015" fillType="media" fillImage="content://media/external/images/media/1000054406" mediaFillMode="fill" s=".rect">
                <transform>
                  <location value="960.000000,432.000000,-802.984863" />
                  <scale value="0.158854,0.158854" />
                </transform>
                <shadow direction="outside">
                  <size value="79.000000" />
                  <offset value="0.000000,0.000000" />
                </shadow>
                <property name="size" type="vec2" value="960.000000,432.000000" />
              </shape>
            </scene>
          </embedScene>
          <embedScene id="10250018" label="Group 1 Copy 3" startTime="0" endTime="2015" fillType="intrinsic" mediaFillMode="fill">
            <transform>
              <location value="932.293579,4314.206543,0.000000" />
              <pivot value="0.000000,-0.711426" />
              <scale value="1.254860,1.254860" />
            </transform>
            <fillColor value="#ff000000" />
            <scene title="" width="1920" height="864" exportWidth="1920" exportHeight="864" precompose="dynamicResolution" bgcolor="#00000000" totalTime="2015" fps="60" modifiedTime="0" amver="1002351" ffver="106" am="com.alightcreative.motion/5.0.270.1002578" amplatform="android" retime="off" retimeAdaptFPS="false">
              <shape id="10250007" label="New Project 108 [F38A983].png Copy" startTime="0" endTime="2015" fillType="media" fillImage="content://media/external/images/media/1000054406" mediaFillMode="fill" s=".rect">
                <transform>
                  <location value="960.000000,568.378662,-802.984863" />
                  <scale value="0.157813,0.157813" />
                </transform>
                <shadow direction="outside" enabled="false">
                  <size value="79.000000" />
                  <offset value="0.000000,0.000000" />
                </shadow>
                <property name="size" type="vec2" value="960.000000,432.000000" />
              </shape>
              <shape id="10250013" label="New Project 108 [F38A983].png Copy 6" startTime="0" endTime="2015" fillType="media" fillImage="content://media/external/images/media/1000054406" mediaFillMode="fill" s=".rect">
                <transform>
                  <location value="960.000000,295.098511,-802.984863" />
                  <scale value="0.159896,0.159896" />
                </transform>
                <shadow direction="outside" enabled="false">
                  <size value="79.000000" />
                  <offset value="0.000000,0.000000" />
                </shadow>
                <property name="size" type="vec2" value="960.000000,432.000000" />
              </shape>
              <shape id="10250012" label="New Project 108 [F38A983].png Copy 5" startTime="0" endTime="2015" fillType="media" fillImage="content://media/external/images/media/1000054406" mediaFillMode="fill" s=".rect">
                <transform>
                  <location value="960.000000,432.000000,-802.984863" />
                  <scale value="0.158854,0.158854" />
                </transform>
                <shadow direction="outside">
                  <size value="79.000000" />
                  <offset value="0.000000,0.000000" />
                </shadow>
                <property name="size" type="vec2" value="960.000000,432.000000" />
              </shape>
            </scene>
          </embedScene>
          <embedScene id="10250019" label="Group 1 Copy 4" startTime="0" endTime="2015" fillType="intrinsic" mediaFillMode="fill">
            <transform>
              <location value="928.969910,2299.137939,0.000000" />
              <pivot value="0.000000,-0.711426" />
              <scale value="1.276459,1.276459" />
            </transform>
            <fillColor value="#ff000000" />
            <scene title="" width="1920" height="864" exportWidth="1920" exportHeight="864" precompose="dynamicResolution" bgcolor="#00000000" totalTime="2015" fps="60" modifiedTime="0" amver="1002351" ffver="106" am="com.alightcreative.motion/5.0.270.1002578" amplatform="android" retime="off" retimeAdaptFPS="false">
              <shape id="10250007" label="New Project 108 [F38A983].png Copy" startTime="0" endTime="2015" fillType="media" fillImage="content://media/external/images/media/1000054406" mediaFillMode="fill" s=".rect">
                <transform>
                  <location value="960.000000,568.378662,-802.984863" />
                  <scale value="0.157813,0.157813" />
                </transform>
                <shadow direction="outside" enabled="false">
                  <size value="79.000000" />
                  <offset value="0.000000,0.000000" />
                </shadow>
                <property name="size" type="vec2" value="960.000000,432.000000" />
              </shape>
              <shape id="10250013" label="New Project 108 [F38A983].png Copy 6" startTime="0" endTime="2015" fillType="media" fillImage="content://media/external/images/media/1000054406" mediaFillMode="fill" s=".rect">
                <transform>
                  <location value="960.000000,295.098511,-802.984863" />
                  <scale value="0.159896,0.159896" />
                </transform>
                <shadow direction="outside" enabled="false">
                  <size value="79.000000" />
                  <offset value="0.000000,0.000000" />
                </shadow>
                <property name="size" type="vec2" value="960.000000,432.000000" />
              </shape>
              <shape id="10250012" label="New Project 108 [F38A983].png Copy 5" startTime="0" endTime="2015" fillType="media" fillImage="content://media/external/images/media/1000054406" mediaFillMode="fill" s=".rect">
                <transform>
                  <location value="960.000000,432.000000,-802.984863" />
                  <scale value="0.158854,0.158854" />
                </transform>
                <shadow direction="outside">
                  <size value="79.000000" />
                  <offset value="0.000000,0.000000" />
                </shadow>
                <property name="size" type="vec2" value="960.000000,432.000000" />
              </shape>
            </scene>
          </embedScene>
        </scene>
      </embedScene>
    </scene>
  </embedScene>
  <embedScene id="10250029" label="Group 1 Copy 4" startTime="0" endTime="2015" fillType="intrinsic" outTime="2015" mediaFillMode="fill">
    <transform>
      <location value="997.896423,483.090637,-200.000000" />
      <pivot value="0.000000,1.737427" />
      <scale value="1.853009,1.853009" />
    </transform>
    <fillColor value="#ff000000" />
    <effect id="com.alightcreative.solidcolor" locallyApplied="true">
      <property name="color" type="color" value="#ffff0000" />
      <property name="alpha" type="float" value="1.000000" />
      <property name="blendMode" type="int" value="1" />
    </effect>
    <scene title="" width="1920" height="864" exportWidth="1920" exportHeight="864" precompose="dynamicResolution" bgcolor="#00000000" totalTime="2015" fps="60" modifiedTime="0" amver="1002351" ffver="106" am="com.alightcreative.motion/5.0.270.1002578" amplatform="android" retime="off" retimeAdaptFPS="false">
      <bookmark t="1008" />
      <embedScene id="10250021" label="Group 2" startTime="0" endTime="2015" fillType="intrinsic" outTime="2015" mediaFillMode="fill">
        <transform>
          <location>
            <kf t="0.000000" v="960.000000,1024.824707,0.000000" />
            <kf t="1.000000" v="960.000000,1024.824707,0.000000" e="cubicBezier 0.0 0.0 0.0 1.0" />
            <kf t="0.500248" v="960.000000,-668.625122,0.000000" e="cubicBezier 0.0 0.0 0.0 1.0" />
          </location>
          <pivot value="-31.030029,0.000000" />
        </transform>
        <fillColor value="#ff000000" />
        <scene title="" width="1920" height="4567" exportWidth="1920" exportHeight="4567" precompose="dynamicResolution" bgcolor="#00000000" totalTime="2015" fps="60" modifiedTime="0" amver="1002351" ffver="106" am="com.alightcreative.motion/5.0.270.1002578" amplatform="android" retime="off" retimeAdaptFPS="false">
          <embedScene id="10250015" label="Group 1" startTime="0" endTime="2015" fillType="intrinsic" mediaFillMode="fill">
            <transform>
              <location value="928.969910,1289.492188,0.000000" />
              <pivot value="0.000000,-0.711426" />
              <scale value="1.290750,1.290750" />
            </transform>
            <fillColor value="#ff000000" />
            <scene title="" width="1920" height="864" exportWidth="1920" exportHeight="864" precompose="dynamicResolution" bgcolor="#00000000" totalTime="2015" fps="60" modifiedTime="0" amver="1002351" ffver="106" am="com.alightcreative.motion/5.0.270.1002578" amplatform="android" retime="off" retimeAdaptFPS="false">
              <shape id="10250007" label="New Project 108 [F38A983].png Copy" startTime="0" endTime="2015" fillType="media" fillImage="content://media/external/images/media/1000054406" mediaFillMode="fill" s=".rect">
                <transform>
                  <location value="960.000000,568.378662,-802.984863" />
                  <scale value="0.157813,0.157813" />
                </transform>
                <shadow direction="outside" enabled="false">
                  <size value="79.000000" />
                  <offset value="0.000000,0.000000" />
                </shadow>
                <property name="size" type="vec2" value="960.000000,432.000000" />
              </shape>
              <shape id="10250013" label="New Project 108 [F38A983].png Copy 6" startTime="0" endTime="2015" fillType="media" fillImage="content://media/external/images/media/1000054406" mediaFillMode="fill" s=".rect">
                <transform>
                  <location value="960.000000,295.098511,-802.984863" />
                  <scale value="0.159896,0.159896" />
                </transform>
                <shadow direction="outside" enabled="false">
                  <size value="79.000000" />
                  <offset value="0.000000,0.000000" />
                </shadow>
                <property name="size" type="vec2" value="960.000000,432.000000" />
              </shape>
              <shape id="10250012" label="New Project 108 [F38A983].png Copy 5" startTime="0" endTime="2015" fillType="media" fillImage="content://media/external/images/media/1000054406" mediaFillMode="fill" s=".rect">
                <transform>
                  <location value="960.000000,432.000000,-802.984863" />
                  <scale value="0.158854,0.158854" />
                </transform>
                <shadow direction="outside">
                  <size value="79.000000" />
                  <offset value="0.000000,0.000000" />
                </shadow>
                <property name="size" type="vec2" value="960.000000,432.000000" />
              </shape>
            </scene>
          </embedScene>
          <embedScene id="10250016" label="Group 1 Copy" startTime="0" endTime="2015" fillType="intrinsic" mediaFillMode="fill">
            <transform>
              <location value="928.969910,3308.786133,0.000000" />
              <pivot value="0.000000,-0.711426" />
              <scale value="1.265660,1.265660" />
            </transform>
            <fillColor value="#ff000000" />
            <scene title="" width="1920" height="864" exportWidth="1920" exportHeight="864" precompose="dynamicResolution" bgcolor="#00000000" totalTime="2015" fps="60" modifiedTime="0" amver="1002351" ffver="106" am="com.alightcreative.motion/5.0.270.1002578" amplatform="android" retime="off" retimeAdaptFPS="false">
              <shape id="10250007" label="New Project 108 [F38A983].png Copy" startTime="0" endTime="2015" fillType="media" fillImage="content://media/external/images/media/1000054406" mediaFillMode="fill" s=".rect">
                <transform>
                  <location value="960.000000,568.378662,-802.984863" />
                  <scale value="0.157813,0.157813" />
                </transform>
                <shadow direction="outside" enabled="false">
                  <size value="79.000000" />
                  <offset value="0.000000,0.000000" />
                </shadow>
                <property name="size" type="vec2" value="960.000000,432.000000" />
              </shape>
              <shape id="10250013" label="New Project 108 [F38A983].png Copy 6" startTime="0" endTime="2015" fillType="media" fillImage="content://media/external/images/media/1000054406" mediaFillMode="fill" s=".rect">
                <transform>
                  <location value="960.000000,295.098511,-802.984863" />
                  <scale value="0.159896,0.159896" />
                </transform>
                <shadow direction="outside" enabled="false">
                  <size value="79.000000" />
                  <offset value="0.000000,0.000000" />
                </shadow>
                <property name="size" type="vec2" value="960.000000,432.000000" />
              </shape>
              <shape id="10250012" label="New Project 108 [F38A983].png Copy 5" startTime="0" endTime="2015" fillType="media" fillImage="content://media/external/images/media/1000054406" mediaFillMode="fill" s=".rect">
                <transform>
                  <location value="960.000000,432.000000,-802.984863" />
                  <scale value="0.158854,0.158854" />
                </transform>
                <shadow direction="outside">
                  <size value="79.000000" />
                  <offset value="0.000000,0.000000" />
                </shadow>
                <property name="size" type="vec2" value="960.000000,432.000000" />
              </shape>
            </scene>
          </embedScene>
          <embedScene id="10250017" label="Group 1 Copy 2" startTime="0" endTime="2015" fillType="intrinsic" mediaFillMode="fill">
            <transform>
              <location value="928.969910,276.114990,0.000000" />
              <pivot value="0.000000,-0.711426" />
              <scale value="1.311016,1.311016" />
            </transform>
            <fillColor value="#ff000000" />
            <scene title="" width="1920" height="864" exportWidth="1920" exportHeight="864" precompose="dynamicResolution" bgcolor="#00000000" totalTime="2015" fps="60" modifiedTime="0" amver="1002351" ffver="106" am="com.alightcreative.motion/5.0.270.1002578" amplatform="android" retime="off" retimeAdaptFPS="false">
              <shape id="10250007" label="New Project 108 [F38A983].png Copy" startTime="0" endTime="2015" fillType="media" fillImage="content://media/external/images/media/1000054406" mediaFillMode="fill" s=".rect">
                <transform>
                  <location value="960.000000,568.378662,-802.984863" />
                  <scale value="0.157813,0.157813" />
                </transform>
                <shadow direction="outside" enabled="false">
                  <size value="79.000000" />
                  <offset value="0.000000,0.000000" />
                </shadow>
                <property name="size" type="vec2" value="960.000000,432.000000" />
              </shape>
              <shape id="10250013" label="New Project 108 [F38A983].png Copy 6" startTime="0" endTime="2015" fillType="media" fillImage="content://media/external/images/media/1000054406" mediaFillMode="fill" s=".rect">
                <transform>
                  <location value="960.000000,295.098511,-802.984863" />
                  <scale value="0.159896,0.159896" />
                </transform>
                <shadow direction="outside" enabled="false">
                  <size value="79.000000" />
                  <offset value="0.000000,0.000000" />
                </shadow>
                <property name="size" type="vec2" value="960.000000,432.000000" />
              </shape>
              <shape id="10250012" label="New Project 108 [F38A983].png Copy 5" startTime="0" endTime="2015" fillType="media" fillImage="content://media/external/images/media/1000054406" mediaFillMode="fill" s=".rect">
                <transform>
                  <location value="960.000000,432.000000,-802.984863" />
                  <scale value="0.158854,0.158854" />
                </transform>
                <shadow direction="outside">
                  <size value="79.000000" />
                  <offset value="0.000000,0.000000" />
                </shadow>
                <property name="size" type="vec2" value="960.000000,432.000000" />
              </shape>
            </scene>
          </embedScene>
          <embedScene id="10250018" label="Group 1 Copy 3" startTime="0" endTime="2015" fillType="intrinsic" mediaFillMode="fill">
            <transform>
              <location value="932.293579,4314.206543,0.000000" />
              <pivot value="0.000000,-0.711426" />
              <scale value="1.254860,1.254860" />
            </transform>
            <fillColor value="#ff000000" />
            <scene title="" width="1920" height="864" exportWidth="1920" exportHeight="864" precompose="dynamicResolution" bgcolor="#00000000" totalTime="2015" fps="60" modifiedTime="0" amver="1002351" ffver="106" am="com.alightcreative.motion/5.0.270.1002578" amplatform="android" retime="off" retimeAdaptFPS="false">
              <shape id="10250007" label="New Project 108 [F38A983].png Copy" startTime="0" endTime="2015" fillType="media" fillImage="content://media/external/images/media/1000054406" mediaFillMode="fill" s=".rect">
                <transform>
                  <location value="960.000000,568.378662,-802.984863" />
                  <scale value="0.157813,0.157813" />
                </transform>
                <shadow direction="outside" enabled="false">
                  <size value="79.000000" />
                  <offset value="0.000000,0.000000" />
                </shadow>
                <property name="size" type="vec2" value="960.000000,432.000000" />
              </shape>
              <shape id="10250013" label="New Project 108 [F38A983].png Copy 6" startTime="0" endTime="2015" fillType="media" fillImage="content://media/external/images/media/1000054406" mediaFillMode="fill" s=".rect">
                <transform>
                  <location value="960.000000,295.098511,-802.984863" />
                  <scale value="0.159896,0.159896" />
                </transform>
                <shadow direction="outside" enabled="false">
                  <size value="79.000000" />
                  <offset value="0.000000,0.000000" />
                </shadow>
                <property name="size" type="vec2" value="960.000000,432.000000" />
              </shape>
              <shape id="10250012" label="New Project 108 [F38A983].png Copy 5" startTime="0" endTime="2015" fillType="media" fillImage="content://media/external/images/media/1000054406" mediaFillMode="fill" s=".rect">
                <transform>
                  <location value="960.000000,432.000000,-802.984863" />
                  <scale value="0.158854,0.158854" />
                </transform>
                <shadow direction="outside">
                  <size value="79.000000" />
                  <offset value="0.000000,0.000000" />
                </shadow>
                <property name="size" type="vec2" value="960.000000,432.000000" />
              </shape>
            </scene>
          </embedScene>
          <embedScene id="10250019" label="Group 1 Copy 4" startTime="0" endTime="2015" fillType="intrinsic" mediaFillMode="fill">
            <transform>
              <location value="928.969910,2299.137939,0.000000" />
              <pivot value="0.000000,-0.711426" />
              <scale value="1.276459,1.276459" />
            </transform>
            <fillColor value="#ff000000" />
            <scene title="" width="1920" height="864" exportWidth="1920" exportHeight="864" precompose="dynamicResolution" bgcolor="#00000000" totalTime="2015" fps="60" modifiedTime="0" amver="1002351" ffver="106" am="com.alightcreative.motion/5.0.270.1002578" amplatform="android" retime="off" retimeAdaptFPS="false">
              <shape id="10250007" label="New Project 108 [F38A983].png Copy" startTime="0" endTime="2015" fillType="media" fillImage="content://media/external/images/media/1000054406" mediaFillMode="fill" s=".rect">
                <transform>
                  <location value="960.000000,568.378662,-802.984863" />
                  <scale value="0.157813,0.157813" />
                </transform>
                <shadow direction="outside" enabled="false">
                  <size value="79.000000" />
                  <offset value="0.000000,0.000000" />
                </shadow>
                <property name="size" type="vec2" value="960.000000,432.000000" />
              </shape>
              <shape id="10250013" label="New Project 108 [F38A983].png Copy 6" startTime="0" endTime="2015" fillType="media" fillImage="content://media/external/images/media/1000054406" mediaFillMode="fill" s=".rect">
                <transform>
                  <location value="960.000000,295.098511,-802.984863" />
                  <scale value="0.159896,0.159896" />
                </transform>
                <shadow direction="outside" enabled="false">
                  <size value="79.000000" />
                  <offset value="0.000000,0.000000" />
                </shadow>
                <property name="size" type="vec2" value="960.000000,432.000000" />
              </shape>
              <shape id="10250012" label="New Project 108 [F38A983].png Copy 5" startTime="0" endTime="2015" fillType="media" fillImage="content://media/external/images/media/1000054406" mediaFillMode="fill" s=".rect">
                <transform>
                  <location value="960.000000,432.000000,-802.984863" />
                  <scale value="0.158854,0.158854" />
                </transform>
                <shadow direction="outside">
                  <size value="79.000000" />
                  <offset value="0.000000,0.000000" />
                </shadow>
                <property name="size" type="vec2" value="960.000000,432.000000" />
              </shape>
            </scene>
          </embedScene>
        </scene>
      </embedScene>
    </scene>
  </embedScene>
  <embedScene id="10250028" label="Group 1 Copy 3" startTime="0" endTime="2015" fillType="intrinsic" outTime="2015" mediaFillMode="fill">
    <transform>
      <location value="994.666504,483.090637,-400.000000" />
      <pivot value="0.000000,1.737427" />
      <scale value="1.370370,1.370370" />
    </transform>
    <fillColor value="#ff000000" />
    <effect id="com.alightcreative.effects.satvib" locallyApplied="true">
      <property name="saturation" type="float" value="-0.535000" />
      <property name="vib" type="float" value="1.000000" />
    </effect>
    <scene title="" width="1920" height="864" exportWidth="1920" exportHeight="864" precompose="dynamicResolution" bgcolor="#00000000" totalTime="2015" fps="60" modifiedTime="0" amver="1002351" ffver="106" am="com.alightcreative.motion/5.0.270.1002578" amplatform="android" retime="off" retimeAdaptFPS="false">
      <bookmark t="1008" />
      <embedScene id="10250021" label="Group 2" startTime="0" endTime="2015" fillType="intrinsic" outTime="2015" mediaFillMode="fill">
        <transform>
          <location>
            <kf t="0.000000" v="960.000000,1024.824707,0.000000" />
            <kf t="1.000000" v="960.000000,1024.824707,0.000000" e="cubicBezier 0.0 0.0 0.0 1.0" />
            <kf t="0.500248" v="960.000000,-668.625122,0.000000" e="cubicBezier 0.0 0.0 0.0 1.0" />
          </location>
          <pivot value="-31.030029,0.000000" />
        </transform>
        <fillColor value="#ff000000" />
        <scene title="" width="1920" height="4567" exportWidth="1920" exportHeight="4567" precompose="dynamicResolution" bgcolor="#00000000" totalTime="2015" fps="60" modifiedTime="0" amver="1002351" ffver="106" am="com.alightcreative.motion/5.0.270.1002578" amplatform="android" retime="off" retimeAdaptFPS="false">
          <embedScene id="10250015" label="Group 1" startTime="0" endTime="2015" fillType="intrinsic" mediaFillMode="fill">
            <transform>
              <location value="928.969910,1289.492188,0.000000" />
              <pivot value="0.000000,-0.711426" />
              <scale value="1.290750,1.290750" />
            </transform>
            <fillColor value="#ff000000" />
            <scene title="" width="1920" height="864" exportWidth="1920" exportHeight="864" precompose="dynamicResolution" bgcolor="#00000000" totalTime="2015" fps="60" modifiedTime="0" amver="1002351" ffver="106" am="com.alightcreative.motion/5.0.270.1002578" amplatform="android" retime="off" retimeAdaptFPS="false">
              <shape id="10250007" label="New Project 108 [F38A983].png Copy" startTime="0" endTime="2015" fillType="media" fillImage="content://media/external/images/media/1000054406" mediaFillMode="fill" s=".rect">
                <transform>
                  <location value="960.000000,568.378662,-802.984863" />
                  <scale value="0.157813,0.157813" />
                </transform>
                <shadow direction="outside" enabled="false">
                  <size value="79.000000" />
                  <offset value="0.000000,0.000000" />
                </shadow>
                <property name="size" type="vec2" value="960.000000,432.000000" />
              </shape>
              <shape id="10250013" label="New Project 108 [F38A983].png Copy 6" startTime="0" endTime="2015" fillType="media" fillImage="content://media/external/images/media/1000054406" mediaFillMode="fill" s=".rect">
                <transform>
                  <location value="960.000000,295.098511,-802.984863" />
                  <scale value="0.159896,0.159896" />
                </transform>
                <shadow direction="outside" enabled="false">
                  <size value="79.000000" />
                  <offset value="0.000000,0.000000" />
                </shadow>
                <property name="size" type="vec2" value="960.000000,432.000000" />
              </shape>
              <shape id="10250012" label="New Project 108 [F38A983].png Copy 5" startTime="0" endTime="2015" fillType="media" fillImage="content://media/external/images/media/1000054406" mediaFillMode="fill" s=".rect">
                <transform>
                  <location value="960.000000,432.000000,-802.984863" />
                  <scale value="0.158854,0.158854" />
                </transform>
                <shadow direction="outside">
                  <size value="79.000000" />
                  <offset value="0.000000,0.000000" />
                </shadow>
                <property name="size" type="vec2" value="960.000000,432.000000" />
              </shape>
            </scene>
          </embedScene>
          <embedScene id="10250016" label="Group 1 Copy" startTime="0" endTime="2015" fillType="intrinsic" mediaFillMode="fill">
            <transform>
              <location value="928.969910,3308.786133,0.000000" />
              <pivot value="0.000000,-0.711426" />
              <scale value="1.265660,1.265660" />
            </transform>
            <fillColor value="#ff000000" />
            <scene title="" width="1920" height="864" exportWidth="1920" exportHeight="864" precompose="dynamicResolution" bgcolor="#00000000" totalTime="2015" fps="60" modifiedTime="0" amver="1002351" ffver="106" am="com.alightcreative.motion/5.0.270.1002578" amplatform="android" retime="off" retimeAdaptFPS="false">
              <shape id="10250007" label="New Project 108 [F38A983].png Copy" startTime="0" endTime="2015" fillType="media" fillImage="content://media/external/images/media/1000054406" mediaFillMode="fill" s=".rect">
                <transform>
                  <location value="960.000000,568.378662,-802.984863" />
                  <scale value="0.157813,0.157813" />
                </transform>
                <shadow direction="outside" enabled="false">
                  <size value="79.000000" />
                  <offset value="0.000000,0.000000" />
                </shadow>
                <property name="size" type="vec2" value="960.000000,432.000000" />
              </shape>
              <shape id="10250013" label="New Project 108 [F38A983].png Copy 6" startTime="0" endTime="2015" fillType="media" fillImage="content://media/external/images/media/1000054406" mediaFillMode="fill" s=".rect">
                <transform>
                  <location value="960.000000,295.098511,-802.984863" />
                  <scale value="0.159896,0.159896" />
                </transform>
                <shadow direction="outside" enabled="false">
                  <size value="79.000000" />
                  <offset value="0.000000,0.000000" />
                </shadow>
                <property name="size" type="vec2" value="960.000000,432.000000" />
              </shape>
              <shape id="10250012" label="New Project 108 [F38A983].png Copy 5" startTime="0" endTime="2015" fillType="media" fillImage="content://media/external/images/media/1000054406" mediaFillMode="fill" s=".rect">
                <transform>
                  <location value="960.000000,432.000000,-802.984863" />
                  <scale value="0.158854,0.158854" />
                </transform>
                <shadow direction="outside">
                  <size value="79.000000" />
                  <offset value="0.000000,0.000000" />
                </shadow>
                <property name="size" type="vec2" value="960.000000,432.000000" />
              </shape>
            </scene>
          </embedScene>
          <embedScene id="10250017" label="Group 1 Copy 2" startTime="0" endTime="2015" fillType="intrinsic" mediaFillMode="fill">
            <transform>
              <location value="928.969910,276.114990,0.000000" />
              <pivot value="0.000000,-0.711426" />
              <scale value="1.311016,1.311016" />
            </transform>
            <fillColor value="#ff000000" />
            <scene title="" width="1920" height="864" exportWidth="1920" exportHeight="864" precompose="dynamicResolution" bgcolor="#00000000" totalTime="2015" fps="60" modifiedTime="0" amver="1002351" ffver="106" am="com.alightcreative.motion/5.0.270.1002578" amplatform="android" retime="off" retimeAdaptFPS="false">
              <shape id="10250007" label="New Project 108 [F38A983].png Copy" startTime="0" endTime="2015" fillType="media" fillImage="content://media/external/images/media/1000054406" mediaFillMode="fill" s=".rect">
                <transform>
                  <location value="960.000000,568.378662,-802.984863" />
                  <scale value="0.157813,0.157813" />
                </transform>
                <shadow direction="outside" enabled="false">
                  <size value="79.000000" />
                  <offset value="0.000000,0.000000" />
                </shadow>
                <property name="size" type="vec2" value="960.000000,432.000000" />
              </shape>
              <shape id="10250013" label="New Project 108 [F38A983].png Copy 6" startTime="0" endTime="2015" fillType="media" fillImage="content://media/external/images/media/1000054406" mediaFillMode="fill" s=".rect">
                <transform>
                  <location value="960.000000,295.098511,-802.984863" />
                  <scale value="0.159896,0.159896" />
                </transform>
                <shadow direction="outside" enabled="false">
                  <size value="79.000000" />
                  <offset value="0.000000,0.000000" />
                </shadow>
                <property name="size" type="vec2" value="960.000000,432.000000" />
              </shape>
              <shape id="10250012" label="New Project 108 [F38A983].png Copy 5" startTime="0" endTime="2015" fillType="media" fillImage="content://media/external/images/media/1000054406" mediaFillMode="fill" s=".rect">
                <transform>
                  <location value="960.000000,432.000000,-802.984863" />
                  <scale value="0.158854,0.158854" />
                </transform>
                <shadow direction="outside">
                  <size value="79.000000" />
                  <offset value="0.000000,0.000000" />
                </shadow>
                <property name="size" type="vec2" value="960.000000,432.000000" />
              </shape>
            </scene>
          </embedScene>
          <embedScene id="10250018" label="Group 1 Copy 3" startTime="0" endTime="2015" fillType="intrinsic" mediaFillMode="fill">
            <transform>
              <location value="932.293579,4314.206543,0.000000" />
              <pivot value="0.000000,-0.711426" />
              <scale value="1.254860,1.254860" />
            </transform>
            <fillColor value="#ff000000" />
            <scene title="" width="1920" height="864" exportWidth="1920" exportHeight="864" precompose="dynamicResolution" bgcolor="#00000000" totalTime="2015" fps="60" modifiedTime="0" amver="1002351" ffver="106" am="com.alightcreative.motion/5.0.270.1002578" amplatform="android" retime="off" retimeAdaptFPS="false">
              <shape id="10250007" label="New Project 108 [F38A983].png Copy" startTime="0" endTime="2015" fillType="media" fillImage="content://media/external/images/media/1000054406" mediaFillMode="fill" s=".rect">
                <transform>
                  <location value="960.000000,568.378662,-802.984863" />
                  <scale value="0.157813,0.157813" />
                </transform>
                <shadow direction="outside" enabled="false">
                  <size value="79.000000" />
                  <offset value="0.000000,0.000000" />
                </shadow>
                <property name="size" type="vec2" value="960.000000,432.000000" />
              </shape>
              <shape id="10250013" label="New Project 108 [F38A983].png Copy 6" startTime="0" endTime="2015" fillType="media" fillImage="content://media/external/images/media/1000054406" mediaFillMode="fill" s=".rect">
                <transform>
                  <location value="960.000000,295.098511,-802.984863" />
                  <scale value="0.159896,0.159896" />
                </transform>
                <shadow direction="outside" enabled="false">
                  <size value="79.000000" />
                  <offset value="0.000000,0.000000" />
                </shadow>
                <property name="size" type="vec2" value="960.000000,432.000000" />
              </shape>
              <shape id="10250012" label="New Project 108 [F38A983].png Copy 5" startTime="0" endTime="2015" fillType="media" fillImage="content://media/external/images/media/1000054406" mediaFillMode="fill" s=".rect">
                <transform>
                  <location value="960.000000,432.000000,-802.984863" />
                  <scale value="0.158854,0.158854" />
                </transform>
                <shadow direction="outside">
                  <size value="79.000000" />
                  <offset value="0.000000,0.000000" />
                </shadow>
                <property name="size" type="vec2" value="960.000000,432.000000" />
              </shape>
            </scene>
          </embedScene>
          <embedScene id="10250019" label="Group 1 Copy 4" startTime="0" endTime="2015" fillType="intrinsic" mediaFillMode="fill">
            <transform>
              <location value="928.969910,2299.137939,0.000000" />
              <pivot value="0.000000,-0.711426" />
              <scale value="1.276459,1.276459" />
            </transform>
            <fillColor value="#ff000000" />
            <scene title="" width="1920" height="864" exportWidth="1920" exportHeight="864" precompose="dynamicResolution" bgcolor="#00000000" totalTime="2015" fps="60" modifiedTime="0" amver="1002351" ffver="106" am="com.alightcreative.motion/5.0.270.1002578" amplatform="android" retime="off" retimeAdaptFPS="false">
              <shape id="10250007" label="New Project 108 [F38A983].png Copy" startTime="0" endTime="2015" fillType="media" fillImage="content://media/external/images/media/1000054406" mediaFillMode="fill" s=".rect">
                <transform>
                  <location value="960.000000,568.378662,-802.984863" />
                  <scale value="0.157813,0.157813" />
                </transform>
                <shadow direction="outside" enabled="false">
                  <size value="79.000000" />
                  <offset value="0.000000,0.000000" />
                </shadow>
                <property name="size" type="vec2" value="960.000000,432.000000" />
              </shape>
              <shape id="10250013" label="New Project 108 [F38A983].png Copy 6" startTime="0" endTime="2015" fillType="media" fillImage="content://media/external/images/media/1000054406" mediaFillMode="fill" s=".rect">
                <transform>
                  <location value="960.000000,295.098511,-802.984863" />
                  <scale value="0.159896,0.159896" />
                </transform>
                <shadow direction="outside" enabled="false">
                  <size value="79.000000" />
                  <offset value="0.000000,0.000000" />
                </shadow>
                <property name="size" type="vec2" value="960.000000,432.000000" />
              </shape>
              <shape id="10250012" label="New Project 108 [F38A983].png Copy 5" startTime="0" endTime="2015" fillType="media" fillImage="content://media/external/images/media/1000054406" mediaFillMode="fill" s=".rect">
                <transform>
                  <location value="960.000000,432.000000,-802.984863" />
                  <scale value="0.158854,0.158854" />
                </transform>
                <shadow direction="outside">
                  <size value="79.000000" />
                  <offset value="0.000000,0.000000" />
                </shadow>
                <property name="size" type="vec2" value="960.000000,432.000000" />
              </shape>
            </scene>
          </embedScene>
        </scene>
      </embedScene>
    </scene>
  </embedScene>
  <embedScene id="10250027" label="Group 1 Copy 2" startTime="0" endTime="2015" fillType="intrinsic" outTime="2015" mediaFillMode="fill">
    <transform>
      <location value="990.220886,487.088806,-600.000000" />
      <pivot value="0.000000,1.737427" />
      <scale value="0.987269,0.987269" />
    </transform>
    <fillColor value="#ff000000" />
    <effect id="com.alightcreative.solidcolor" locallyApplied="true">
      <property name="color" type="color" value="#ffff0000" />
      <property name="alpha" type="float" value="1.000000" />
      <property name="blendMode" type="int" value="1" />
    </effect>
    <scene title="" width="1920" height="864" exportWidth="1920" exportHeight="864" precompose="dynamicResolution" bgcolor="#00000000" totalTime="2015" fps="60" modifiedTime="0" amver="1002351" ffver="106" am="com.alightcreative.motion/5.0.270.1002578" amplatform="android" retime="off" retimeAdaptFPS="false">
      <bookmark t="1008" />
      <embedScene id="10250021" label="Group 2" startTime="0" endTime="2015" fillType="intrinsic" outTime="2015" mediaFillMode="fill">
        <transform>
          <location>
            <kf t="0.000000" v="960.000000,1024.824707,0.000000" />
            <kf t="1.000000" v="960.000000,1024.824707,0.000000" e="cubicBezier 0.0 0.0 0.0 1.0" />
            <kf t="0.500248" v="960.000000,-668.625122,0.000000" e="cubicBezier 0.0 0.0 0.0 1.0" />
          </location>
          <pivot value="-31.030029,0.000000" />
        </transform>
        <fillColor value="#ff000000" />
        <scene title="" width="1920" height="4567" exportWidth="1920" exportHeight="4567" precompose="dynamicResolution" bgcolor="#00000000" totalTime="2015" fps="60" modifiedTime="0" amver="1002351" ffver="106" am="com.alightcreative.motion/5.0.270.1002578" amplatform="android" retime="off" retimeAdaptFPS="false">
          <embedScene id="10250015" label="Group 1" startTime="0" endTime="2015" fillType="intrinsic" mediaFillMode="fill">
            <transform>
              <location value="928.969910,1289.492188,0.000000" />
              <pivot value="0.000000,-0.711426" />
              <scale value="1.290750,1.290750" />
            </transform>
            <fillColor value="#ff000000" />
            <scene title="" width="1920" height="864" exportWidth="1920" exportHeight="864" precompose="dynamicResolution" bgcolor="#00000000" totalTime="2015" fps="60" modifiedTime="0" amver="1002351" ffver="106" am="com.alightcreative.motion/5.0.270.1002578" amplatform="android" retime="off" retimeAdaptFPS="false">
              <shape id="10250007" label="New Project 108 [F38A983].png Copy" startTime="0" endTime="2015" fillType="media" fillImage="content://media/external/images/media/1000054406" mediaFillMode="fill" s=".rect">
                <transform>
                  <location value="960.000000,568.378662,-802.984863" />
                  <scale value="0.157813,0.157813" />
                </transform>
                <shadow direction="outside" enabled="false">
                  <size value="79.000000" />
                  <offset value="0.000000,0.000000" />
                </shadow>
                <property name="size" type="vec2" value="960.000000,432.000000" />
              </shape>
              <shape id="10250013" label="New Project 108 [F38A983].png Copy 6" startTime="0" endTime="2015" fillType="media" fillImage="content://media/external/images/media/1000054406" mediaFillMode="fill" s=".rect">
                <transform>
                  <location value="960.000000,295.098511,-802.984863" />
                  <scale value="0.159896,0.159896" />
                </transform>
                <shadow direction="outside" enabled="false">
                  <size value="79.000000" />
                  <offset value="0.000000,0.000000" />
                </shadow>
                <property name="size" type="vec2" value="960.000000,432.000000" />
              </shape>
              <shape id="10250012" label="New Project 108 [F38A983].png Copy 5" startTime="0" endTime="2015" fillType="media" fillImage="content://media/external/images/media/1000054406" mediaFillMode="fill" s=".rect">
                <transform>
                  <location value="960.000000,432.000000,-802.984863" />
                  <scale value="0.158854,0.158854" />
                </transform>
                <shadow direction="outside">
                  <size value="79.000000" />
                  <offset value="0.000000,0.000000" />
                </shadow>
                <property name="size" type="vec2" value="960.000000,432.000000" />
              </shape>
            </scene>
          </embedScene>
          <embedScene id="10250016" label="Group 1 Copy" startTime="0" endTime="2015" fillType="intrinsic" mediaFillMode="fill">
            <transform>
              <location value="928.969910,3308.786133,0.000000" />
              <pivot value="0.000000,-0.711426" />
              <scale value="1.265660,1.265660" />
            </transform>
            <fillColor value="#ff000000" />
            <scene title="" width="1920" height="864" exportWidth="1920" exportHeight="864" precompose="dynamicResolution" bgcolor="#00000000" totalTime="2015" fps="60" modifiedTime="0" amver="1002351" ffver="106" am="com.alightcreative.motion/5.0.270.1002578" amplatform="android" retime="off" retimeAdaptFPS="false">
              <shape id="10250007" label="New Project 108 [F38A983].png Copy" startTime="0" endTime="2015" fillType="media" fillImage="content://media/external/images/media/1000054406" mediaFillMode="fill" s=".rect">
                <transform>
                  <location value="960.000000,568.378662,-802.984863" />
                  <scale value="0.157813,0.157813" />
                </transform>
                <shadow direction="outside" enabled="false">
                  <size value="79.000000" />
                  <offset value="0.000000,0.000000" />
                </shadow>
                <property name="size" type="vec2" value="960.000000,432.000000" />
              </shape>
              <shape id="10250013" label="New Project 108 [F38A983].png Copy 6" startTime="0" endTime="2015" fillType="media" fillImage="content://media/external/images/media/1000054406" mediaFillMode="fill" s=".rect">
                <transform>
                  <location value="960.000000,295.098511,-802.984863" />
                  <scale value="0.159896,0.159896" />
                </transform>
                <shadow direction="outside" enabled="false">
                  <size value="79.000000" />
                  <offset value="0.000000,0.000000" />
                </shadow>
                <property name="size" type="vec2" value="960.000000,432.000000" />
              </shape>
              <shape id="10250012" label="New Project 108 [F38A983].png Copy 5" startTime="0" endTime="2015" fillType="media" fillImage="content://media/external/images/media/1000054406" mediaFillMode="fill" s=".rect">
                <transform>
                  <location value="960.000000,432.000000,-802.984863" />
                  <scale value="0.158854,0.158854" />
                </transform>
                <shadow direction="outside">
                  <size value="79.000000" />
                  <offset value="0.000000,0.000000" />
                </shadow>
                <property name="size" type="vec2" value="960.000000,432.000000" />
              </shape>
            </scene>
          </embedScene>
          <embedScene id="10250017" label="Group 1 Copy 2" startTime="0" endTime="2015" fillType="intrinsic" mediaFillMode="fill">
            <transform>
              <location value="928.969910,276.114990,0.000000" />
              <pivot value="0.000000,-0.711426" />
              <scale value="1.311016,1.311016" />
            </transform>
            <fillColor value="#ff000000" />
            <scene title="" width="1920" height="864" exportWidth="1920" exportHeight="864" precompose="dynamicResolution" bgcolor="#00000000" totalTime="2015" fps="60" modifiedTime="0" amver="1002351" ffver="106" am="com.alightcreative.motion/5.0.270.1002578" amplatform="android" retime="off" retimeAdaptFPS="false">
              <shape id="10250007" label="New Project 108 [F38A983].png Copy" startTime="0" endTime="2015" fillType="media" fillImage="content://media/external/images/media/1000054406" mediaFillMode="fill" s=".rect">
                <transform>
                  <location value="960.000000,568.378662,-802.984863" />
                  <scale value="0.157813,0.157813" />
                </transform>
                <shadow direction="outside" enabled="false">
                  <size value="79.000000" />
                  <offset value="0.000000,0.000000" />
                </shadow>
                <property name="size" type="vec2" value="960.000000,432.000000" />
              </shape>
              <shape id="10250013" label="New Project 108 [F38A983].png Copy 6" startTime="0" endTime="2015" fillType="media" fillImage="content://media/external/images/media/1000054406" mediaFillMode="fill" s=".rect">
                <transform>
                  <location value="960.000000,295.098511,-802.984863" />
                  <scale value="0.159896,0.159896" />
                </transform>
                <shadow direction="outside" enabled="false">
                  <size value="79.000000" />
                  <offset value="0.000000,0.000000" />
                </shadow>
                <property name="size" type="vec2" value="960.000000,432.000000" />
              </shape>
              <shape id="10250012" label="New Project 108 [F38A983].png Copy 5" startTime="0" endTime="2015" fillType="media" fillImage="content://media/external/images/media/1000054406" mediaFillMode="fill" s=".rect">
                <transform>
                  <location value="960.000000,432.000000,-802.984863" />
                  <scale value="0.158854,0.158854" />
                </transform>
                <shadow direction="outside">
                  <size value="79.000000" />
                  <offset value="0.000000,0.000000" />
                </shadow>
                <property name="size" type="vec2" value="960.000000,432.000000" />
              </shape>
            </scene>
          </embedScene>
          <embedScene id="10250018" label="Group 1 Copy 3" startTime="0" endTime="2015" fillType="intrinsic" mediaFillMode="fill">
            <transform>
              <location value="932.293579,4314.206543,0.000000" />
              <pivot value="0.000000,-0.711426" />
              <scale value="1.254860,1.254860" />
            </transform>
            <fillColor value="#ff000000" />
            <scene title="" width="1920" height="864" exportWidth="1920" exportHeight="864" precompose="dynamicResolution" bgcolor="#00000000" totalTime="2015" fps="60" modifiedTime="0" amver="1002351" ffver="106" am="com.alightcreative.motion/5.0.270.1002578" amplatform="android" retime="off" retimeAdaptFPS="false">
              <shape id="10250007" label="New Project 108 [F38A983].png Copy" startTime="0" endTime="2015" fillType="media" fillImage="content://media/external/images/media/1000054406" mediaFillMode="fill" s=".rect">
                <transform>
                  <location value="960.000000,568.378662,-802.984863" />
                  <scale value="0.157813,0.157813" />
                </transform>
                <shadow direction="outside" enabled="false">
                  <size value="79.000000" />
                  <offset value="0.000000,0.000000" />
                </shadow>
                <property name="size" type="vec2" value="960.000000,432.000000" />
              </shape>
              <shape id="10250013" label="New Project 108 [F38A983].png Copy 6" startTime="0" endTime="2015" fillType="media" fillImage="content://media/external/images/media/1000054406" mediaFillMode="fill" s=".rect">
                <transform>
                  <location value="960.000000,295.098511,-802.984863" />
                  <scale value="0.159896,0.159896" />
                </transform>
                <shadow direction="outside" enabled="false">
                  <size value="79.000000" />
                  <offset value="0.000000,0.000000" />
                </shadow>
                <property name="size" type="vec2" value="960.000000,432.000000" />
              </shape>
              <shape id="10250012" label="New Project 108 [F38A983].png Copy 5" startTime="0" endTime="2015" fillType="media" fillImage="content://media/external/images/media/1000054406" mediaFillMode="fill" s=".rect">
                <transform>
                  <location value="960.000000,432.000000,-802.984863" />
                  <scale value="0.158854,0.158854" />
                </transform>
                <shadow direction="outside">
                  <size value="79.000000" />
                  <offset value="0.000000,0.000000" />
                </shadow>
                <property name="size" type="vec2" value="960.000000,432.000000" />
              </shape>
            </scene>
          </embedScene>
          <embedScene id="10250019" label="Group 1 Copy 4" startTime="0" endTime="2015" fillType="intrinsic" mediaFillMode="fill">
            <transform>
              <location value="928.969910,2299.137939,0.000000" />
              <pivot value="0.000000,-0.711426" />
              <scale value="1.276459,1.276459" />
            </transform>
            <fillColor value="#ff000000" />
            <scene title="" width="1920" height="864" exportWidth="1920" exportHeight="864" precompose="dynamicResolution" bgcolor="#00000000" totalTime="2015" fps="60" modifiedTime="0" amver="1002351" ffver="106" am="com.alightcreative.motion/5.0.270.1002578" amplatform="android" retime="off" retimeAdaptFPS="false">
              <shape id="10250007" label="New Project 108 [F38A983].png Copy" startTime="0" endTime="2015" fillType="media" fillImage="content://media/external/images/media/1000054406" mediaFillMode="fill" s=".rect">
                <transform>
                  <location value="960.000000,568.378662,-802.984863" />
                  <scale value="0.157813,0.157813" />
                </transform>
                <shadow direction="outside" enabled="false">
                  <size value="79.000000" />
                  <offset value="0.000000,0.000000" />
                </shadow>
                <property name="size" type="vec2" value="960.000000,432.000000" />
              </shape>
              <shape id="10250013" label="New Project 108 [F38A983].png Copy 6" startTime="0" endTime="2015" fillType="media" fillImage="content://media/external/images/media/1000054406" mediaFillMode="fill" s=".rect">
                <transform>
                  <location value="960.000000,295.098511,-802.984863" />
                  <scale value="0.159896,0.159896" />
                </transform>
                <shadow direction="outside" enabled="false">
                  <size value="79.000000" />
                  <offset value="0.000000,0.000000" />
                </shadow>
                <property name="size" type="vec2" value="960.000000,432.000000" />
              </shape>
              <shape id="10250012" label="New Project 108 [F38A983].png Copy 5" startTime="0" endTime="2015" fillType="media" fillImage="content://media/external/images/media/1000054406" mediaFillMode="fill" s=".rect">
                <transform>
                  <location value="960.000000,432.000000,-802.984863" />
                  <scale value="0.158854,0.158854" />
                </transform>
                <shadow direction="outside">
                  <size value="79.000000" />
                  <offset value="0.000000,0.000000" />
                </shadow>
                <property name="size" type="vec2" value="960.000000,432.000000" />
              </shape>
            </scene>
          </embedScene>
        </scene>
      </embedScene>
    </scene>
  </embedScene>
  <shape id="10250031" label="Rectangle 1" startTime="0" endTime="2015" fillType="color" blending="overlay" mediaFillMode="fill" s=".rect">
    <transform>
      <location value="960.000000,432.000000,-750.000000" />
      <rotation>
        <kf t="0.003970" v="0.000000" />
        <kf t="0.996526" v="360.000000" e="cubicBezier 0.0 0.0 1.0 1.0" />
      </rotation>
    </transform>
    <effect id="com.alightcreative.effects.gaussianblur" locallyApplied="true">
      <property name="strength" type="float" value="1.070000" />
    </effect>
    <property name="size" type="vec2" value="1640.000000,100.000000" />
  </shape>
  <embedScene id="10250022" label="Group 1 Copy" startTime="0" endTime="2015" fillType="intrinsic" outTime="2015" mediaFillMode="fill">
    <transform>
      <location value="980.936279,480.093079,-800.000000" />
      <pivot value="0.000000,1.737427" />
      <scale value="0.684028,0.684028" />
    </transform>
    <fillColor value="#ff000000" />
    <scene title="" width="1920" height="864" exportWidth="1920" exportHeight="864" precompose="dynamicResolution" bgcolor="#00000000" totalTime="2015" fps="60" modifiedTime="0" amver="1002351" ffver="106" am="com.alightcreative.motion/5.0.270.1002578" amplatform="android" retime="off" retimeAdaptFPS="false">
      <bookmark t="1008" />
      <embedScene id="10250021" label="Group 2" startTime="0" endTime="2015" fillType="intrinsic" outTime="2015" mediaFillMode="fill">
        <transform>
          <location>
            <kf t="0.000000" v="960.000000,1024.824707,0.000000" />
            <kf t="1.000000" v="960.000000,1024.824707,0.000000" e="cubicBezier 0.0 0.0 0.0 1.0" />
            <kf t="0.500248" v="960.000000,-668.625122,0.000000" e="cubicBezier 0.0 0.0 0.0 1.0" />
          </location>
          <pivot value="-31.030029,0.000000" />
        </transform>
        <fillColor value="#ff000000" />
        <scene title="" width="1920" height="4567" exportWidth="1920" exportHeight="4567" precompose="dynamicResolution" bgcolor="#00000000" totalTime="2015" fps="60" modifiedTime="0" amver="1002351" ffver="106" am="com.alightcreative.motion/5.0.270.1002578" amplatform="android" retime="off" retimeAdaptFPS="false">
          <embedScene id="10250015" label="Group 1" startTime="0" endTime="2015" fillType="intrinsic" mediaFillMode="fill">
            <transform>
              <location value="928.969910,1289.492188,0.000000" />
              <pivot value="0.000000,-0.711426" />
              <scale value="1.290750,1.290750" />
            </transform>
            <fillColor value="#ff000000" />
            <scene title="" width="1920" height="864" exportWidth="1920" exportHeight="864" precompose="dynamicResolution" bgcolor="#00000000" totalTime="2015" fps="60" modifiedTime="0" amver="1002351" ffver="106" am="com.alightcreative.motion/5.0.270.1002578" amplatform="android" retime="off" retimeAdaptFPS="false">
              <shape id="10250007" label="New Project 108 [F38A983].png Copy" startTime="0" endTime="2015" fillType="media" fillImage="content://media/external/images/media/1000054406" mediaFillMode="fill" s=".rect">
                <transform>
                  <location value="960.000000,568.378662,-802.984863" />
                  <scale value="0.157813,0.157813" />
                </transform>
                <shadow direction="outside" enabled="false">
                  <size value="79.000000" />
                  <offset value="0.000000,0.000000" />
                </shadow>
                <property name="size" type="vec2" value="960.000000,432.000000" />
              </shape>
              <shape id="10250013" label="New Project 108 [F38A983].png Copy 6" startTime="0" endTime="2015" fillType="media" fillImage="content://media/external/images/media/1000054406" mediaFillMode="fill" s=".rect">
                <transform>
                  <location value="960.000000,295.098511,-802.984863" />
                  <scale value="0.159896,0.159896" />
                </transform>
                <shadow direction="outside" enabled="false">
                  <size value="79.000000" />
                  <offset value="0.000000,0.000000" />
                </shadow>
                <property name="size" type="vec2" value="960.000000,432.000000" />
              </shape>
              <shape id="10250012" label="New Project 108 [F38A983].png Copy 5" startTime="0" endTime="2015" fillType="media" fillImage="content://media/external/images/media/1000054406" mediaFillMode="fill" s=".rect">
                <transform>
                  <location value="960.000000,432.000000,-802.984863" />
                  <scale value="0.158854,0.158854" />
                </transform>
                <shadow direction="outside">
                  <size value="79.000000" />
                  <offset value="0.000000,0.000000" />
                </shadow>
                <property name="size" type="vec2" value="960.000000,432.000000" />
              </shape>
            </scene>
          </embedScene>
          <embedScene id="10250016" label="Group 1 Copy" startTime="0" endTime="2015" fillType="intrinsic" mediaFillMode="fill">
            <transform>
              <location value="928.969910,3308.786133,0.000000" />
              <pivot value="0.000000,-0.711426" />
              <scale value="1.265660,1.265660" />
            </transform>
            <fillColor value="#ff000000" />
            <scene title="" width="1920" height="864" exportWidth="1920" exportHeight="864" precompose="dynamicResolution" bgcolor="#00000000" totalTime="2015" fps="60" modifiedTime="0" amver="1002351" ffver="106" am="com.alightcreative.motion/5.0.270.1002578" amplatform="android" retime="off" retimeAdaptFPS="false">
              <shape id="10250007" label="New Project 108 [F38A983].png Copy" startTime="0" endTime="2015" fillType="media" fillImage="content://media/external/images/media/1000054406" mediaFillMode="fill" s=".rect">
                <transform>
                  <location value="960.000000,568.378662,-802.984863" />
                  <scale value="0.157813,0.157813" />
                </transform>
                <shadow direction="outside" enabled="false">
                  <size value="79.000000" />
                  <offset value="0.000000,0.000000" />
                </shadow>
                <property name="size" type="vec2" value="960.000000,432.000000" />
              </shape>
              <shape id="10250013" label="New Project 108 [F38A983].png Copy 6" startTime="0" endTime="2015" fillType="media" fillImage="content://media/external/images/media/1000054406" mediaFillMode="fill" s=".rect">
                <transform>
                  <location value="960.000000,295.098511,-802.984863" />
                  <scale value="0.159896,0.159896" />
                </transform>
                <shadow direction="outside" enabled="false">
                  <size value="79.000000" />
                  <offset value="0.000000,0.000000" />
                </shadow>
                <property name="size" type="vec2" value="960.000000,432.000000" />
              </shape>
              <shape id="10250012" label="New Project 108 [F38A983].png Copy 5" startTime="0" endTime="2015" fillType="media" fillImage="content://media/external/images/media/1000054406" mediaFillMode="fill" s=".rect">
                <transform>
                  <location value="960.000000,432.000000,-802.984863" />
                  <scale value="0.158854,0.158854" />
                </transform>
                <shadow direction="outside">
                  <size value="79.000000" />
                  <offset value="0.000000,0.000000" />
                </shadow>
                <property name="size" type="vec2" value="960.000000,432.000000" />
              </shape>
            </scene>
          </embedScene>
          <embedScene id="10250017" label="Group 1 Copy 2" startTime="0" endTime="2015" fillType="intrinsic" mediaFillMode="fill">
            <transform>
              <location value="928.969910,276.114990,0.000000" />
              <pivot value="0.000000,-0.711426" />
              <scale value="1.311016,1.311016" />
            </transform>
            <fillColor value="#ff000000" />
            <scene title="" width="1920" height="864" exportWidth="1920" exportHeight="864" precompose="dynamicResolution" bgcolor="#00000000" totalTime="2015" fps="60" modifiedTime="0" amver="1002351" ffver="106" am="com.alightcreative.motion/5.0.270.1002578" amplatform="android" retime="off" retimeAdaptFPS="false">
              <shape id="10250007" label="New Project 108 [F38A983].png Copy" startTime="0" endTime="2015" fillType="media" fillImage="content://media/external/images/media/1000054406" mediaFillMode="fill" s=".rect">
                <transform>
                  <location value="960.000000,568.378662,-802.984863" />
                  <scale value="0.157813,0.157813" />
                </transform>
                <shadow direction="outside" enabled="false">
                  <size value="79.000000" />
                  <offset value="0.000000,0.000000" />
                </shadow>
                <property name="size" type="vec2" value="960.000000,432.000000" />
              </shape>
              <shape id="10250013" label="New Project 108 [F38A983].png Copy 6" startTime="0" endTime="2015" fillType="media" fillImage="content://media/external/images/media/1000054406" mediaFillMode="fill" s=".rect">
                <transform>
                  <location value="960.000000,295.098511,-802.984863" />
                  <scale value="0.159896,0.159896" />
                </transform>
                <shadow direction="outside" enabled="false">
                  <size value="79.000000" />
                  <offset value="0.000000,0.000000" />
                </shadow>
                <property name="size" type="vec2" value="960.000000,432.000000" />
              </shape>
              <shape id="10250012" label="New Project 108 [F38A983].png Copy 5" startTime="0" endTime="2015" fillType="media" fillImage="content://media/external/images/media/1000054406" mediaFillMode="fill" s=".rect">
                <transform>
                  <location value="960.000000,432.000000,-802.984863" />
                  <scale value="0.158854,0.158854" />
                </transform>
                <shadow direction="outside">
                  <size value="79.000000" />
                  <offset value="0.000000,0.000000" />
                </shadow>
                <property name="size" type="vec2" value="960.000000,432.000000" />
              </shape>
            </scene>
          </embedScene>
          <embedScene id="10250018" label="Group 1 Copy 3" startTime="0" endTime="2015" fillType="intrinsic" mediaFillMode="fill">
            <transform>
              <location value="932.293579,4314.206543,0.000000" />
              <pivot value="0.000000,-0.711426" />
              <scale value="1.254860,1.254860" />
            </transform>
            <fillColor value="#ff000000" />
            <scene title="" width="1920" height="864" exportWidth="1920" exportHeight="864" precompose="dynamicResolution" bgcolor="#00000000" totalTime="2015" fps="60" modifiedTime="0" amver="1002351" ffver="106" am="com.alightcreative.motion/5.0.270.1002578" amplatform="android" retime="off" retimeAdaptFPS="false">
              <shape id="10250007" label="New Project 108 [F38A983].png Copy" startTime="0" endTime="2015" fillType="media" fillImage="content://media/external/images/media/1000054406" mediaFillMode="fill" s=".rect">
                <transform>
                  <location value="960.000000,568.378662,-802.984863" />
                  <scale value="0.157813,0.157813" />
                </transform>
                <shadow direction="outside" enabled="false">
                  <size value="79.000000" />
                  <offset value="0.000000,0.000000" />
                </shadow>
                <property name="size" type="vec2" value="960.000000,432.000000" />
              </shape>
              <shape id="10250013" label="New Project 108 [F38A983].png Copy 6" startTime="0" endTime="2015" fillType="media" fillImage="content://media/external/images/media/1000054406" mediaFillMode="fill" s=".rect">
                <transform>
                  <location value="960.000000,295.098511,-802.984863" />
                  <scale value="0.159896,0.159896" />
                </transform>
                <shadow direction="outside" enabled="false">
                  <size value="79.000000" />
                  <offset value="0.000000,0.000000" />
                </shadow>
                <property name="size" type="vec2" value="960.000000,432.000000" />
              </shape>
              <shape id="10250012" label="New Project 108 [F38A983].png Copy 5" startTime="0" endTime="2015" fillType="media" fillImage="content://media/external/images/media/1000054406" mediaFillMode="fill" s=".rect">
                <transform>
                  <location value="960.000000,432.000000,-802.984863" />
                  <scale value="0.158854,0.158854" />
                </transform>
                <shadow direction="outside">
                  <size value="79.000000" />
                  <offset value="0.000000,0.000000" />
                </shadow>
                <property name="size" type="vec2" value="960.000000,432.000000" />
              </shape>
            </scene>
          </embedScene>
          <embedScene id="10250019" label="Group 1 Copy 4" startTime="0" endTime="2015" fillType="intrinsic" mediaFillMode="fill">
            <transform>
              <location value="928.969910,2299.137939,0.000000" />
              <pivot value="0.000000,-0.711426" />
              <scale value="1.276459,1.276459" />
            </transform>
            <fillColor value="#ff000000" />
            <scene title="" width="1920" height="864" exportWidth="1920" exportHeight="864" precompose="dynamicResolution" bgcolor="#00000000" totalTime="2015" fps="60" modifiedTime="0" amver="1002351" ffver="106" am="com.alightcreative.motion/5.0.270.1002578" amplatform="android" retime="off" retimeAdaptFPS="false">
              <shape id="10250007" label="New Project 108 [F38A983].png Copy" startTime="0" endTime="2015" fillType="media" fillImage="content://media/external/images/media/1000054406" mediaFillMode="fill" s=".rect">
                <transform>
                  <location value="960.000000,568.378662,-802.984863" />
                  <scale value="0.157813,0.157813" />
                </transform>
                <shadow direction="outside" enabled="false">
                  <size value="79.000000" />
                  <offset value="0.000000,0.000000" />
                </shadow>
                <property name="size" type="vec2" value="960.000000,432.000000" />
              </shape>
              <shape id="10250013" label="New Project 108 [F38A983].png Copy 6" startTime="0" endTime="2015" fillType="media" fillImage="content://media/external/images/media/1000054406" mediaFillMode="fill" s=".rect">
                <transform>
                  <location value="960.000000,295.098511,-802.984863" />
                  <scale value="0.159896,0.159896" />
                </transform>
                <shadow direction="outside" enabled="false">
                  <size value="79.000000" />
                  <offset value="0.000000,0.000000" />
                </shadow>
                <property name="size" type="vec2" value="960.000000,432.000000" />
              </shape>
              <shape id="10250012" label="New Project 108 [F38A983].png Copy 5" startTime="0" endTime="2015" fillType="media" fillImage="content://media/external/images/media/1000054406" mediaFillMode="fill" s=".rect">
                <transform>
                  <location value="960.000000,432.000000,-802.984863" />
                  <scale value="0.158854,0.158854" />
                </transform>
                <shadow direction="outside">
                  <size value="79.000000" />
                  <offset value="0.000000,0.000000" />
                </shadow>
                <property name="size" type="vec2" value="960.000000,432.000000" />
              </shape>
            </scene>
          </embedScene>
        </scene>
      </embedScene>
    </scene>
  </embedScene>
</scene>