<?xml version='1.0' encoding='UTF-8' ?><!--
Created by Alight Motion (http://alightmotion.com)
Exported: 2025-08-27 08:29 PM
5.0.270.1002578 (1002351)
6dff462 (Apr 11, 2024 5:47:55 PM)
-->
<scene title="Transation xml &#128293;" width="1920" height="1080" exportWidth="1920" exportHeight="1080" precompose="dynamicResolution" bgcolor="#ff000000" totalTime="2982" fps="60" modifiedTime="1756308571637" amver="1002351" ffver="106" am="com.alightcreative.motion/5.0.270.1002578" amplatform="android" retime="freeze" retimeAdaptFPS="false">
  <media uri="content://media/external/images/media/21110" filename="Screenshot_20250823-203645-removebg-preview.png" title="Screenshot_20250823-203645-removebg-preview.png" type="image/png" size="54066" orientation="0" infoUpdated="1756223276055" width="720" height="328" />
  <media uri="content://media/external/images/media/17546" filename="IMG-20250713-WA0067.jpg" title="IMG-20250713-WA0067.jpg" type="image/jpeg" size="86185" orientation="0" infoUpdated="1756222887731" width="1280" height="720" />
  <embedScene id="10719608" label="Group 1" startTime="0" endTime="2982" fillType="intrinsic" outTime="2982" mediaFillMode="fill">
    <transform>
      <location value="960.000000,540.000000,0.000000" />
      <scale>
        <kf t="0.310194" v="1.000000,1.000000" />
        <kf t="1.006036" v="2.412500,2.412500" e="cubicBezier 0.0 0.0 0.19489214 1.0" />
      </scale>
    </transform>
    <fillColor value="#ff000000" />
    <effect id="com.alightcreative.effects.repeat" locallyApplied="true">
      <property name="count" type="float" value="10.000000" />
      <property name="time" type="float" value="0.000000" />
      <property name="angle" type="float">
        <kf t="0.310194" v="0.000000" />
        <kf t="1.000000" v="-7.500000" e="cubicBezier 0.0 0.0 0.019882739 1.0" />
      </property>
      <property name="scale" type="float" value="0.890000" />
      <property name="alpha" type="float" value="1.000000" />
    </effect>
    <scene title="" width="1920" height="1080" exportWidth="1920" exportHeight="1080" precompose="dynamicResolution" bgcolor="#00000000" totalTime="3000" fps="60" modifiedTime="0" amver="1002351" ffver="106" am="com.alightcreative.motion/5.0.270.1002578" amplatform="android" retime="off" retimeAdaptFPS="false">
      <shape id="10719605" label="IMG-20250713-WA0067.jpg" startTime="0" endTime="3000" fillType="media" fillImage="content://media/external/images/media/17546" mediaFillMode="fill" s=".rect">
        <transform>
          <location value="960.000000,540.000000,0.000000" />
          <scale>
            <kf t="0.002667" v="1.000000,1.000000" />
            <kf t="0.658333" v="0.404167,0.404167" e="cubicBezier 0.0 0.36412376 0.0 1.0" />
          </scale>
          <rotation>
            <kf t="0.002667" v="0.000000" />
            <kf t="0.652667" v="-5.000000" e="cubicBezier 0.43594742 0.0 0.20036125 0.9791929" />
          </rotation>
        </transform>
        <path-stroke direction="centered" end-size="1.500000">
          <color value="#ffffffff" />
        </path-stroke>
        <property name="size" type="vec2" value="960.000000,540.000000" />
      </shape>
      <shape id="10719607" label="IMG-20250713-WA0067.jpg Copy 2" startTime="0" endTime="3000" fillType="media" fillImage="content://media/external/images/media/17546" mediaFillMode="fill" s=".rect">
        <transform>
          <location value="960.000000,540.000000,0.000000" />
          <scale>
            <kf t="0.002667" v="1.000000,1.000000" />
            <kf t="0.658333" v="0.404167,0.404167" e="cubicBezier 0.0 0.36412376 0.0 1.0" />
          </scale>
          <rotation>
            <kf t="0.002667" v="0.000000" />
            <kf t="0.652667" v="5.487805" e="cubicBezier 0.52145875 0.0 0.06636965 1.0" />
          </rotation>
        </transform>
        <path-stroke direction="centered" end-size="1.500000">
          <color value="#ffffffff" />
        </path-stroke>
        <property name="size" type="vec2" value="960.000000,540.000000" />
      </shape>
      <shape id="10719606" label="IMG-20250713-WA0067.jpg Copy" startTime="0" endTime="3000" fillType="media" fillImage="content://media/external/images/media/17546" mediaFillMode="fill" s=".rect">
        <transform>
          <location value="960.000000,540.000000,0.000000" />
          <scale>
            <kf t="0.002667" v="1.000000,1.000000" />
            <kf t="0.658333" v="0.404167,0.404167" e="cubicBezier 0.0 0.36412376 0.0 1.0" />
          </scale>
        </transform>
        <path-stroke direction="centered" end-size="1.500000">
          <color value="#ffffffff" />
        </path-stroke>
        <property name="size" type="vec2" value="960.000000,540.000000" />
      </shape>
    </scene>
  </embedScene>
  <embedScene id="10719609" label="Group 1 Copy" startTime="0" endTime="2982" fillType="intrinsic" outTime="2982" mediaFillMode="fill">
    <transform>
      <location value="960.000000,540.000000,0.000000" />
    </transform>
    <fillColor value="#ff000000" />
    <scene title="" width="1920" height="1080" exportWidth="1920" exportHeight="1080" precompose="dynamicResolution" bgcolor="#00000000" totalTime="3000" fps="60" modifiedTime="0" amver="1002351" ffver="106" am="com.alightcreative.motion/5.0.270.1002578" amplatform="android" retime="off" retimeAdaptFPS="false">
      <shape id="10719605" label="IMG-20250713-WA0067.jpg" startTime="0" endTime="3000" fillType="media" fillImage="content://media/external/images/media/17546" mediaFillMode="fill" s=".rect">
        <transform>
          <location value="960.000000,540.000000,0.000000" />
          <scale>
            <kf t="0.002667" v="1.000000,1.000000" />
            <kf t="0.658333" v="0.404167,0.404167" e="cubicBezier 0.0 0.36412376 0.0 1.0" />
          </scale>
          <rotation>
            <kf t="0.002667" v="0.000000" />
            <kf t="0.652667" v="-5.000000" e="cubicBezier 0.43594742 0.0 0.20036125 0.9791929" />
          </rotation>
        </transform>
        <path-stroke direction="centered" end-size="1.500000">
          <color value="#ffffffff" />
        </path-stroke>
        <property name="size" type="vec2" value="960.000000,540.000000" />
      </shape>
      <shape id="10719607" label="IMG-20250713-WA0067.jpg Copy 2" startTime="0" endTime="3000" fillType="media" fillImage="content://media/external/images/media/17546" mediaFillMode="fill" s=".rect">
        <transform>
          <location value="960.000000,540.000000,0.000000" />
          <scale>
            <kf t="0.002667" v="1.000000,1.000000" />
            <kf t="0.658333" v="0.404167,0.404167" e="cubicBezier 0.0 0.36412376 0.0 1.0" />
          </scale>
          <rotation>
            <kf t="0.002667" v="0.000000" />
            <kf t="0.652667" v="5.487805" e="cubicBezier 0.52145875 0.0 0.06636965 1.0" />
          </rotation>
        </transform>
        <path-stroke direction="centered" end-size="1.500000">
          <color value="#ffffffff" />
        </path-stroke>
        <property name="size" type="vec2" value="960.000000,540.000000" />
      </shape>
      <shape id="10719606" label="IMG-20250713-WA0067.jpg Copy" startTime="0" endTime="3000" fillType="media" fillImage="content://media/external/images/media/17546" mediaFillMode="fill" s=".rect">
        <transform>
          <location value="960.000000,540.000000,0.000000" />
          <scale>
            <kf t="0.002667" v="1.000000,1.000000" />
            <kf t="0.658333" v="0.404167,0.404167" e="cubicBezier 0.0 0.36412376 0.0 1.0" />
          </scale>
        </transform>
        <path-stroke direction="centered" end-size="1.500000">
          <color value="#ffffffff" />
        </path-stroke>
        <property name="size" type="vec2" value="960.000000,540.000000" />
      </shape>
    </scene>
  </embedScene>
  <shape id="10719610" label="Screenshot_20250823-203645-removebg-preview.png" startTime="1550" endTime="2982" fillType="media" fillImage="content://media/external/images/media/21110" mediaFillMode="fill" s=".rect">
    <transform>
      <location>
        <kf t="0.785614" v="960.000000,540.000000,0.000000" e="cubicBezier 0.0 0.5305816 0.0 1.0" />
        <kf t="0.000000" v="960.000000,-368.356689,0.000000" />
      </location>
    </transform>
    <property name="size" type="vec2" value="960.000000,437.000000" />
  </shape>
</scene>