<?xml version='1.0' encoding='UTF-8' ?><!--
Created by Alight Motion (http://alightmotion.com)
Exported: 2025-06-19 09:05 AM
5.0.270.1002578 (1002351)
6dff462 (Apr 11, 2024 5:47:55 PM)
-->
<scene title="TRANSITION BY VIRUS 89 " width="2560" height="1440" exportWidth="2560" exportHeight="1440" precompose="dynamicResolution" bgcolor="#ff000000" totalTime="2915" fps="60" modifiedTime="1750305956844" amver="1002351" ffver="106" am="com.alightcreative.motioo/5.0.270.1002578" amplatform="android" retime="freeze" retimeAdaptFPS="false">
  <media uri="content://media/external/video/media/1000049478" filename="glowing-pillars.1920x1080.mp4" title="glowing-pillars.1920x1080.mp4" type="video/mp4" duration="20500000" size="6592046" fps="0.60" orientation="0" infoUpdated="1750088972423" width="1920" height="1080" />
  <media uri="content://media/external/images/media/1000041453" filename="entrance-hell-with-burning-fiery-ring-with-gate-hell_124507-96099.jpg" title="entrance-hell-with-burning-fiery-ring-with-gate-hell_124507-96099.jpg" type="image/jpeg" size="59047" orientation="0" infoUpdated="1750088972423" width="626" height="626" />
  <media uri="content://media/external/images/media/1000049735" filename="2025061620384975.png" title="2025061620384975.png" type="image/png" size="407487" orientation="0" infoUpdated="1750088972423" width="576" height="789" />
  <media uri="content://media/external/images/media/1000040443" filename="2025060820291529.png" title="2025060820291529.png" type="image/png" size="417921" orientation="0" infoUpdated="1750088972423" width="470" height="1080" />
  <media uri="content://media/external/images/media/1000049732" filename="Screenshot_20250616-203613.jpg" title="Screenshot_20250616-203613.jpg" type="image/jpeg" size="1435534" orientation="0" infoUpdated="1750088972423" width="2460" height="1080" />
  <bookmark t="475" />
  <bookmark t="808" />
  <bookmark t="825" />
  <shape id="10258469" label="glowing-pillars.1920x1080.mp4" startTime="0" endTime="815" fillType="media" fillVideo="content://media/external/video/media/1000049478" outTime="815" mediaFillMode="fill" s=".rect">
    <transform>
      <location value="1280.000000,720.000000,0.000000" />
    </transform>
    <property name="size" type="vec2" value="1280.000000,720.000000" />
  </shape>
  <embedScene id="10258472" label="Group 2 Copy" startTime="0" endTime="815" fillType="intrinsic" outTime="815" mediaFillMode="fill">
    <transform>
      <location value="1287.311523,737.230957,0.000000" />
      <scale value="1.784108,1.784108" />
    </transform>
    <fillColor value="#ff000000" />
    <effect id="com.alightcreative.effects.offset" locallyApplied="true">
      <property name="offset" type="vec2">
        <kf t="0.000000" v="0.000000,0.000000" />
        <kf t="1.000000" v="5000.000000,0.000000" />
      </property>
      <property name="feather" type="float" value="0.000000" />
      <property name="mask" type="bool" value="false" />
    </effect>
    <effect id="com.alightcreative.effects.hueshift" hidden="true" locallyApplied="true">
      <property name="hue" type="float" value="420.500000" />
    </effect>
    <border direction="inside" id="1">
      <size value="12.000000" />
    </border>
    <scene title="" width="2020" height="1080" exportWidth="2020" exportHeight="1080" precompose="dynamicResolution" bgcolor="#00000000" totalTime="815" fps="60" modifiedTime="0" amver="1002351" ffver="106" am="com.alightcreative.motioo/5.0.270.1002578" amplatform="android" retime="off" retimeAdaptFPS="false">
      <shape id="10258321" label="2025060820291529.png" hidden="true" startTime="0" endTime="815" fillType="media" fillImage="content://media/external/images/media/1000040443" mediaFillMode="fill" s=".rect">
        <transform>
          <location value="1042.614380,525.257996,0.000000" />
          <scale value="0.747339,0.747339" />
        </transform>
        <property name="size" type="vec2" value="235.000000,540.000000" />
      </shape>
      <shape id="10258322" label="2025060820291529.png Copy" hidden="true" startTime="0" endTime="815" fillType="media" fillImage="content://media/external/images/media/1000040443" mediaFillMode="fill" s=".rect">
        <transform>
          <location value="568.308289,525.257996,0.000000" />
          <scale value="0.747339,0.747339" />
        </transform>
        <property name="size" type="vec2" value="235.000000,540.000000" />
      </shape>
      <shape id="10258323" label="2025060820291529.png Copy 2" hidden="true" startTime="0" endTime="815" fillType="media" fillImage="content://media/external/images/media/1000040443" mediaFillMode="fill" s=".rect">
        <transform>
          <location value="1518.412964,525.257996,0.000000" />
          <scale value="0.747339,0.747339" />
        </transform>
        <property name="size" type="vec2" value="235.000000,540.000000" />
      </shape>
      <shape id="10258473" label="Screenshot_20250616-203613.jpg" startTime="0" endTime="815" fillType="media" fillImage="content://media/external/images/media/1000049732" mediaFillMode="fill" s=".rect">
        <transform>
          <location value="1010.000000,525.257996,0.000000" />
          <scale value="0.280708,0.280708" />
        </transform>
        <property name="size" type="vec2" value="1022.413452,561.500000" />
      </shape>
      <shape id="10258475" label="Screenshot_20250616-203613.jpg Copy" startTime="0" endTime="815" fillType="media" fillImage="content://media/external/images/media/1000049732" mediaFillMode="fill" s=".rect">
        <transform>
          <location value="354.812500,525.257996,0.000000" />
          <scale value="0.280708,0.280708" />
        </transform>
        <property name="size" type="vec2" value="1022.413452,561.500000" />
      </shape>
      <shape id="10258476" label="Screenshot_20250616-203613.jpg Copy 2" startTime="0" endTime="815" fillType="media" fillImage="content://media/external/images/media/1000049732" mediaFillMode="fill" s=".rect">
        <transform>
          <location value="1652.676514,525.257996,0.000000" />
          <scale value="0.280708,0.280708" />
        </transform>
        <property name="size" type="vec2" value="1022.413452,561.500000" />
      </shape>
    </scene>
  </embedScene>
  <shape id="10258480" label="entrance-hell-with-burning-fiery-ring-with-gate-hell_124507-96099.jpg" startTime="816" endTime="2915" fillType="media" fillImage="content://media/external/images/media/1000041453" mediaFillMode="fill" s=".rect">
    <transform>
      <location value="1280.000000,256.500000,0.000000" />
      <scale value="1.777778,1.777778" />
    </transform>
    <property name="size" type="vec2" value="720.000000,720.000000" />
  </shape>
  <shape id="10258482" label="2025061620384975.png Copy 2" startTime="466" endTime="2915" fillType="media" fillImage="content://media/external/images/media/1000049735" mediaFillMode="fill" s=".rect">
    <transform>
      <location>
        <kf t="0.139649" v="1280.000000,887.117676,0.000000" e="cubicBezier 0.0 0.0 0.58 1.0" />
        <kf t="0.003675" v="1280.000000,-379.444824,0.000000" />
      </location>
      <scale value="0.758367,0.758367" />
      <rotation value="90.000000" />
    </transform>
    <property name="size" type="vec2" value="525.500000,720.000000" />
  </shape>
  <shape id="10258485" label="Rectangle 1" startTime="466" endTime="1444" fillType="color" speed="1.600000" mediaFillMode="fill" s=".rect">
    <transform>
      <location value="1280.000000,721.895752,0.000000" />
      <scale value="8.421052,8.421051" />
    </transform>
    <fillColor value="#ff5f96d7" />
    <effect id="com.alightcreative.effects.lift" locallyApplied="true">
      <property name="fill" type="float" value="0.000000" />
    </effect>
    <effect id="com.alightcreative.effects.tile" locallyApplied="true">
      <property name="scale" type="float" value="1.000000" />
      <property name="phase" type="float" value="0.000000" />
      <property name="mirror" type="bool" value="true" />
      <property name="vertoffs" type="bool" value="false" />
      <property name="angle" type="float" value="0.000000" />
    </effect>
    <effect id="com.alightcreative.effects.motionblur4" locallyApplied="true">
      <property name="tune" type="float" value="4.000000" />
      <property name="usePos" type="bool" value="true" />
      <property name="useScale" type="bool" value="true" />
      <property name="useAngle" type="bool" value="true" />
    </effect>
    <effect id="com.alightcreative.effects.shake2" locallyApplied="true">
      <property name="mag" type="float">
        <kf t="0.000000" v="17.000000" />
        <kf t="0.983640" v="17.000000" />
        <kf t="0.356851" v="230.000000" />
      </property>
      <property name="freq" type="float">
        <kf t="0.000000" v="0.490000" />
        <kf t="0.983640" v="0.490000" />
        <kf t="0.356851" v="6.230000" />
      </property>
      <property name="evolution" type="float">
        <kf t="0.983640" v="0.330000" />
        <kf t="0.000000" v="0.000000" />
        <kf t="0.356851" v="2.830000" />
      </property>
      <property name="seed" type="float" value="0.120000" />
      <property name="angle" type="float" value="90.000000" />
      <property name="slack" type="float" value="0.000000" />
      <property name="zshake" type="float" value="0.000000" />
    </effect>
    <effect id="com.alightcreative.spectralmap" locallyApplied="true">
      <property name="phase" type="float" value="0.000000" />
      <property name="repeat" type="float" value="1.000000" />
      <property name="alpha" type="float">
        <kf t="0.356851" v="1.000000" e="cubicBezier 0.0 0.0 1.0 0.0" />
        <kf t="0.005112" v="0.000000" />
        <kf t="0.984663" v="0.000000" e="cubicBezier 0.0 0.41783085 0.3949957 1.0" />
      </property>
      <property name="squeeze" type="float" value="0.000000" />
      <property name="saturation" type="float" value="-0.065000" />
      <property name="redColor" type="color" value="#ffff0000" />
      <property name="greenColor" type="color" value="#ffff4444" />
      <property name="blueColor" type="color" value="#ffff4444" />
      <property name="reverse" type="bool" value="false" />
      <property name="scaleBrightness" type="bool" value="true" />
    </effect>
    <property name="size" type="vec2" value="152.000000,99.000000" />
  </shape>
</scene>