<?xml version='1.0' encoding='UTF-8' ?><!--
Created by Alight Motion (http://alightmotion.com)
Exported: 2025-08-18 11:42 PM
5.0.196.1000570 (1000516)
0418fc7 (29-Sept-2023 3:31:49 pm)
-->
<scene title="Trending PC like transition By zjr &#128293;" width="1920" height="1080" exportWidth="1920" exportHeight="1080" precompose="dynamicResolution" bgcolor="#ff000000" totalTime="2115" fps="60" modifiedTime="1755542562826" amver="1000516" ffver="106" am="com.alightcreative.motion/5.0.196.1000570" amplatform="android" retime="freeze" retimeAdaptFPS="false">
  <bookmark t="1008" />
  <bookmark t="641" />
  <bookmark t="1658" />
  <shape id="10221382" label="VID-20240127-WA0016.mp4" startTime="0" endTime="2115" fillType="media" fillVideo="content://media/external/video/media/1000227104" outTime="2115" mediaFillMode="fill" s=".rect">
    <transform>
      <location value="960.000000,540.000000,0.000000" />
      <scale value="1.250000,1.250000" />
    </transform>
    <property name="size" type="vec2" value="960.000000,432.000000" />
  </shape>
  <embedScene id="10221373" label="Group and Mask 1" startTime="0" endTime="1016" fillType="intrinsic" mediaFillMode="fill">
    <transform>
      <location>
        <kf t="0.630906" v="541.423706,384.500000,0.000000" e="cubicBezier 0.0 0.0 0.0 1.0" />
        <kf t="0.007874" v="912.923706,512.000000,0.000000" />
        <kf t="1.000000" v="541.423706,523.000000,0.000000" e="cubicBezier 1.0 0.0 1.0 1.0" />
      </location>
      <scale value="1.109375,1.109375" />
      <rotation>
        <kf t="0.630906" v="9.878049" e="cubicBezier 0.0 0.0 0.0 1.0" />
        <kf t="0.000000" v="0.000000" />
        <kf t="1.000000" v="-10.975616" e="cubicBezier 1.0 0.0 1.0 1.0" />
      </rotation>
      <opacity value="0.769531" />
    </transform>
    <fillColor value="#ff000000" />
    <effect id="com.alightcreative.effects.flip3" locallyApplied="true">
      <property name="angle" type="float">
        <kf t="0.630906" v="-27.900000" e="cubicBezier 0.0 0.0 0.0 1.0" />
        <kf t="0.007874" v="0.000000" />
      </property>
      <property name="axis" type="float" value="151.000000" />
      <property name="crop" type="float" value="1.000000" />
      <property name="zdist" type="float" value="0.000000" />
      <property name="solid" type="bool" value="false" />
      <property name="solidColor" type="color" value="#ffdd4455" />
      <property name="thickness" type="float" value="1.000000" />
      <property name="enableLight" type="bool" value="false" />
      <property name="lightIntensity" type="float" value="1.000000" />
      <property name="lightColor" type="color" value="#ffffffff" />
      <property name="shine" type="float" value="0.800000" />
      <property name="spec" type="float" value="30.000000" />
      <property name="ambient" type="float" value="0.100000" />
      <property name="lightDir" type="vec2" value="75.000000,-75.000000" />
      <property name="lightDepth" type="float" value="-100.000000" />
    </effect>
    <border direction="inside" id="1" />
    <scene title="" width="1920" height="1080" exportWidth="1920" exportHeight="1080" precompose="dynamicResolution" bgcolor="#00000000" totalTime="1016" fps="60" modifiedTime="0" amver="1000516" ffver="106" am="com.alightcreative.motion/5.0.196.1000570" amplatform="android" retime="off" retimeAdaptFPS="false">
      <shape id="10221364" label="New Project [6BCB6AA].mp4" startTime="0" endTime="1016" fillType="media" fillVideo="content://media/external/video/media/1000228089" inTime="13933" outTime="14949" mediaFillMode="fill" s=".rect">
        <transform>
          <location value="960.000061,540.000000,0.000000" />
          <scale value="0.354687,0.354687" />
        </transform>
        <effect id="com.alightcreative.effects.offset" locallyApplied="true">
          <property name="offset" type="vec2">
            <kf t="0.000000" v="0.000000,0.000000" />
            <kf t="0.630906" v="2000.000000,0.000000" e="cubicBezier 0.0 0.0 0.0 1.0" />
            <kf t="1.000000" v="0.000000,0.000000" e="cubicBezier 1.0 0.0 1.0 0.5852167" />
          </property>
          <property name="feather" type="float" value="0.000000" />
          <property name="mask" type="bool" value="false" />
        </effect>
        <effect id="com.alightcreative.effects.tile" locallyApplied="true">
          <property name="scale" type="float" value="1.005000" />
          <property name="phase" type="float" value="0.000000" />
          <property name="mirror" type="bool" value="false" />
          <property name="vertoffs" type="bool" value="false" />
          <property name="angle" type="float" value="0.000000" />
        </effect>
        <property name="size" type="vec2" value="960.000000,540.000000" />
      </shape>
      <shape id="10221368" label="Rectangle 1" startTime="0" endTime="1015" fillType="color" blending="mask" mediaFillMode="fill" s=".rect">
        <transform lockAspectRatio="false">
          <location value="960.000061,540.000000,0.000000" />
          <scale value="9.600000,1.970001" />
        </transform>
        <fillColor value="#ff593a96" />
        <property name="size" type="vec2" value="100.000000,100.000000" />
      </shape>
    </scene>
  </embedScene>
  <embedScene id="10221377" label="Group and Mask 1 Copy" startTime="0" endTime="1016" fillType="intrinsic" mediaFillMode="fill">
    <transform>
      <location>
        <kf t="0.630906" v="541.423706,384.500000,0.000000" e="cubicBezier 0.0 0.0 0.0 1.0" />
        <kf t="0.007874" v="912.923706,512.000000,0.000000" />
        <kf t="1.000000" v="541.423706,523.000000,0.000000" e="cubicBezier 1.0 0.0 1.0 1.0" />
      </location>
      <rotation>
        <kf t="0.630906" v="9.878049" e="cubicBezier 0.0 0.0 0.0 1.0" />
        <kf t="0.000000" v="0.000000" />
        <kf t="1.000000" v="-10.975616" e="cubicBezier 1.0 0.0 1.0 1.0" />
      </rotation>
    </transform>
    <fillColor value="#ff000000" />
    <effect id="com.alightcreative.effects.flip3" locallyApplied="true">
      <property name="angle" type="float">
        <kf t="0.630906" v="-27.900000" e="cubicBezier 0.0 0.0 0.0 1.0" />
        <kf t="0.007874" v="0.000000" />
      </property>
      <property name="axis" type="float" value="151.000000" />
      <property name="crop" type="float" value="1.000000" />
      <property name="zdist" type="float" value="0.000000" />
      <property name="solid" type="bool" value="false" />
      <property name="solidColor" type="color" value="#ffdd4455" />
      <property name="thickness" type="float" value="1.000000" />
      <property name="enableLight" type="bool" value="false" />
      <property name="lightIntensity" type="float" value="1.000000" />
      <property name="lightColor" type="color" value="#ffffffff" />
      <property name="shine" type="float" value="0.800000" />
      <property name="spec" type="float" value="30.000000" />
      <property name="ambient" type="float" value="0.100000" />
      <property name="lightDir" type="vec2" value="75.000000,-75.000000" />
      <property name="lightDepth" type="float" value="-100.000000" />
    </effect>
    <border direction="inside" id="1" />
    <scene title="" width="1920" height="1080" exportWidth="1920" exportHeight="1080" precompose="dynamicResolution" bgcolor="#00000000" totalTime="1016" fps="60" modifiedTime="0" amver="1000516" ffver="106" am="com.alightcreative.motion/5.0.196.1000570" amplatform="android" retime="off" retimeAdaptFPS="false">
      <shape id="10221364" label="New Project [6BCB6AA].mp4" startTime="0" endTime="1016" fillType="media" fillVideo="content://media/external/video/media/1000228089" inTime="13933" outTime="14949" mediaFillMode="fill" s=".rect">
        <transform>
          <location value="960.000061,540.000000,0.000000" />
          <scale value="0.354687,0.354687" />
        </transform>
        <effect id="com.alightcreative.effects.offset" locallyApplied="true">
          <property name="offset" type="vec2">
            <kf t="0.000000" v="0.000000,0.000000" />
            <kf t="0.630906" v="2000.000000,0.000000" e="cubicBezier 0.0 0.0 0.0 1.0" />
            <kf t="1.000000" v="0.000000,0.000000" e="cubicBezier 1.0 0.0 1.0 0.5852167" />
          </property>
          <property name="feather" type="float" value="0.000000" />
          <property name="mask" type="bool" value="false" />
        </effect>
        <effect id="com.alightcreative.effects.tile" locallyApplied="true">
          <property name="scale" type="float" value="1.005000" />
          <property name="phase" type="float" value="0.000000" />
          <property name="mirror" type="bool" value="false" />
          <property name="vertoffs" type="bool" value="false" />
          <property name="angle" type="float" value="0.000000" />
        </effect>
        <property name="size" type="vec2" value="960.000000,540.000000" />
      </shape>
      <shape id="10221368" label="Rectangle 1" startTime="0" endTime="1015" fillType="color" blending="mask" mediaFillMode="fill" s=".rect">
        <transform lockAspectRatio="false">
          <location value="960.000061,540.000000,0.000000" />
          <scale value="9.600000,1.970001" />
        </transform>
        <fillColor value="#ff593a96" />
        <property name="size" type="vec2" value="100.000000,100.000000" />
      </shape>
    </scene>
  </embedScene>
  <shape id="10221375" label="IMG_20250517_142644-removebg-preview.png" startTime="0" endTime="1015" fillType="media" blending="linear-dodge" fillImage="content://media/external/images/media/1000228141" mediaFillMode="fill" s=".rect">
    <transform>
      <location>
        <kf t="0.631527" v="446.000000,553.000000,0.000000" e="cubicBezier 0.0 0.0 0.0 1.0" />
        <kf t="0.000000" v="446.000000,1448.500000,0.000000" />
      </location>
      <scale value="0.666667,0.666667" />
    </transform>
    <effect id="com.alightcreative.effects.ridges2" locallyApplied="true">
      <property name="octaves" type="float" value="9.000000" />
      <property name="offs" type="vec2">
        <kf t="0.000000" v="0.000000,0.000000" />
        <kf t="4.012598" v="0.000000,-2502.000000" />
        <kf t="0.996999" v="0.000000,-1671.000000" />
      </property>
      <property name="evolution" type="float" value="0.000000" />
      <property name="scale" type="float" value="1.000000" />
      <property name="stretch" type="vec2" value="1.000000,1.000000" />
      <property name="intensity" type="float" value="1.000000" />
      <property name="seed" type="float" value="0.000000" />
      <property name="color1" type="color" value="#ffffffff" />
      <property name="color2" type="color" value="#ff000000" />
    </effect>
    <effect id="com.alightcreative.effects.brightcont2" locallyApplied="false">
      <property name="brightness" type="float" value="-0.400000" />
      <property name="contrast" type="float" value="1.900000" />
    </effect>
    <effect id="com.alightcreative.effects.satvib" locallyApplied="false">
      <property name="saturation" type="float" value="1.000000" />
      <property name="vib" type="float" value="2.000000" />
    </effect>
    <effect id="com.alightcreative.effects.softglow" locallyApplied="false">
      <property name="blend" type="float" value="0.000000" />
      <property name="brightness" type="float" value="2.000000" />
      <property name="contrast" type="float" value="1.000000" />
      <property name="highlights" type="float" value="1.000000" />
      <property name="outsideAlpha" type="float" value="0.800000" />
      <property name="strength" type="float" value="0.500000" />
      <property name="color" type="color" value="#ffff5566" />
      <property name="alpha" type="float" value="1.000000" />
    </effect>
    <effect id="com.alightcreative.effects.pulsate2" locallyApplied="false">
      <property name="freq" type="float" value="0.000000" />
      <property name="maxsize" type="float" value="1.040000" />
      <property name="minsize" type="float" value="1.000000" />
      <property name="phase" type="float" value="0.000000" />
      <property name="type" type="int" value="0" />
    </effect>
    <property name="size" type="vec2" value="520.500000,540.000000" />
  </shape>
  <shape id="10221387" label="IMG_20250517_142644-removebg-preview.png Copy" startTime="0" endTime="1015" fillType="media" fillImage="content://media/external/images/media/1000228141" mediaFillMode="fill" s=".rect">
    <transform>
      <location>
        <kf t="0.631527" v="446.000000,553.000000,0.000000" e="cubicBezier 0.0 0.0 0.0 1.0" />
        <kf t="0.000000" v="446.000000,1448.500000,0.000000" />
      </location>
      <scale value="0.666667,0.666667" />
    </transform>
    <property name="size" type="vec2" value="520.500000,540.000000" />
  </shape>
  <embedScene id="10221379" label="Group and Mask 2 Copy" startTime="1000" endTime="2115" fillType="intrinsic" mediaFillMode="fill">
    <transform>
      <location>
        <kf t="0.590135" v="502.000000,565.672180,0.000000" e="cubicBezier 0.0 0.0 0.0 1.0" />
        <kf t="0.000000" v="502.000000,623.172180,0.000000" />
      </location>
      <scale value="1.116146,1.116146" />
      <rotation>
        <kf t="0.590135" v="-10.975616" e="cubicBezier 0.0 0.0 0.0 1.0" />
        <kf t="0.000000" v="0.000000" />
      </rotation>
      <opacity value="0.781250" />
    </transform>
    <fillColor value="#ff000000" />
    <effect id="com.alightcreative.effects.flip3" locallyApplied="true">
      <property name="angle" type="float" value="-27.500000" />
      <property name="axis" type="float" value="211.000000" />
      <property name="crop" type="float" value="1.000000" />
      <property name="zdist" type="float" value="0.000000" />
      <property name="solid" type="bool" value="false" />
      <property name="solidColor" type="color" value="#ffdd4455" />
      <property name="thickness" type="float" value="1.000000" />
      <property name="enableLight" type="bool" value="false" />
      <property name="lightIntensity" type="float" value="1.000000" />
      <property name="lightColor" type="color" value="#ffffffff" />
      <property name="shine" type="float" value="0.800000" />
      <property name="spec" type="float" value="30.000000" />
      <property name="ambient" type="float" value="0.100000" />
      <property name="lightDir" type="vec2" value="75.000000,-75.000000" />
      <property name="lightDepth" type="float" value="-100.000000" />
    </effect>
    <border direction="inside" id="1" />
    <scene title="" width="1920" height="1080" exportWidth="1920" exportHeight="1080" precompose="dynamicResolution" bgcolor="#00000000" totalTime="1115" fps="60" modifiedTime="0" amver="1000516" ffver="106" am="com.alightcreative.motion/5.0.196.1000570" amplatform="android" retime="off" retimeAdaptFPS="false">
      <shape id="10221367" label="New Project [6BCB6AA].mp4" startTime="16" endTime="1115" fillType="media" fillVideo="content://media/external/video/media/1000228089" inTime="14933" outTime="16032" mediaFillMode="fill" s=".rect">
        <transform>
          <location value="960.000061,540.000000,0.000000" />
          <scale value="0.354688,0.354688" />
        </transform>
        <effect id="com.alightcreative.effects.offset" locallyApplied="true">
          <property name="offset" type="vec2">
            <kf t="0.584167" v="0.000000,0.000000" e="cubicBezier 0.0 0.0 0.0 1.0" />
            <kf t="0.000000" v="2000.000000,0.000000" />
          </property>
          <property name="feather" type="float" value="0.000000" />
          <property name="mask" type="bool" value="false" />
        </effect>
        <effect id="com.alightcreative.effects.tile" locallyApplied="true">
          <property name="scale" type="float" value="1.005000" />
          <property name="phase" type="float" value="0.000000" />
          <property name="mirror" type="bool" value="false" />
          <property name="vertoffs" type="bool" value="false" />
          <property name="angle" type="float" value="0.000000" />
        </effect>
        <property name="size" type="vec2" value="960.000000,540.000000" />
      </shape>
      <shape id="10221370" label="Rectangle 1" startTime="0" endTime="1115" fillType="color" blending="mask" mediaFillMode="fill" s=".rect">
        <transform lockAspectRatio="false">
          <location value="960.000061,540.000000,0.000000" />
          <scale value="9.600000,1.970001" />
        </transform>
        <fillColor value="#ff593a96" />
        <property name="size" type="vec2" value="100.000000,100.000000" />
      </shape>
    </scene>
  </embedScene>
  <embedScene id="10221380" label="Group and Mask 2 Copy 2" startTime="1000" endTime="2115" fillType="intrinsic" outTime="1115" mediaFillMode="fill">
    <transform>
      <location>
        <kf t="0.590135" v="502.000000,565.672180,0.000000" e="cubicBezier 0.0 0.0 0.0 1.0" />
        <kf t="0.000000" v="502.000000,623.172180,0.000000" />
      </location>
      <rotation>
        <kf t="0.590135" v="-10.975616" e="cubicBezier 0.0 0.0 0.0 1.0" />
        <kf t="0.000000" v="0.000000" />
      </rotation>
    </transform>
    <fillColor value="#ff000000" />
    <effect id="com.alightcreative.effects.flip3" locallyApplied="true">
      <property name="angle" type="float" value="-27.500000" />
      <property name="axis" type="float" value="211.000000" />
      <property name="crop" type="float" value="1.000000" />
      <property name="zdist" type="float" value="0.000000" />
      <property name="solid" type="bool" value="false" />
      <property name="solidColor" type="color" value="#ffdd4455" />
      <property name="thickness" type="float" value="1.000000" />
      <property name="enableLight" type="bool" value="false" />
      <property name="lightIntensity" type="float" value="1.000000" />
      <property name="lightColor" type="color" value="#ffffffff" />
      <property name="shine" type="float" value="0.800000" />
      <property name="spec" type="float" value="30.000000" />
      <property name="ambient" type="float" value="0.100000" />
      <property name="lightDir" type="vec2" value="75.000000,-75.000000" />
      <property name="lightDepth" type="float" value="-100.000000" />
    </effect>
    <border direction="inside" id="1" />
    <scene title="" width="1920" height="1080" exportWidth="1920" exportHeight="1080" precompose="dynamicResolution" bgcolor="#00000000" totalTime="1115" fps="60" modifiedTime="0" amver="1000516" ffver="106" am="com.alightcreative.motion/5.0.196.1000570" amplatform="android" retime="off" retimeAdaptFPS="false">
      <shape id="10221367" label="New Project [6BCB6AA].mp4" startTime="16" endTime="1115" fillType="media" fillVideo="content://media/external/video/media/1000228089" inTime="14933" outTime="16032" mediaFillMode="fill" s=".rect">
        <transform>
          <location value="960.000061,540.000000,0.000000" />
          <scale value="0.354688,0.354688" />
        </transform>
        <effect id="com.alightcreative.effects.offset" locallyApplied="true">
          <property name="offset" type="vec2">
            <kf t="1.000000" v="0.000000,0.000000" e="cubicBezier 0.0 0.0 0.0 1.0" />
            <kf t="0.000000" v="2000.000000,0.000000" />
          </property>
          <property name="feather" type="float" value="0.000000" />
          <property name="mask" type="bool" value="false" />
        </effect>
        <effect id="com.alightcreative.effects.tile" locallyApplied="true">
          <property name="scale" type="float" value="1.005000" />
          <property name="phase" type="float" value="0.000000" />
          <property name="mirror" type="bool" value="false" />
          <property name="vertoffs" type="bool" value="false" />
          <property name="angle" type="float" value="0.000000" />
        </effect>
        <property name="size" type="vec2" value="960.000000,540.000000" />
      </shape>
      <shape id="10221370" label="Rectangle 1" startTime="0" endTime="1115" fillType="color" blending="mask" mediaFillMode="fill" s=".rect">
        <transform lockAspectRatio="false">
          <location value="960.000061,540.000000,0.000000" />
          <scale value="9.600000,1.970001" />
        </transform>
        <fillColor value="#ff593a96" />
        <property name="size" type="vec2" value="100.000000,100.000000" />
      </shape>
    </scene>
  </embedScene>
  <shape id="10221386" label="particle_ring_-_AE_Test(1080p).mp4 Copy" startTime="1000" endTime="2115" fillType="media" blending="screen" fillVideo="content://media/external/video/media/1000230401" inTime="717" outTime="4062" speed="3.000000" mediaFillMode="fill" s=".rect">
    <transform>
      <location value="1542.265137,859.182434,0.000000" />
    </transform>
    <effect id="com.alightcreative.effects.flip3" locallyApplied="true">
      <property name="angle" type="float" value="-79.200005" />
      <property name="axis" type="float" value="90.000000" />
      <property name="crop" type="float" value="1.000000" />
      <property name="zdist" type="float" value="0.000000" />
      <property name="solid" type="bool" value="false" />
      <property name="solidColor" type="color" value="#ffdd4455" />
      <property name="thickness" type="float" value="1.000000" />
      <property name="enableLight" type="bool" value="false" />
      <property name="lightIntensity" type="float" value="1.000000" />
      <property name="lightColor" type="color" value="#ffffffff" />
      <property name="shine" type="float" value="0.800000" />
      <property name="spec" type="float" value="30.000000" />
      <property name="ambient" type="float" value="0.100000" />
      <property name="lightDir" type="vec2" value="75.000000,-75.000000" />
      <property name="lightDepth" type="float" value="-100.000000" />
    </effect>
    <effect id="com.alightcreative.effects.satvib" locallyApplied="true">
      <property name="saturation" type="float" value="-1.000000" />
      <property name="vib" type="float" value="1.000000" />
    </effect>
    <property name="size" type="vec2" value="960.000000,540.000000" />
  </shape>
  <shape id="10221376" label="IMG_20250517_142644-removebg-preview.png" startTime="633" endTime="2115" fillType="media" blending="linear-dodge" fillImage="content://media/external/images/media/1000228141" mediaFillMode="fill" s=".rect">
    <transform>
      <location value="1490.500000,565.799011,0.000000" />
      <scale value="0.660185,0.660185" />
    </transform>
    <effect id="com.alightcreative.effects.ridges2" locallyApplied="true">
      <property name="octaves" type="float" value="9.000000" />
      <property name="offs" type="vec2">
        <kf t="0.000000" v="0.000000,0.000000" />
        <kf t="4.012598" v="0.000000,-2502.000000" />
        <kf t="0.996999" v="0.000000,-1671.000000" />
      </property>
      <property name="evolution" type="float" value="0.000000" />
      <property name="scale" type="float" value="1.000000" />
      <property name="stretch" type="vec2" value="1.000000,1.000000" />
      <property name="intensity" type="float" value="1.000000" />
      <property name="seed" type="float" value="0.000000" />
      <property name="color1" type="color" value="#ffffffff" />
      <property name="color2" type="color" value="#ff000000" />
    </effect>
    <effect id="com.alightcreative.effects.brightcont2" locallyApplied="false">
      <property name="brightness" type="float" value="-0.400000" />
      <property name="contrast" type="float" value="1.900000" />
    </effect>
    <effect id="com.alightcreative.effects.satvib" locallyApplied="false">
      <property name="saturation" type="float" value="1.000000" />
      <property name="vib" type="float" value="2.000000" />
    </effect>
    <effect id="com.alightcreative.effects.softglow" locallyApplied="false">
      <property name="blend" type="float" value="0.000000" />
      <property name="brightness" type="float" value="2.000000" />
      <property name="contrast" type="float" value="1.000000" />
      <property name="highlights" type="float" value="1.000000" />
      <property name="outsideAlpha" type="float" value="0.800000" />
      <property name="strength" type="float" value="0.500000" />
      <property name="color" type="color" value="#ffff5566" />
      <property name="alpha" type="float" value="1.000000" />
    </effect>
    <effect id="com.alightcreative.effects.pulsate2" locallyApplied="false">
      <property name="freq" type="float" value="0.000000" />
      <property name="maxsize" type="float" value="1.040000" />
      <property name="minsize" type="float" value="1.000000" />
      <property name="phase" type="float" value="0.000000" />
      <property name="type" type="int" value="0" />
    </effect>
    <property name="size" type="vec2" value="520.500000,540.000000" />
  </shape>
  <shape id="10221388" label="IMG_20250517_142644-removebg-preview.png Copy 2" startTime="633" endTime="2115" fillType="media" fillImage="content://media/external/images/media/1000228141" mediaFillMode="fill" s=".rect">
    <transform>
      <location value="1490.500000,565.799011,0.000000" />
      <scale value="0.660185,0.660185" />
    </transform>
    <property name="size" type="vec2" value="520.500000,540.000000" />
  </shape>
  <camera id="10221384" label="Camera 1" startTime="0" endTime="1015" mediaFillMode="fill" type="perspective">
    <transform>
      <location>
        <kf t="0.631527" v="631.514282,434.176086,-986.768799" e="cubicBezier 0.0 0.0 0.0 1.0" />
        <kf t="0.993103" v="1459.872925,517.232361,-1248.768799" e="cubicBezier 1.0 0.0 1.0 0.12458873" />
        <kf t="0.007882" v="926.112549,539.211853,-1578.292236" />
      </location>
    </transform>
    <fov value="60.000000" />
    <focus-blur enabled="false">
      <strength value="0.500000" />
      <depth-of-field value="166.276886" />
      <distance value="1662.768799" />
    </focus-blur>
    <fog enabled="false">
      <near-z value="1662.768799" />
      <far-z value="3325.537598" />
    </fog>
  </camera>
  <camera id="10221385" label="Camera 2" startTime="1000" endTime="2115" mediaFillMode="fill" type="perspective">
    <transform>
      <location>
        <kf t="0.590135" v="1402.393921,558.682861,-1248.768799" e="cubicBezier 0.0 0.0 0.0 1.0" />
        <kf t="0.000000" v="735.082153,426.137939,-1122.268799" />
      </location>
    </transform>
    <fov value="60.000000" />
    <focus-blur enabled="false">
      <strength value="0.500000" />
      <depth-of-field value="166.276886" />
      <distance value="1662.768799" />
    </focus-blur>
    <fog enabled="false">
      <near-z value="1662.768799" />
      <far-z value="3325.537598" />
    </fog>
  </camera>
</scene>