<?xml version='1.0' encoding='UTF-8' ?><!--
Created by Alight Motion (http://alightmotion.com)
Exported: 2025-04-11 10:30 AM
5.0.270.1002578 (1002351)
6dff462 (Apr 11, 2024 5:47:55 PM)
-->
<scene title="Wipe transition by virus 89" width="1920" height="885" exportWidth="1920" exportHeight="885" precompose="dynamicResolution" bgcolor="#ff000000" totalTime="2015" fps="60" modifiedTime="1744349441595" amver="1002351" ffver="106" am="com.alightcreative.motioo/5.0.270.1002578" amplatform="android" retime="freeze" retimeAdaptFPS="false">
  <media uri="content://media/external/images/media/1000065503" type="image/jpeg" duration="0" orientation="0" infoUpdated="1744287479181" width="0" height="0" />
  <media uri="content://media/external/video/media/1000066938" type="video/mp4" duration="6014000" orientation="0" infoUpdated="1744287479181" width="1920" height="1080" />
  <media uri="content://media/external/images/media/1000066875" type="image/jpeg" duration="0" orientation="0" infoUpdated="1744287479181" width="0" height="0" />
  <shape id="10219361" label="f9cd19cc019bb473fd903f3d1f7c310d.jpg" startTime="0" endTime="2015" fillType="media" fillImage="content://media/external/images/media/1000065503" mediaFillMode="fill" s=".rect">
    <transform>
      <location value="960.000000,442.500000,0.000000" />
      <scale value="1.241112,1.241112" />
    </transform>
    <property name="size" type="vec2" value="773.500000,442.500000" />
  </shape>
  <shape id="10219358" label="f9cd19cc019bb473fd903f3d1f7c310d.jpg" startTime="0" endTime="2015" fillType="media" fillVideo="content://media/external/video/media/1000066938" mediaFillMode="fill" s=".rect">
    <transform>
      <location value="960.000000,442.500000,0.000000" />
      <scale>
        <kf t="0.003970" v="1.241112,1.000000" />
        <kf t="0.376179" v="0.539754,0.434896" e="cubicBezier 0.0 1.0 1.0 1.0" />
      </scale>
    </transform>
    <effect id="com.alightcreative.effects.chromakey" locallyApplied="true">
      <property name="keyColor" type="color" value="#ff0047bb" />
      <property name="threshold" type="float" value="0.209600" />
      <property name="feather" type="float" value="0.050000" />
      <property name="defringe" type="bool" value="true" />
      <property name="invert" type="bool" value="false" />
    </effect>
    <effect id="com.alightcreative.effects.sharpen" locallyApplied="false">
      <property name="strength" type="float" value="0.530000" />
      <property name="radius" type="float" value="1.000000" />
    </effect>
    <effect id="com.alightcreative.effects.stripes" locallyApplied="true">
      <property name="amount" type="float" value="14.900001" />
      <property name="width" type="float" value="0.810000" />
      <property name="angle" type="float" value="229.500000" />
      <property name="phase" type="float">
        <kf t="0.000000" v="0.000000" />
        <kf t="1.000000" v="6.980000" />
      </property>
      <property name="color" type="color" value="#ff2d1ef6" />
      <property name="punchout" type="bool" value="true" />
      <property name="smoothing" type="float" value="0.023000" />
      <property name="screenSpace" type="bool" value="false" />
    </effect>
    <effect id="com.alightcreative.effects.rays" hidden="true" locallyApplied="true">
      <property name="centerPoint" type="vec2" value="-50.000000,0.000000" />
      <property name="strength" type="float" value="0.710000" />
      <property name="intensity" type="float" value="0.560000" />
      <property name="threshold" type="float" value="0.600000" />
      <property name="thresholdColor" type="color" value="#ff000000" />
      <property name="fillColor" type="color" value="#ff2d1ef6" />
      <property name="blend" type="float" value="0.000000" />
      <property name="quality" type="float" value="150.000000" />
    </effect>
    <effect id="com.alightcreative.solidcolor" locallyApplied="true">
      <property name="color" type="color" value="#ffff0000" />
      <property name="alpha" type="float" value="1.000000" />
      <property name="blendMode" type="int" value="0" />
    </effect>
    <effect id="com.alightcreative.effects.softglow" locallyApplied="true">
      <property name="strength" type="float" value="0.100000" />
      <property name="brightness" type="float" value="1.000000" />
      <property name="contrast" type="float" value="0.200000" />
      <property name="highlights" type="float" value="0.500000" />
      <property name="color" type="color" value="#ffff5566" />
      <property name="blend" type="float" value="0.000000" />
      <property name="alpha" type="float" value="1.000000" />
      <property name="outsideAlpha" type="float" value="0.480000" />
    </effect>
    <effect id="com.alightcreative.effects.deepglow" hidden="true" locallyApplied="true">
      <property name="strength" type="float" value="0.150000" />
      <property name="rrr" type="float" value="1.500000" />
      <property name="satvib" type="vec2" value="0.000000,1.000000" />
      <property name="hue" type="float" value="360.000000" />
      <property name="oalpha" type="float" value="1.000000" />
      <property name="calpha" type="float" value="1.000000" />
      <property name="sshadow" type="bool" value="false" />
      <property name="power" type="float" value="0.150000" />
      <property name="alphaa" type="float" value="0.750000" />
      <property name="cblend" type="bool" value="false" />
      <property name="color" type="color" value="#ffaa0000" />
      <property name="alpb" type="float" value="0.500000" />
      <property name="thrs" type="bool" value="false" />
      <property name="lowThreshold" type="float" value="0.000000" />
      <property name="highThreshold" type="float" value="1.000000" />
      <property name="feather" type="float" value="3.000000" />
      <property name="iter" type="float" value="1.000000" />
    </effect>
    <effect id="com.alightcreative.effects.hueshift" locallyApplied="true">
      <property name="hue" type="float">
        <kf t="0.003937" v="0.000000" />
        <kf t="1.000000" v="739.000000" />
      </property>
    </effect>
    <effect id="com.alightcreative.effects.fractalwarp4" locallyApplied="true">
      <property name="offs" type="vec2">
        <kf t="0.002127" v="0.000000,0.000000" />
        <kf t="1.500039" v="0.000000,-2359.000000" />
        <kf t="0.992403" v="0.000000,-1174.000000" />
      </property>
      <property name="mag" type="float" value="0.025000" />
      <property name="scale" type="float" value="3.950000" />
      <property name="intensity" type="float" value="0.750000" />
      <property name="screenSpace" type="bool" value="true" />
      <property name="octaves" type="float" value="3.000000" />
      <property name="parr" type="vec2" value="320.000000,0.000000" />
    </effect>
    <effect id="com.alightcreative.effects.deepglow" locallyApplied="true">
      <property name="strength" type="float" value="1.045000" />
      <property name="rrr" type="float" value="1.500000" />
      <property name="satvib" type="vec2" value="0.000000,1.000000" />
      <property name="hue" type="float" value="360.000000" />
      <property name="oalpha" type="float" value="1.000000" />
      <property name="calpha" type="float" value="1.000000" />
      <property name="sshadow" type="bool" value="false" />
      <property name="power" type="float" value="0.150000" />
      <property name="alphaa" type="float" value="0.750000" />
      <property name="cblend" type="bool" value="false" />
      <property name="color" type="color" value="#ffaa0000" />
      <property name="alpb" type="float" value="0.500000" />
      <property name="thrs" type="bool" value="false" />
      <property name="lowThreshold" type="float" value="0.000000" />
      <property name="highThreshold" type="float" value="1.000000" />
      <property name="feather" type="float" value="3.000000" />
      <property name="iter" type="float" value="1.000000" />
    </effect>
    <effect id="com.alightcreative.effects.deepglow2" locallyApplied="true">
      <property name="bmode" type="int" value="2" />
      <property name="overd" type="bool" value="false" />
      <property name="strength" type="float" value="1.495000" />
      <property name="oalpha" type="float" value="0.750000" />
      <property name="lowThreshold" type="float" value="0.100000" />
      <property name="highThreshold" type="float" value="1.000000" />
      <property name="feather" type="float" value="0.300000" />
      <property name="satvib" type="vec2" value="0.000000,1.000000" />
      <property name="hue" type="float" value="360.000000" />
      <property name="calpha" type="float" value="1.000000" />
      <property name="GCE" type="bool" value="false" />
      <property name="CHROM" type="bool" value="false" />
      <property name="strengthhh" type="float" value="0.150000" />
      <property name="angleee" type="float" value="0.000000" />
      <property name="centerChannel" type="int" value="1" />
      <property name="cblend" type="bool" value="false" />
      <property name="cmode" type="int" value="0" />
      <property name="colblend" type="color" value="#ffffa800" />
      <property name="alpb" type="float" value="0.500000" />
      <property name="iter" type="float" value="1.000000" />
    </effect>
    <border direction="inside" id="1" />
    <property name="size" type="vec2" value="773.500000,442.500000" />
  </shape>
  <shape id="10220910" label="f9cd19cc019bb473fd903f3d1f7c310d.jpg Copy" startTime="0" endTime="2015" fillType="media" fillVideo="content://media/external/video/media/1000066938" mediaFillMode="fill" s=".rect">
    <transform lockAspectRatio="false">
      <location value="960.000000,442.500000,0.000000" />
      <scale>
        <kf t="0.003970" v="1.241112,1.000000" />
        <kf t="0.376179" v="0.520362,0.391800" e="cubicBezier 0.0 1.0 1.0 1.0" />
      </scale>
    </transform>
    <border direction="inside" id="1" />
    <property name="size" type="vec2" value="773.500000,442.500000" />
  </shape>
  <shape id="10220911" label="VID-20231206-WA0015.mp4 Copy" startTime="750" endTime="2015" fillType="media" fillImage="content://media/external/images/media/1000066875" mediaFillMode="fill" s=".rect">
    <transform>
      <location>
        <kf t="0.000000" v="960.500000,886.829163,0.000000" />
        <kf t="0.467194" v="960.500000,440.886658,0.000000" e="cubicBezier 0.0 1.0 1.0 1.0" />
      </location>
      <scale value="0.438542,0.479147" />
    </transform>
    <effect id="com.alightcreative.effects.wipe2" locallyApplied="true">
      <property name="start" type="float" value="0.500000" />
      <property name="end" type="float" value="1.000000" />
      <property name="angle" type="float" value="90.000000" />
      <property name="feather" type="float" value="0.000000" />
    </effect>
    <gain value="0.000000" />
    <path-stroke direction="centered" end-size="1.500000">
      <color value="#ffffffff" />
    </path-stroke>
    <property name="size" type="vec2" value="960.000000,405.000000" />
  </shape>
  <shape id="10220912" label="VID-20231206-WA0015.mp4 Copy 2" startTime="750" endTime="2015" fillType="media" fillImage="content://media/external/images/media/1000066875" mediaFillMode="fill" s=".rect">
    <transform>
      <location>
        <kf t="0.000000" v="963.000000,-6.811157,0.000000" />
        <kf t="0.467194" v="961.000000,443.883087,0.000000" e="cubicBezier 0.0 1.0 1.0 1.0" />
      </location>
      <scale value="0.438021,0.478579" />
    </transform>
    <effect id="com.alightcreative.effects.wipe2" locallyApplied="true">
      <property name="start" type="float" value="0.000000" />
      <property name="end" type="float" value="0.500000" />
      <property name="angle" type="float" value="90.000000" />
      <property name="feather" type="float" value="0.000000" />
    </effect>
    <gain value="0.000000" />
    <path-stroke direction="centered" end-size="1.500000">
      <color value="#ffffffff" />
    </path-stroke>
    <property name="size" type="vec2" value="960.000000,405.000000" />
  </shape>
</scene>